<?xml version="1.0" encoding="UTF-8"?>
<vivadoHLSLog:LogRoot xmlns:vivadoHLSLog="www.xilinx.com/vivadoHLSLog">
  <errorLogs>
    <logs>
      <synLog/>
    </logs>
  </errorLogs>
  <warningLogs>
    <logs>
      <synLog>
        <logs message="WARNING: [RTGEN 206-101] Setting dangling out port 'Array2Mat_1/fb_Din_A' to 0." projectName="DVS" solutionName="solution1" date="2020-04-21T15:04:40.338+0100" type="Warning"/>
        <logs message="WARNING: [RTGEN 206-101] Setting dangling out port 'Array2Mat_1/fb_WEN_A' to 0." projectName="DVS" solutionName="solution1" date="2020-04-21T15:04:40.291+0100" type="Warning"/>
        <logs message="WARNING: [RTGEN 206-101] Setting dangling out port 'Array2Mat/fb_Din_A' to 0." projectName="DVS" solutionName="solution1" date="2020-04-21T15:04:39.016+0100" type="Warning"/>
        <logs message="WARNING: [RTGEN 206-101] Setting dangling out port 'Array2Mat/fb_WEN_A' to 0." projectName="DVS" solutionName="solution1" date="2020-04-21T15:04:38.969+0100" type="Warning"/>
        <logs message="WARNING: [SCHED 204-21] The critical path consists of the following:&#xD;&#xA;&#x9;'mul' operation ('r.V', C:/Xilinx/Vivado/2017.4/common/technology/autopilot/hls/hls_video_imgproc.h:1475->C:/Xilinx/Vivado/2017.4/common/technology/autopilot/hls/hls_video_imgproc.h:1525->C:/Xilinx/Vivado/2017.4/common/technology/autopilot/hls/hls_video_imgproc.h:1952) (3.36 ns)&#xD;&#xA;&#x9;'add' operation ('__Val2__', C:/Xilinx/Vivado/2017.4/common/technology/autopilot/hls/hls_video_imgproc.h:1477->C:/Xilinx/Vivado/2017.4/common/technology/autopilot/hls/hls_video_imgproc.h:1525->C:/Xilinx/Vivado/2017.4/common/technology/autopilot/hls/hls_video_imgproc.h:1952) (3.02 ns)&#xD;&#xA;&#x9;'add' operation ('r.V', C:/Xilinx/Vivado/2017.4/common/technology/autopilot/hls/hls_video_imgproc.h:1477->C:/Xilinx/Vivado/2017.4/common/technology/autopilot/hls/hls_video_imgproc.h:1525->C:/Xilinx/Vivado/2017.4/common/technology/autopilot/hls/hls_video_imgproc.h:1952) (3.02 ns)" projectName="DVS" solutionName="solution1" date="2020-04-21T15:03:43.323+0100" type="Warning"/>
        <logs message="WARNING: [SCHED 204-21] Estimated clock period (9.4ns) exceeds the target (target clock period: 10ns, clock uncertainty: 1.25ns, effective delay budget: 8.75ns)." projectName="DVS" solutionName="solution1" date="2020-04-21T15:03:43.291+0100" type="Warning"/>
        <logs message="WARNING: [SYN 201-103] Legalizing function name 'Mat2Array.1' to 'Mat2Array_1'." projectName="DVS" solutionName="solution1" date="2020-04-21T15:03:33.612+0100" type="Warning"/>
        <logs message="WARNING: [SYN 201-103] Legalizing function name 'Array2Mat.1' to 'Array2Mat_1'." projectName="DVS" solutionName="solution1" date="2020-04-21T15:03:33.471+0100" type="Warning"/>
        <logs message="WARNING: [SYN 201-103] Legalizing function name 'Block__proc' to 'Block_proc'." projectName="DVS" solutionName="solution1" date="2020-04-21T15:03:33.456+0100" type="Warning"/>
        <logs message="WARNING: [ANALYSIS 214-52] Found false inter dependency for variable 'k_buf.val.val.1.0'." projectName="DVS" solutionName="solution1" date="2020-04-21T15:03:33.155+0100" type="Warning"/>
        <logs message="WARNING: [ANALYSIS 214-52] Found false inter dependency for variable 'k_buf.val.val.0.0'." projectName="DVS" solutionName="solution1" date="2020-04-21T15:03:29.437+0100" type="Warning"/>
        <logs message="WARNING: [ANALYSIS 214-52] Found false intra dependency for variable 'k_buf.val.val.1.0'." projectName="DVS" solutionName="solution1" date="2020-04-21T15:03:29.406+0100" type="Warning"/>
        <logs message="WARNING: [ANALYSIS 214-52] Found false intra dependency for variable 'k_buf.val.val.0.0'." projectName="DVS" solutionName="solution1" date="2020-04-21T15:03:29.359+0100" type="Warning"/>
        <logs message="WARNING: [ANALYSIS 214-52] Found false inter dependency for variable 'k_buf.val.val.1.0'." projectName="DVS" solutionName="solution1" date="2020-04-21T15:03:29.296+0100" type="Warning"/>
        <logs message="WARNING: [ANALYSIS 214-52] Found false inter dependency for variable 'k_buf.val.val.0.0'." projectName="DVS" solutionName="solution1" date="2020-04-21T15:03:29.265+0100" type="Warning"/>
        <logs message="WARNING: [XFORM 203-631] Renaming function 'hls::AXIvideo2Mat&lt;24, 720, 1280, 4096>' to 'AXIvideo2Mat' (C:/Xilinx/Vivado/2017.4/common/technology/autopilot/hls/hls_video_io.h:49:9)" projectName="DVS" solutionName="solution1" date="2020-04-21T15:03:29.218+0100" type="Warning"/>
        <logs message="WARNING: [XFORM 203-631] Renaming function 'hls::AbsDiff&lt;640, 640, 0, 0, 0>' to 'AbsDiff' (C:/Xilinx/Vivado/2017.4/common/technology/autopilot/hls/hls_video_arithm.h:150:50)" projectName="DVS" solutionName="solution1" date="2020-04-21T15:03:27.598+0100" type="Warning"/>
        <logs message="WARNING: [XFORM 203-631] Renaming function 'hls::Array2Mat&lt;640, unsigned char, 640, 640, 0>' to 'Array2Mat.1' (C:/Xilinx/Vivado/2017.4/common/technology/autopilot/hls/hls_video_io.h:197:9)" projectName="DVS" solutionName="solution1" date="2020-04-21T15:03:27.566+0100" type="Warning"/>
        <logs message="WARNING: [XFORM 203-631] Renaming function 'hls::Array2Mat&lt;640, unsigned char, 640, 640, 0>.1' to 'Array2Mat' (C:/Xilinx/Vivado/2017.4/common/technology/autopilot/hls/hls_video_io.h:174:46)" projectName="DVS" solutionName="solution1" date="2020-04-21T15:03:27.551+0100" type="Warning"/>
        <logs message="WARNING: [XFORM 203-631] Renaming function 'hls::CvtColor&lt;HLS_RGB2GRAY, 4096, 0, 720, 1280>' to 'CvtColor' (C:/Xilinx/Vivado/2017.4/common/technology/autopilot/hls/hls_video_imgproc.h:409:39)" projectName="DVS" solutionName="solution1" date="2020-04-21T15:03:27.473+0100" type="Warning"/>
        <logs message="WARNING: [XFORM 203-631] Renaming function 'hls::Duplicate&lt;640, 640, 0, 0>' to 'Duplicate' (C:/Xilinx/Vivado/2017.4/common/technology/autopilot/hls/hls_video_arithm.h:617:50)" projectName="DVS" solutionName="solution1" date="2020-04-21T15:03:27.441+0100" type="Warning"/>
        <logs message="WARNING: [XFORM 203-631] Renaming function 'hls::Mat2AXIvideo&lt;24, 640, 640, 0>' to 'Mat2AXIvideo' (C:/Xilinx/Vivado/2017.4/common/technology/autopilot/hls/hls_video_io.h:78:50)" projectName="DVS" solutionName="solution1" date="2020-04-21T15:03:27.410+0100" type="Warning"/>
        <logs message="WARNING: [XFORM 203-631] Renaming function 'hls::Mat2Array&lt;640, unsigned char, 640, 640, 0>' to 'Mat2Array.1' (C:/Xilinx/Vivado/2017.4/common/technology/autopilot/hls/hls_video_io.h:264:9)" projectName="DVS" solutionName="solution1" date="2020-04-21T15:03:27.363+0100" type="Warning"/>
      </synLog>
    </logs>
  </warningLogs>
</vivadoHLSLog:LogRoot>
