<?xml version="1.0" encoding="utf-8"?>
<xd:acceleratorMap xmlns:xd="http://www.xilinx.com/xidane" xd:functionName="DVS" xd:componentRef="DVS" xd:initiationInterval="951172" xd:clockPeriod="10.000" xd:sequential="true" xd:hostMachine="64" xd:reset="control">
  <xd:controlReg xd:name="control" xd:interfaceRef="ap_ctrl" xd:busTypeRef="acc_handshake" xd:type="acc_handshake"/>
  <xd:arg xd:name="INPUT_STREAM.data" xd:originalName="INPUT_STREAM" xd:direction="in" xd:interfaceRef="INPUT_STREAM" xd:busTypeRef="axis" xd:dataWidth="24"/>
  <xd:arg xd:name="INPUT_STREAM.keep" xd:originalName="INPUT_STREAM" xd:direction="in" xd:interfaceRef="INPUT_STREAM" xd:busTypeRef="axis" xd:dataWidth="3"/>
  <xd:arg xd:name="INPUT_STREAM.strb" xd:originalName="INPUT_STREAM" xd:direction="in" xd:interfaceRef="INPUT_STREAM" xd:busTypeRef="axis" xd:dataWidth="3"/>
  <xd:arg xd:name="INPUT_STREAM.user" xd:originalName="INPUT_STREAM" xd:direction="in" xd:interfaceRef="INPUT_STREAM" xd:busTypeRef="axis" xd:dataWidth="1"/>
  <xd:arg xd:name="INPUT_STREAM.last" xd:originalName="INPUT_STREAM" xd:direction="in" xd:interfaceRef="INPUT_STREAM" xd:busTypeRef="axis" xd:dataWidth="1"/>
  <xd:arg xd:name="INPUT_STREAM.id" xd:originalName="INPUT_STREAM" xd:direction="in" xd:interfaceRef="INPUT_STREAM" xd:busTypeRef="axis" xd:dataWidth="1"/>
  <xd:arg xd:name="INPUT_STREAM.dest" xd:originalName="INPUT_STREAM" xd:direction="in" xd:interfaceRef="INPUT_STREAM" xd:busTypeRef="axis" xd:dataWidth="1"/>
  <xd:arg xd:name="OUTPUT_STREAM.data" xd:originalName="OUTPUT_STREAM" xd:direction="out" xd:interfaceRef="OUTPUT_STREAM" xd:busTypeRef="axis" xd:dataWidth="24"/>
  <xd:arg xd:name="OUTPUT_STREAM.keep" xd:originalName="OUTPUT_STREAM" xd:direction="out" xd:interfaceRef="OUTPUT_STREAM" xd:busTypeRef="axis" xd:dataWidth="3"/>
  <xd:arg xd:name="OUTPUT_STREAM.strb" xd:originalName="OUTPUT_STREAM" xd:direction="out" xd:interfaceRef="OUTPUT_STREAM" xd:busTypeRef="axis" xd:dataWidth="3"/>
  <xd:arg xd:name="OUTPUT_STREAM.user" xd:originalName="OUTPUT_STREAM" xd:direction="out" xd:interfaceRef="OUTPUT_STREAM" xd:busTypeRef="axis" xd:dataWidth="1"/>
  <xd:arg xd:name="OUTPUT_STREAM.last" xd:originalName="OUTPUT_STREAM" xd:direction="out" xd:interfaceRef="OUTPUT_STREAM" xd:busTypeRef="axis" xd:dataWidth="1"/>
  <xd:arg xd:name="OUTPUT_STREAM.id" xd:originalName="OUTPUT_STREAM" xd:direction="out" xd:interfaceRef="OUTPUT_STREAM" xd:busTypeRef="axis" xd:dataWidth="1"/>
  <xd:arg xd:name="OUTPUT_STREAM.dest" xd:originalName="OUTPUT_STREAM" xd:direction="out" xd:interfaceRef="OUTPUT_STREAM" xd:busTypeRef="axis" xd:dataWidth="1"/>
  <xd:arg xd:name="readImage[]" xd:originalName="readImage" xd:direction="in" xd:interfaceRef="readImage_PORTA" xd:busTypeRef="bram" xd:firstOut="3" xd:arraySize="409600" xd:dataWidth="8"/>
  <xd:arg xd:name="writeImage[]" xd:originalName="writeImage" xd:direction="out" xd:interfaceRef="writeImage_PORTA" xd:busTypeRef="bram" xd:firstOut="3" xd:arraySize="409600" xd:dataWidth="8"/>
  <xd:latencyEstimates xd:best-case="951171" xd:worst-case="951171" xd:average-case="undef"/>
  <xd:resourceEstimates xd:LUT="10197" xd:FF="9394" xd:BRAM="2" xd:DSP="25"/>
</xd:acceleratorMap>
