<?xml version="1.0" encoding="UTF-8"?>
<vivadoHLSLog:LogRoot xmlns:vivadoHLSLog="www.xilinx.com/vivadoHLSLog">
  <errorLogs>
    <logs>
      <synLog/>
      <simLog/>
      <mgLog/>
      <packageLog/>
      <csimLog/>
    </logs>
  </errorLogs>
  <warningLogs>
    <logs>
      <synLog>
        <logs message="WARNING: [RTGEN 206-101] Setting dangling out port 'Array2Mat_1/fb_Din_A' to 0." projectName="DVS_classication" solutionName="solution1" date="2020-03-04T09:33:53.246+0000" type="Warning"/>
        <logs message="WARNING: [RTGEN 206-101] Setting dangling out port 'Array2Mat_1/fb_WEN_A' to 0." projectName="DVS_classication" solutionName="solution1" date="2020-03-04T09:33:53.121+0000" type="Warning"/>
        <logs message="WARNING: [RTGEN 206-101] Setting dangling out port 'Array2Mat/fb_Din_A' to 0." projectName="DVS_classication" solutionName="solution1" date="2020-03-04T09:33:50.667+0000" type="Warning"/>
        <logs message="WARNING: [RTGEN 206-101] Setting dangling out port 'Array2Mat/fb_WEN_A' to 0." projectName="DVS_classication" solutionName="solution1" date="2020-03-04T09:33:50.636+0000" type="Warning"/>
        <logs message="WARNING: [SCHED 204-21] The critical path consists of the following:&#xD;&#xA;&#x9;'mul' operation ('r.V', C:/Xilinx/Vivado/2017.4/common/technology/autopilot/hls/hls_video_imgproc.h:1475->C:/Xilinx/Vivado/2017.4/common/technology/autopilot/hls/hls_video_imgproc.h:1525->C:/Xilinx/Vivado/2017.4/common/technology/autopilot/hls/hls_video_imgproc.h:1952) (3.36 ns)&#xD;&#xA;&#x9;'add' operation ('__Val2__', C:/Xilinx/Vivado/2017.4/common/technology/autopilot/hls/hls_video_imgproc.h:1477->C:/Xilinx/Vivado/2017.4/common/technology/autopilot/hls/hls_video_imgproc.h:1525->C:/Xilinx/Vivado/2017.4/common/technology/autopilot/hls/hls_video_imgproc.h:1952) (3.02 ns)&#xD;&#xA;&#x9;'add' operation ('r.V', C:/Xilinx/Vivado/2017.4/common/technology/autopilot/hls/hls_video_imgproc.h:1477->C:/Xilinx/Vivado/2017.4/common/technology/autopilot/hls/hls_video_imgproc.h:1525->C:/Xilinx/Vivado/2017.4/common/technology/autopilot/hls/hls_video_imgproc.h:1952) (3.02 ns)" projectName="DVS_classication" solutionName="solution1" date="2020-03-04T09:33:04.823+0000" type="Warning"/>
        <logs message="WARNING: [SCHED 204-21] Estimated clock period (9.4ns) exceeds the target (target clock period: 10ns, clock uncertainty: 1.25ns, effective delay budget: 8.75ns)." projectName="DVS_classication" solutionName="solution1" date="2020-03-04T09:33:04.771+0000" type="Warning"/>
        <logs message="WARNING: [SYN 201-103] Legalizing function name 'Mat2Array.1' to 'Mat2Array_1'." projectName="DVS_classication" solutionName="solution1" date="2020-03-04T09:32:57.718+0000" type="Warning"/>
        <logs message="WARNING: [SYN 201-103] Legalizing function name 'Array2Mat.1' to 'Array2Mat_1'." projectName="DVS_classication" solutionName="solution1" date="2020-03-04T09:32:57.546+0000" type="Warning"/>
        <logs message="WARNING: [SYN 201-103] Legalizing function name 'Block__proc' to 'Block_proc'." projectName="DVS_classication" solutionName="solution1" date="2020-03-04T09:32:57.513+0000" type="Warning"/>
        <logs message="WARNING: [ANALYSIS 214-52] Found false inter dependency for variable 'k_buf.val.val.1.0'." projectName="DVS_classication" solutionName="solution1" date="2020-03-04T09:32:57.053+0000" type="Warning"/>
        <logs message="WARNING: [ANALYSIS 214-52] Found false inter dependency for variable 'k_buf.val.val.0.0'." projectName="DVS_classication" solutionName="solution1" date="2020-03-04T09:32:54.731+0000" type="Warning"/>
        <logs message="WARNING: [ANALYSIS 214-52] Found false intra dependency for variable 'k_buf.val.val.1.0'." projectName="DVS_classication" solutionName="solution1" date="2020-03-04T09:32:54.673+0000" type="Warning"/>
        <logs message="WARNING: [ANALYSIS 214-52] Found false intra dependency for variable 'k_buf.val.val.0.0'." projectName="DVS_classication" solutionName="solution1" date="2020-03-04T09:32:54.623+0000" type="Warning"/>
        <logs message="WARNING: [ANALYSIS 214-52] Found false inter dependency for variable 'k_buf.val.val.1.0'." projectName="DVS_classication" solutionName="solution1" date="2020-03-04T09:32:54.583+0000" type="Warning"/>
        <logs message="WARNING: [ANALYSIS 214-52] Found false inter dependency for variable 'k_buf.val.val.0.0'." projectName="DVS_classication" solutionName="solution1" date="2020-03-04T09:32:54.543+0000" type="Warning"/>
        <logs message="WARNING: [XFORM 203-631] Renaming function 'hls::AXIvideo2Mat&lt;24, 720, 1280, 4096>' to 'AXIvideo2Mat' (C:/Xilinx/Vivado/2017.4/common/technology/autopilot/hls/hls_video_io.h:49:9)" projectName="DVS_classication" solutionName="solution1" date="2020-03-04T09:32:54.489+0000" type="Warning"/>
        <logs message="WARNING: [XFORM 203-631] Renaming function 'hls::AbsDiff&lt;640, 640, 0, 0, 0>' to 'AbsDiff' (C:/Xilinx/Vivado/2017.4/common/technology/autopilot/hls/hls_video_arithm.h:150:50)" projectName="DVS_classication" solutionName="solution1" date="2020-03-04T09:32:52.789+0000" type="Warning"/>
        <logs message="WARNING: [XFORM 203-631] Renaming function 'hls::Array2Mat&lt;640, unsigned char, 640, 640, 0>' to 'Array2Mat.1' (C:/Xilinx/Vivado/2017.4/common/technology/autopilot/hls/hls_video_io.h:197:9)" projectName="DVS_classication" solutionName="solution1" date="2020-03-04T09:32:52.728+0000" type="Warning"/>
        <logs message="WARNING: [XFORM 203-631] Renaming function 'hls::Array2Mat&lt;640, unsigned char, 640, 640, 0>.1' to 'Array2Mat' (C:/Xilinx/Vivado/2017.4/common/technology/autopilot/hls/hls_video_io.h:174:46)" projectName="DVS_classication" solutionName="solution1" date="2020-03-04T09:32:52.675+0000" type="Warning"/>
        <logs message="WARNING: [XFORM 203-631] Renaming function 'hls::CvtColor&lt;HLS_RGB2GRAY, 4096, 0, 720, 1280>' to 'CvtColor' (C:/Xilinx/Vivado/2017.4/common/technology/autopilot/hls/hls_video_imgproc.h:409:39)" projectName="DVS_classication" solutionName="solution1" date="2020-03-04T09:32:52.623+0000" type="Warning"/>
        <logs message="WARNING: [XFORM 203-631] Renaming function 'hls::Duplicate&lt;640, 640, 0, 0>' to 'Duplicate' (C:/Xilinx/Vivado/2017.4/common/technology/autopilot/hls/hls_video_arithm.h:617:50)" projectName="DVS_classication" solutionName="solution1" date="2020-03-04T09:32:52.461+0000" type="Warning"/>
        <logs message="WARNING: [XFORM 203-631] Renaming function 'hls::Mat2AXIvideo&lt;24, 640, 640, 0>' to 'Mat2AXIvideo' (C:/Xilinx/Vivado/2017.4/common/technology/autopilot/hls/hls_video_io.h:78:50)" projectName="DVS_classication" solutionName="solution1" date="2020-03-04T09:32:52.277+0000" type="Warning"/>
        <logs message="WARNING: [XFORM 203-631] Renaming function 'hls::Mat2Array&lt;640, unsigned char, 640, 640, 0>' to 'Mat2Array.1' (C:/Xilinx/Vivado/2017.4/common/technology/autopilot/hls/hls_video_io.h:264:9)" projectName="DVS_classication" solutionName="solution1" date="2020-03-04T09:32:52.224+0000" type="Warning"/>
        <logs message="WARNING: [XFORM 203-631] Renaming function 'hls::Mat2Array&lt;640, unsigned char, 640, 640, 0>.1' to 'Mat2Array' (C:/Xilinx/Vivado/2017.4/common/technology/autopilot/hls/hls_video_io.h:240:46)" projectName="DVS_classication" solutionName="solution1" date="2020-03-04T09:32:52.181+0000" type="Warning"/>
        <logs message="WARNING: [XFORM 203-631] Renaming function 'hls::Resize&lt;0, 720, 1280, 640, 640>' to 'Resize' (C:/Xilinx/Vivado/2017.4/common/technology/autopilot/hls/hls_video_imgproc.h:2451:9)" projectName="DVS_classication" solutionName="solution1" date="2020-03-04T09:32:52.152+0000" type="Warning"/>
        <logs message="WARNING: [XFORM 203-631] Renaming function 'hls::Resize_opr_linear&lt;0, 720, 1280, 640, 640>' to 'Resize_opr_linear' (C:/Xilinx/Vivado/2017.4/common/technology/autopilot/hls/hls_video_imgproc.h:409:21)" projectName="DVS_classication" solutionName="solution1" date="2020-03-04T09:32:51.809+0000" type="Warning"/>
        <logs message="WARNING: [XFORM 203-631] Renaming function 'hls::Threshold&lt;640, 640, 0, 0>' to 'Threshold' (C:/Xilinx/Vivado/2017.4/common/technology/autopilot/hls/hls_video_arithm.h:617:50)" projectName="DVS_classication" solutionName="solution1" date="2020-03-04T09:32:51.746+0000" type="Warning"/>
        <logs message="WARNING: [XFORM 203-561] Updating loop lower bound from 0 to 640 for loop 'loop_pixel' in function 'hls::Array2Mat&lt;640, unsigned char, 640, 640, 0>.1'." projectName="DVS_classication" solutionName="solution1" date="2020-03-04T09:32:51.695+0000" type="Warning"/>
        <logs message="WARNING: [XFORM 203-561] Updating loop lower bound from 0 to 640 for loop 'Loop-0-0' in function 'hls::Array2Mat&lt;640, unsigned char, 640, 640, 0>.1'." projectName="DVS_classication" solutionName="solution1" date="2020-03-04T09:32:51.080+0000" type="Warning"/>
        <logs message="WARNING: [XFORM 203-561] Updating loop lower bound from 0 to 640 for loop 'loop_pixel' in function 'hls::Mat2Array&lt;640, unsigned char, 640, 640, 0>.1'." projectName="DVS_classication" solutionName="solution1" date="2020-03-04T09:32:51.026+0000" type="Warning"/>
        <logs message="WARNING: [XFORM 203-561] Updating loop lower bound from 0 to 640 for loop 'Loop-0-0' in function 'hls::Mat2Array&lt;640, unsigned char, 640, 640, 0>.1'." projectName="DVS_classication" solutionName="solution1" date="2020-03-04T09:32:50.986+0000" type="Warning"/>
        <logs message="WARNING: [XFORM 203-561] Updating loop lower bound from 0 to 720 for loop 'Loop-0' in function 'hls::Resize_opr_linear&lt;0, 720, 1280, 640, 640>'." projectName="DVS_classication" solutionName="solution1" date="2020-03-04T09:32:46.723+0000" type="Warning"/>
        <logs message="WARNING: [XFORM 203-561] Updating loop lower bound from 0 to 1280 for loop 'Loop-0-0' in function 'hls::Resize_opr_linear&lt;0, 720, 1280, 640, 640>'." projectName="DVS_classication" solutionName="solution1" date="2020-03-04T09:32:46.407+0000" type="Warning"/>
        <logs message="WARNING: [XFORM 203-713] All the elements of global array 'writeImage' (DVS_classification_sourcefiles/DVS_Source.cpp:3) should be updated in process function 'hls::Mat2Array&lt;640, unsigned char, 640, 640, 0>' (C:/Xilinx/Vivado/2017.4/common/technology/autopilot/hls/hls_video_io.h:260), otherwise it may not be synthesized correctly." projectName="DVS_classication" solutionName="solution1" date="2020-03-04T09:32:44.948+0000" type="Warning"/>
        <logs message="WARNING: [XFORM 203-561] Updating loop lower bound from 0 to 640 for loop 'loop_height' in function 'hls::AbsDiff&lt;640, 640, 0, 0, 0>'." projectName="DVS_classication" solutionName="solution1" date="2020-03-04T09:32:44.872+0000" type="Warning"/>
        <logs message="WARNING: [XFORM 203-561] Updating loop lower bound from 0 to 640 for loop 'loop_width' in function 'hls::AbsDiff&lt;640, 640, 0, 0, 0>'." projectName="DVS_classication" solutionName="solution1" date="2020-03-04T09:32:44.396+0000" type="Warning"/>
        <logs message="WARNING: [XFORM 203-561] Updating loop lower bound from 0 to 640 for loop 'loop_height' in function 'hls::Mat2AXIvideo&lt;24, 640, 640, 0>'." projectName="DVS_classication" solutionName="solution1" date="2020-03-04T09:32:44.352+0000" type="Warning"/>
        <logs message="WARNING: [XFORM 203-561] Updating loop lower bound from 0 to 640 for loop 'loop_width' in function 'hls::Mat2AXIvideo&lt;24, 640, 640, 0>'." projectName="DVS_classication" solutionName="solution1" date="2020-03-04T09:32:44.299+0000" type="Warning"/>
        <logs message="WARNING: [XFORM 203-561] Updating loop lower bound from 0 to 640 for loop 'loop_height' in function 'hls::Threshold&lt;640, 640, 0, 0>'." projectName="DVS_classication" solutionName="solution1" date="2020-03-04T09:32:44.188+0000" type="Warning"/>
        <logs message="WARNING: [XFORM 203-561] Updating loop lower bound from 0 to 640 for loop 'loop_width' in function 'hls::Threshold&lt;640, 640, 0, 0>'." projectName="DVS_classication" solutionName="solution1" date="2020-03-04T09:32:44.138+0000" type="Warning"/>
        <logs message="WARNING: [XFORM 203-152] Cannot apply array mapping directives with instance name 'tmp.21': cannot find another array to be merged with." projectName="DVS_classication" solutionName="solution1" date="2020-03-04T09:32:40.555+0000" type="Warning"/>
        <logs message="WARNING: [XFORM 203-152] Cannot apply array mapping directives with instance name 'tmp.23': cannot find another array to be merged with." projectName="DVS_classication" solutionName="solution1" date="2020-03-04T09:32:40.083+0000" type="Warning"/>
        <logs message="WARNING: [XFORM 203-152] Cannot apply array mapping directives with instance name 'tmp.18': cannot find another array to be merged with." projectName="DVS_classication" solutionName="solution1" date="2020-03-04T09:32:40.025+0000" type="Warning"/>
        <logs message="WARNING: [XFORM 203-152] Cannot apply array mapping directives with instance name 'tmp.16': cannot find another array to be merged with." projectName="DVS_classication" solutionName="solution1" date="2020-03-04T09:32:39.956+0000" type="Warning"/>
        <logs message="WARNING: [XFORM 203-152] Cannot apply array mapping directives with instance name 'tmp.14': cannot find another array to be merged with." projectName="DVS_classication" solutionName="solution1" date="2020-03-04T09:32:39.892+0000" type="Warning"/>
        <logs message="WARNING: [XFORM 203-152] Cannot apply array mapping directives with instance name 'tmp.9': cannot find another array to be merged with." projectName="DVS_classication" solutionName="solution1" date="2020-03-04T09:32:39.851+0000" type="Warning"/>
        <logs message="WARNING: [XFORM 203-152] Cannot apply array mapping directives with instance name 'tmp.6': cannot find another array to be merged with." projectName="DVS_classication" solutionName="solution1" date="2020-03-04T09:32:39.744+0000" type="Warning"/>
        <logs message="WARNING: [XFORM 203-152] Cannot apply array mapping directives with instance name 'tmp.3': cannot find another array to be merged with." projectName="DVS_classication" solutionName="solution1" date="2020-03-04T09:32:39.606+0000" type="Warning"/>
        <logs message="WARNING: [XFORM 203-1103] Ignored data pack directive on non-struct variable 'img_read.data_stream.V' (DVS_classification_sourcefiles/DVS_Source.cpp:17)." projectName="DVS_classication" solutionName="solution1" date="2020-03-04T09:32:39.572+0000" type="Warning"/>
        <logs message="WARNING: [XFORM 203-1103] Ignored data pack directive on non-struct variable 'img_in.data_stream.V' (DVS_classification_sourcefiles/DVS_Source.cpp:12)." projectName="DVS_classication" solutionName="solution1" date="2020-03-04T09:32:39.371+0000" type="Warning"/>
        <logs message="WARNING: [XFORM 203-1103] Ignored data pack directive on non-struct variable 'img_grey.data_stream.V' (DVS_classification_sourcefiles/DVS_Source.cpp:13)." projectName="DVS_classication" solutionName="solution1" date="2020-03-04T09:32:39.311+0000" type="Warning"/>
        <logs message="WARNING: [XFORM 203-1103] Ignored data pack directive on non-struct variable 'img_d2.data_stream.V' (DVS_classification_sourcefiles/DVS_Source.cpp:16)." projectName="DVS_classication" solutionName="solution1" date="2020-03-04T09:32:39.252+0000" type="Warning"/>
        <logs message="WARNING: [XFORM 203-1103] Ignored data pack directive on non-struct variable 'img_dl.data_stream.V' (DVS_classification_sourcefiles/DVS_Source.cpp:15)." projectName="DVS_classication" solutionName="solution1" date="2020-03-04T09:32:39.174+0000" type="Warning"/>
        <logs message="WARNING: [XFORM 203-1103] Ignored data pack directive on non-struct variable 'img_resize.data_stream.V' (DVS_classification_sourcefiles/DVS_Source.cpp:14)." projectName="DVS_classication" solutionName="solution1" date="2020-03-04T09:32:39.048+0000" type="Warning"/>
        <logs message="WARNING: [XFORM 203-1103] Ignored data pack directive on non-struct variable 'img_final.data_stream.V' (DVS_classification_sourcefiles/DVS_Source.cpp:19)." projectName="DVS_classication" solutionName="solution1" date="2020-03-04T09:32:38.993+0000" type="Warning"/>
        <logs message="WARNING: [XFORM 203-1103] Ignored data pack directive on non-struct variable 'img_abs.data_stream.V' (DVS_classification_sourcefiles/DVS_Source.cpp:18)." projectName="DVS_classication" solutionName="solution1" date="2020-03-04T09:32:38.892+0000" type="Warning"/>
        <logs message="WARNING: [SYNCHK 200-23] C:/Xilinx/Vivado/2017.4/common/technology/autopilot/hls/hls_axi_io.h:49: variable-indexed range selection may cause suboptimal QoR." projectName="DVS_classication" solutionName="solution1" date="2020-03-04T09:32:37.406+0000" type="Warning"/>
        <logs message="WARNING: [HLS 200-40] Directive 'RESOURCE' for core 'ROM_1P_LUTRAM' cannot be applied: Variable 'fourth_order_double::sin_K3' can not be recognized(UNKNOWN VARIABLE) in 'sincos_approximation'." projectName="DVS_classication" solutionName="solution1" date="2020-03-04T09:32:05.035+0000" type="Warning"/>
        <logs message="WARNING: [HLS 200-40] Directive 'RESOURCE' for core 'ROM_1P_LUTRAM' cannot be applied: Variable 'fourth_order_double::cos_K1' can not be recognized(UNKNOWN VARIABLE) in 'sincos_approximation'." projectName="DVS_classication" solutionName="solution1" date="2020-03-04T09:32:04.886+0000" type="Warning"/>
        <logs message="WARNING: [HLS 200-40] Directive 'RESOURCE' for core 'ROM_1P_LUTRAM' cannot be applied: Variable 'fourth_order_double::sin_cos_K4' can not be recognized(UNKNOWN VARIABLE) in 'sin_or_cos_approximation'." projectName="DVS_classication" solutionName="solution1" date="2020-03-04T09:32:04.836+0000" type="Warning"/>
        <logs message="WARNING: [HLS 200-40] Directive 'RESOURCE' for core 'ROM_1P_LUTRAM' cannot be applied: Variable 'first_order_fixed_16::sin_cos_K1' can not be recognized(UNKNOWN VARIABLE) in 'sin_or_cos_approximation'." projectName="DVS_classication" solutionName="solution1" date="2020-03-04T09:32:04.779+0000" type="Warning"/>
        <logs message="WARNING: [HLS 200-40] Directive 'RESOURCE' for core 'ROM_1P_LUTRAM' cannot be applied: Variable 'fourth_order_double::sin_K4' can not be recognized(UNKNOWN VARIABLE) in 'sincos_approximation'." projectName="DVS_classication" solutionName="solution1" date="2020-03-04T09:32:04.624+0000" type="Warning"/>
        <logs message="WARNING: [HLS 200-40] Directive 'RESOURCE' for core 'ROM_1P_LUTRAM' cannot be applied: Variable 'fourth_order_double::sin_K1' can not be recognized(UNKNOWN VARIABLE) in 'sincos_approximation'." projectName="DVS_classication" solutionName="solution1" date="2020-03-04T09:32:04.566+0000" type="Warning"/>
        <logs message="WARNING: [HLS 200-40] Directive 'RESOURCE' for core 'ROM_1P_LUTRAM' cannot be applied: Variable 'fourth_order_double::sin_cos_K0' can not be recognized(UNKNOWN VARIABLE) in 'sin_or_cos_approximation'." projectName="DVS_classication" solutionName="solution1" date="2020-03-04T09:32:04.517+0000" type="Warning"/>
        <logs message="WARNING: [HLS 200-40] Directive 'RESOURCE' for core 'ROM_1P_LUTRAM' cannot be applied: Variable 'fourth_order_double::cos_K3' can not be recognized(UNKNOWN VARIABLE) in 'sincos_approximation'." projectName="DVS_classication" solutionName="solution1" date="2020-03-04T09:32:04.466+0000" type="Warning"/>
        <logs message="WARNING: [HLS 200-40] Directive 'RESOURCE' for core 'ROM_1P_LUTRAM' cannot be applied: Variable 'second_order_float::sin_cos_K0' can not be recognized(UNKNOWN VARIABLE) in 'sin_or_cos_approximation'." projectName="DVS_classication" solutionName="solution1" date="2020-03-04T09:32:04.429+0000" type="Warning"/>
        <logs message="WARNING: [HLS 200-40] Directive 'RESOURCE' for core 'ROM_1P_LUTRAM' cannot be applied: Variable 'fourth_order_double::sin_cos_K1' can not be recognized(UNKNOWN VARIABLE) in 'sin_or_cos_approximation'." projectName="DVS_classication" solutionName="solution1" date="2020-03-04T09:32:04.263+0000" type="Warning"/>
        <logs message="WARNING: [HLS 200-40] Directive 'RESOURCE' for core 'ROM_1P_LUTRAM' cannot be applied: Variable 'second_order_float::sin_K0' can not be recognized(UNKNOWN VARIABLE) in 'sincos_approximation'." projectName="DVS_classication" solutionName="solution1" date="2020-03-04T09:32:04.174+0000" type="Warning"/>
        <logs message="WARNING: [HLS 200-40] Directive 'RESOURCE' for core 'ROM_1P_LUTRAM' cannot be applied: Variable 'first_order_fixed_16::sin_cos_K0' can not be recognized(UNKNOWN VARIABLE) in 'sin_or_cos_approximation'." projectName="DVS_classication" solutionName="solution1" date="2020-03-04T09:32:04.084+0000" type="Warning"/>
        <logs message="WARNING: [HLS 200-40] Directive 'RESOURCE' for core 'ROM_1P_LUTRAM' cannot be applied: Variable 'second_order_float::sin_K1' can not be recognized(UNKNOWN VARIABLE) in 'sincos_approximation'." projectName="DVS_classication" solutionName="solution1" date="2020-03-04T09:32:04.047+0000" type="Warning"/>
        <logs message="WARNING: [HLS 200-40] Directive 'RESOURCE' for core 'ROM_1P_LUTRAM' cannot be applied: Variable 'second_order_float::sin_cos_K1' can not be recognized(UNKNOWN VARIABLE) in 'sin_or_cos_approximation'." projectName="DVS_classication" solutionName="solution1" date="2020-03-04T09:32:03.935+0000" type="Warning"/>
        <logs message="WARNING: [HLS 200-40] Directive 'RESOURCE' for core 'ROM_1P_LUTRAM' cannot be applied: Variable 'fourth_order_double::cos_K4' can not be recognized(UNKNOWN VARIABLE) in 'sincos_approximation'." projectName="DVS_classication" solutionName="solution1" date="2020-03-04T09:32:03.892+0000" type="Warning"/>
        <logs message="WARNING: [HLS 200-40] Directive 'RESOURCE' for core 'ROM_1P_LUTRAM' cannot be applied: Variable 'second_order_float::sin_cos_K2' can not be recognized(UNKNOWN VARIABLE) in 'sin_or_cos_approximation'." projectName="DVS_classication" solutionName="solution1" date="2020-03-04T09:32:03.857+0000" type="Warning"/>
        <logs message="WARNING: [HLS 200-40] Directive 'RESOURCE' for core 'ROM_1P_LUTRAM' cannot be applied: Variable 'second_order_float::sin_K2' can not be recognized(UNKNOWN VARIABLE) in 'sincos_approximation'." projectName="DVS_classication" solutionName="solution1" date="2020-03-04T09:32:03.588+0000" type="Warning"/>
        <logs message="WARNING: [HLS 200-40] Directive 'RESOURCE' for core 'ROM_1P_LUTRAM' cannot be applied: Variable 'fourth_order_double::sin_cos_K2' can not be recognized(UNKNOWN VARIABLE) in 'sin_or_cos_approximation'." projectName="DVS_classication" solutionName="solution1" date="2020-03-04T09:32:03.535+0000" type="Warning"/>
        <logs message="WARNING: [HLS 200-40] Directive 'RESOURCE' for core 'ROM_1P_LUTRAM' cannot be applied: Variable 'second_order_float::cos_K1' can not be recognized(UNKNOWN VARIABLE) in 'sincos_approximation'." projectName="DVS_classication" solutionName="solution1" date="2020-03-04T09:32:03.483+0000" type="Warning"/>
        <logs message="WARNING: [HLS 200-40] Directive 'RESOURCE' for core 'ROM_1P_LUTRAM' cannot be applied: Variable 'fourth_order_double::sin_K2' can not be recognized(UNKNOWN VARIABLE) in 'sincos_approximation'." projectName="DVS_classication" solutionName="solution1" date="2020-03-04T09:32:03.426+0000" type="Warning"/>
        <logs message="WARNING: [HLS 200-40] Directive 'RESOURCE' for core 'ROM_1P_LUTRAM' cannot be applied: Variable 'fourth_order_double::cos_K2' can not be recognized(UNKNOWN VARIABLE) in 'sincos_approximation'." projectName="DVS_classication" solutionName="solution1" date="2020-03-04T09:32:03.383+0000" type="Warning"/>
        <logs message="WARNING: [HLS 200-40] Directive 'RESOURCE' for core 'ROM_1P_LUTRAM' cannot be applied: Variable 'fourth_order_double::sin_cos_K3' can not be recognized(UNKNOWN VARIABLE) in 'sin_or_cos_approximation'." projectName="DVS_classication" solutionName="solution1" date="2020-03-04T09:32:03.340+0000" type="Warning"/>
        <logs message="WARNING: [HLS 200-40] Directive 'RESOURCE' for core 'ROM_1P_LUTRAM' cannot be applied: Variable 'fourth_order_double::sin_K0' can not be recognized(UNKNOWN VARIABLE) in 'sincos_approximation'." projectName="DVS_classication" solutionName="solution1" date="2020-03-04T09:32:03.302+0000" type="Warning"/>
        <logs message="WARNING: [HLS 200-40] Directive 'RESOURCE' for core 'ROM_1P_LUTRAM' cannot be applied: Variable 'second_order_float::cos_K0' can not be recognized(UNKNOWN VARIABLE) in 'sincos_approximation'." projectName="DVS_classication" solutionName="solution1" date="2020-03-04T09:32:03.241+0000" type="Warning"/>
        <logs message="WARNING: [HLS 200-40] Directive 'RESOURCE' for core 'ROM_1P_LUTRAM' cannot be applied: Variable 'second_order_float::cos_K2' can not be recognized(UNKNOWN VARIABLE) in 'sincos_approximation'." projectName="DVS_classication" solutionName="solution1" date="2020-03-04T09:32:03.166+0000" type="Warning"/>
        <logs message="WARNING: [HLS 200-40] Directive 'RESOURCE' for core 'ROM_1P_LUTRAM' cannot be applied: Variable 'fourth_order_double::cos_K0' can not be recognized(UNKNOWN VARIABLE) in 'sincos_approximation'." projectName="DVS_classication" solutionName="solution1" date="2020-03-04T09:32:03.075+0000" type="Warning"/>
      </synLog>
      <simLog/>
      <mgLog/>
      <packageLog/>
      <csimLog/>
    </logs>
  </warningLogs>
</vivadoHLSLog:LogRoot>
