<stg><name>AbsDiff</name>


<trans_list>

<trans id="54" from="1" to="2">
<condition id="23">
<or_exp><and_exp></and_exp></or_exp>
</condition>
</trans>

<trans id="55" from="2" to="3">
<condition id="25">
<or_exp><and_exp><literal name="exitcond1_i" val="0"/>
</and_exp></or_exp>
</condition>
</trans>

<trans id="64" from="3" to="6">
<condition id="34">
<or_exp><and_exp><literal name="exitcond_i" val="1"/>
</and_exp></or_exp>
</condition>
</trans>

<trans id="65" from="3" to="4">
<condition id="37">
<or_exp><and_exp><literal name="exitcond_i" val="0"/>
</and_exp></or_exp>
</condition>
</trans>

<trans id="62" from="4" to="5">
<condition id="35">
<or_exp><and_exp></and_exp></or_exp>
</condition>
</trans>

<trans id="63" from="5" to="3">
<condition id="36">
<or_exp><and_exp></and_exp></or_exp>
</condition>
</trans>

<trans id="60" from="6" to="2">
<condition id="33">
<or_exp><and_exp></and_exp></or_exp>
</condition>
</trans>
</trans_list>



<state_list>

<state id="1" st_id="1">

<operation id="7" st_id="1" stage="1" lat="1">
<core>NULL</core>
<MemPortIdVec></MemPortIdVec>
<condition id="15">
<or_exp><and_exp></and_exp></or_exp>
</condition>

<Node id="4" bw="0" op_0_bw="0" op_1_bw="8" op_2_bw="0" op_3_bw="32" op_4_bw="32" op_5_bw="0" op_6_bw="32" op_7_bw="32" op_8_bw="0" op_9_bw="0" op_10_bw="0" op_11_bw="32" op_12_bw="32" op_13_bw="32" op_14_bw="32" op_15_bw="0" op_16_bw="0">
<![CDATA[
._crit_edge10:0  call void (...)* @_ssdm_op_SpecInterface(i8* %dst_data_stream_V, [8 x i8]* @ap_fifo_str, i32 0, i32 0, [1 x i8]* @p_str220, i32 0, i32 0, [1 x i8]* @p_str221, [1 x i8]* @p_str222, [1 x i8]* @p_str223, i32 2, i32 2, i32 16, i32 16, [1 x i8]* @p_str224, [1 x i8]* @p_str225)

]]></Node>
<StgValue><ssdm name=""/></StgValue>
</operation>

<operation id="8" st_id="1" stage="1" lat="1">
<core>NULL</core>
<MemPortIdVec></MemPortIdVec>
<condition id="15">
<or_exp><and_exp></and_exp></or_exp>
</condition>

<Node id="5" bw="0" op_0_bw="0" op_1_bw="8" op_2_bw="0" op_3_bw="32" op_4_bw="32" op_5_bw="0" op_6_bw="32" op_7_bw="32" op_8_bw="0" op_9_bw="0" op_10_bw="0" op_11_bw="32" op_12_bw="32" op_13_bw="32" op_14_bw="32" op_15_bw="0" op_16_bw="0">
<![CDATA[
._crit_edge10:1  call void (...)* @_ssdm_op_SpecInterface(i8* %src2_data_stream_V, [8 x i8]* @ap_fifo_str, i32 0, i32 0, [1 x i8]* @p_str213, i32 0, i32 0, [1 x i8]* @p_str214, [1 x i8]* @p_str215, [1 x i8]* @p_str216, i32 2, i32 2, i32 16, i32 16, [1 x i8]* @p_str217, [1 x i8]* @p_str218)

]]></Node>
<StgValue><ssdm name=""/></StgValue>
</operation>

<operation id="9" st_id="1" stage="1" lat="1">
<core>NULL</core>
<MemPortIdVec></MemPortIdVec>
<condition id="15">
<or_exp><and_exp></and_exp></or_exp>
</condition>

<Node id="6" bw="0" op_0_bw="0" op_1_bw="8" op_2_bw="0" op_3_bw="32" op_4_bw="32" op_5_bw="0" op_6_bw="32" op_7_bw="32" op_8_bw="0" op_9_bw="0" op_10_bw="0" op_11_bw="32" op_12_bw="32" op_13_bw="32" op_14_bw="32" op_15_bw="0" op_16_bw="0">
<![CDATA[
._crit_edge10:2  call void (...)* @_ssdm_op_SpecInterface(i8* %src1_data_stream_V, [8 x i8]* @ap_fifo_str, i32 0, i32 0, [1 x i8]* @p_str199, i32 0, i32 0, [1 x i8]* @p_str200, [1 x i8]* @p_str201, [1 x i8]* @p_str202, i32 2, i32 2, i32 16, i32 16, [1 x i8]* @p_str203, [1 x i8]* @p_str204)

]]></Node>
<StgValue><ssdm name=""/></StgValue>
</operation>

<operation id="10" st_id="1" stage="1" lat="1">
<core>NULL</core>
<MemPortIdVec></MemPortIdVec>
<condition id="15">
<or_exp><and_exp></and_exp></or_exp>
</condition>

<Node id="7" bw="0" op_0_bw="0">
<![CDATA[
._crit_edge10:3  br label %0

]]></Node>
<StgValue><ssdm name=""/></StgValue>
</operation>
</state>

<state id="2" st_id="2">

<operation id="11" st_id="2" stage="1" lat="1">
<core>NULL</core>
<MemPortIdVec></MemPortIdVec>
<condition id="16">
<or_exp><and_exp></and_exp></or_exp>
</condition>

<Node id="9" bw="10" op_0_bw="10" op_1_bw="0">
<![CDATA[
:0  %t_V = phi i10 [ 0, %._crit_edge10 ], [ %i_V, %3 ]

]]></Node>
<StgValue><ssdm name="t_V"/></StgValue>
</operation>

<operation id="12" st_id="2" stage="1" lat="1">
<core>Cmp</core>
<MemPortIdVec></MemPortIdVec>
<condition id="16">
<or_exp><and_exp></and_exp></or_exp>
</condition>

<Node id="10" bw="1" op_0_bw="10" op_1_bw="10">
<![CDATA[
:1  %exitcond1_i = icmp eq i10 %t_V, -384

]]></Node>
<StgValue><ssdm name="exitcond1_i"/></StgValue>
</operation>

<operation id="13" st_id="2" stage="1" lat="1">
<core>NULL</core>
<MemPortIdVec></MemPortIdVec>
<condition id="16">
<or_exp><and_exp></and_exp></or_exp>
</condition>

<Node id="11" bw="0" op_0_bw="0" op_1_bw="64" op_2_bw="64" op_3_bw="64">
<![CDATA[
:2  call void (...)* @_ssdm_op_SpecLoopTripCount(i64 640, i64 640, i64 640)

]]></Node>
<StgValue><ssdm name=""/></StgValue>
</operation>

<operation id="14" st_id="2" stage="1" lat="1">
<core>AddSub</core>
<MemPortIdVec></MemPortIdVec>
<condition id="16">
<or_exp><and_exp></and_exp></or_exp>
</condition>

<Node id="12" bw="10" op_0_bw="10" op_1_bw="10">
<![CDATA[
:3  %i_V = add i10 %t_V, 1

]]></Node>
<StgValue><ssdm name="i_V"/></StgValue>
</operation>

<operation id="15" st_id="2" stage="1" lat="1">
<core>NULL</core>
<MemPortIdVec></MemPortIdVec>
<condition id="16">
<or_exp><and_exp></and_exp></or_exp>
</condition>

<Node id="13" bw="0" op_0_bw="1" op_1_bw="0" op_2_bw="0">
<![CDATA[
:4  br i1 %exitcond1_i, label %"arithm_pro<kernel_absdiff, 640, 640, 0, 0, 0, int, int, int>.exit", label %1

]]></Node>
<StgValue><ssdm name=""/></StgValue>
</operation>

<operation id="16" st_id="2" stage="1" lat="1">
<core>NULL</core>
<MemPortIdVec></MemPortIdVec>
<condition id="18">
<or_exp><and_exp><literal name="exitcond1_i" val="0"/>
</and_exp></or_exp>
</condition>

<Node id="15" bw="0" op_0_bw="0" op_1_bw="0">
<![CDATA[
:0  call void (...)* @_ssdm_op_SpecLoopName([12 x i8]* @p_str11) nounwind

]]></Node>
<StgValue><ssdm name=""/></StgValue>
</operation>

<operation id="17" st_id="2" stage="1" lat="1">
<core>NULL</core>
<MemPortIdVec></MemPortIdVec>
<condition id="18">
<or_exp><and_exp><literal name="exitcond1_i" val="0"/>
</and_exp></or_exp>
</condition>

<Node id="16" bw="32" op_0_bw="32" op_1_bw="0">
<![CDATA[
:1  %tmp_i = call i32 (...)* @_ssdm_op_SpecRegionBegin([12 x i8]* @p_str11)

]]></Node>
<StgValue><ssdm name="tmp_i"/></StgValue>
</operation>

<operation id="18" st_id="2" stage="1" lat="1">
<core>NULL</core>
<MemPortIdVec></MemPortIdVec>
<condition id="18">
<or_exp><and_exp><literal name="exitcond1_i" val="0"/>
</and_exp></or_exp>
</condition>

<Node id="17" bw="0" op_0_bw="0">
<![CDATA[
:2  br label %2

]]></Node>
<StgValue><ssdm name=""/></StgValue>
</operation>

<operation id="19" st_id="2" stage="1" lat="1">
<core>NULL</core>
<MemPortIdVec></MemPortIdVec>
<condition id="20">
<or_exp><and_exp><literal name="exitcond1_i" val="1"/>
</and_exp></or_exp>
</condition>

<Node id="56" bw="0">
<![CDATA[
arithm_pro<kernel_absdiff, 640, 640, 0, 0, 0, int, int, int>.exit:0  ret void

]]></Node>
<StgValue><ssdm name=""/></StgValue>
</operation>
</state>

<state id="3" st_id="3">

<operation id="20" st_id="3" stage="1" lat="1">
<core>NULL</core>
<MemPortIdVec></MemPortIdVec>
<condition id="-1">
<or_exp><and_exp></and_exp></or_exp>
</condition>

<Node id="19" bw="10" op_0_bw="10" op_1_bw="0">
<![CDATA[
:0  %t_V_6 = phi i10 [ 0, %1 ], [ %j_V, %.critedge.i ]

]]></Node>
<StgValue><ssdm name="t_V_6"/></StgValue>
</operation>

<operation id="21" st_id="3" stage="1" lat="1">
<core>Cmp</core>
<MemPortIdVec></MemPortIdVec>
<condition id="-1">
<or_exp><and_exp></and_exp></or_exp>
</condition>

<Node id="20" bw="1" op_0_bw="10" op_1_bw="10">
<![CDATA[
:1  %exitcond_i = icmp eq i10 %t_V_6, -384

]]></Node>
<StgValue><ssdm name="exitcond_i"/></StgValue>
</operation>

<operation id="22" st_id="3" stage="1" lat="1">
<core>NULL</core>
<MemPortIdVec></MemPortIdVec>
<condition id="-1">
<or_exp><and_exp></and_exp></or_exp>
</condition>

<Node id="21" bw="0" op_0_bw="0" op_1_bw="64" op_2_bw="64" op_3_bw="64">
<![CDATA[
:2  call void (...)* @_ssdm_op_SpecLoopTripCount(i64 640, i64 640, i64 640)

]]></Node>
<StgValue><ssdm name=""/></StgValue>
</operation>

<operation id="23" st_id="3" stage="1" lat="1">
<core>AddSub</core>
<MemPortIdVec></MemPortIdVec>
<condition id="-1">
<or_exp><and_exp></and_exp></or_exp>
</condition>

<Node id="22" bw="10" op_0_bw="10" op_1_bw="10">
<![CDATA[
:3  %j_V = add i10 %t_V_6, 1

]]></Node>
<StgValue><ssdm name="j_V"/></StgValue>
</operation>

<operation id="24" st_id="3" stage="1" lat="1">
<core>NULL</core>
<MemPortIdVec></MemPortIdVec>
<condition id="-1">
<or_exp><and_exp></and_exp></or_exp>
</condition>

<Node id="23" bw="0" op_0_bw="1" op_1_bw="0" op_2_bw="0">
<![CDATA[
:4  br i1 %exitcond_i, label %3, label %.critedge.i

]]></Node>
<StgValue><ssdm name=""/></StgValue>
</operation>
</state>

<state id="4" st_id="4">

<operation id="25" st_id="4" stage="1" lat="1">
<core>NULL</core>
<MemPortIdVec></MemPortIdVec>
<condition id="0">
<or_exp><and_exp><literal name="exitcond_i" val="0"/>
</and_exp></or_exp>
</condition>

<Node id="28" bw="32" op_0_bw="32" op_1_bw="0">
<![CDATA[
.critedge.i:3  %tmp_6_i = call i32 (...)* @_ssdm_op_SpecRegionBegin([13 x i8]* @p_str16)

]]></Node>
<StgValue><ssdm name="tmp_6_i"/></StgValue>
</operation>

<operation id="26" st_id="4" stage="1" lat="1">
<core>NULL</core>
<MemPortIdVec></MemPortIdVec>
<condition id="0">
<or_exp><and_exp><literal name="exitcond_i" val="0"/>
</and_exp></or_exp>
</condition>

<Node id="29" bw="0" op_0_bw="0" op_1_bw="32" op_2_bw="0">
<![CDATA[
.critedge.i:4  call void (...)* @_ssdm_op_SpecProtocol(i32 0, [1 x i8]* @p_str3) nounwind

]]></Node>
<StgValue><ssdm name=""/></StgValue>
</operation>

<operation id="27" st_id="4" stage="1" lat="1">
<core>FIFO</core>
<MemPortIdVec></MemPortIdVec>
<condition id="0">
<or_exp><and_exp><literal name="exitcond_i" val="0"/>
</and_exp></or_exp>
</condition>

<Node id="30" bw="8" op_0_bw="8" op_1_bw="8">
<![CDATA[
.critedge.i:5  %tmp_80 = call i8 @_ssdm_op_Read.ap_fifo.volatile.i8P(i8* %src1_data_stream_V)

]]></Node>
<StgValue><ssdm name="tmp_80"/></StgValue>
</operation>

<operation id="28" st_id="4" stage="1" lat="1">
<core>NULL</core>
<MemPortIdVec></MemPortIdVec>
<condition id="0">
<or_exp><and_exp><literal name="exitcond_i" val="0"/>
</and_exp></or_exp>
</condition>

<Node id="31" bw="32" op_0_bw="32" op_1_bw="0" op_2_bw="32">
<![CDATA[
.critedge.i:6  %empty = call i32 (...)* @_ssdm_op_SpecRegionEnd([13 x i8]* @p_str16, i32 %tmp_6_i)

]]></Node>
<StgValue><ssdm name="empty"/></StgValue>
</operation>

<operation id="29" st_id="4" stage="1" lat="1">
<core>NULL</core>
<MemPortIdVec></MemPortIdVec>
<condition id="0">
<or_exp><and_exp><literal name="exitcond_i" val="0"/>
</and_exp></or_exp>
</condition>

<Node id="32" bw="32" op_0_bw="32" op_1_bw="0">
<![CDATA[
.critedge.i:7  %tmp_7_i = call i32 (...)* @_ssdm_op_SpecRegionBegin([13 x i8]* @p_str16)

]]></Node>
<StgValue><ssdm name="tmp_7_i"/></StgValue>
</operation>

<operation id="30" st_id="4" stage="1" lat="1">
<core>NULL</core>
<MemPortIdVec></MemPortIdVec>
<condition id="0">
<or_exp><and_exp><literal name="exitcond_i" val="0"/>
</and_exp></or_exp>
</condition>

<Node id="33" bw="0" op_0_bw="0" op_1_bw="32" op_2_bw="0">
<![CDATA[
.critedge.i:8  call void (...)* @_ssdm_op_SpecProtocol(i32 0, [1 x i8]* @p_str3) nounwind

]]></Node>
<StgValue><ssdm name=""/></StgValue>
</operation>

<operation id="31" st_id="4" stage="1" lat="1">
<core>FIFO</core>
<MemPortIdVec></MemPortIdVec>
<condition id="0">
<or_exp><and_exp><literal name="exitcond_i" val="0"/>
</and_exp></or_exp>
</condition>

<Node id="34" bw="8" op_0_bw="8" op_1_bw="8">
<![CDATA[
.critedge.i:9  %tmp_81 = call i8 @_ssdm_op_Read.ap_fifo.volatile.i8P(i8* %src2_data_stream_V)

]]></Node>
<StgValue><ssdm name="tmp_81"/></StgValue>
</operation>

<operation id="32" st_id="4" stage="1" lat="1">
<core>NULL</core>
<MemPortIdVec></MemPortIdVec>
<condition id="0">
<or_exp><and_exp><literal name="exitcond_i" val="0"/>
</and_exp></or_exp>
</condition>

<Node id="35" bw="32" op_0_bw="32" op_1_bw="0" op_2_bw="32">
<![CDATA[
.critedge.i:10  %empty_121 = call i32 (...)* @_ssdm_op_SpecRegionEnd([13 x i8]* @p_str16, i32 %tmp_7_i)

]]></Node>
<StgValue><ssdm name="empty_121"/></StgValue>
</operation>

<operation id="33" st_id="4" stage="1" lat="1">
<core>NULL</core>
<MemPortIdVec></MemPortIdVec>
<condition id="0">
<or_exp><and_exp><literal name="exitcond_i" val="0"/>
</and_exp></or_exp>
</condition>

<Node id="37" bw="9" op_0_bw="8">
<![CDATA[
.critedge.i:12  %lhs_V = zext i8 %tmp_80 to i9

]]></Node>
<StgValue><ssdm name="lhs_V"/></StgValue>
</operation>

<operation id="34" st_id="4" stage="1" lat="1">
<core>NULL</core>
<MemPortIdVec></MemPortIdVec>
<condition id="0">
<or_exp><and_exp><literal name="exitcond_i" val="0"/>
</and_exp></or_exp>
</condition>

<Node id="38" bw="9" op_0_bw="8">
<![CDATA[
.critedge.i:13  %rhs_V = zext i8 %tmp_81 to i9

]]></Node>
<StgValue><ssdm name="rhs_V"/></StgValue>
</operation>

<operation id="35" st_id="4" stage="1" lat="1">
<core>AddSub</core>
<MemPortIdVec></MemPortIdVec>
<condition id="0">
<or_exp><and_exp><literal name="exitcond_i" val="0"/>
</and_exp></or_exp>
</condition>

<Node id="39" bw="9" op_0_bw="9" op_1_bw="9">
<![CDATA[
.critedge.i:14  %r_V = sub i9 %lhs_V, %rhs_V

]]></Node>
<StgValue><ssdm name="r_V"/></StgValue>
</operation>

<operation id="36" st_id="4" stage="1" lat="1">
<core>AddSub</core>
<MemPortIdVec></MemPortIdVec>
<condition id="0">
<or_exp><and_exp><literal name="exitcond_i" val="0"/>
</and_exp></or_exp>
</condition>

<Node id="40" bw="9" op_0_bw="9" op_1_bw="9">
<![CDATA[
.critedge.i:15  %r_V_6 = sub i9 %rhs_V, %lhs_V

]]></Node>
<StgValue><ssdm name="r_V_6"/></StgValue>
</operation>

<operation id="37" st_id="4" stage="1" lat="1">
<core>Cmp</core>
<MemPortIdVec></MemPortIdVec>
<condition id="0">
<or_exp><and_exp><literal name="exitcond_i" val="0"/>
</and_exp></or_exp>
</condition>

<Node id="41" bw="1" op_0_bw="8" op_1_bw="8">
<![CDATA[
.critedge.i:16  %tmp_i_122 = icmp ugt i8 %tmp_80, %tmp_81

]]></Node>
<StgValue><ssdm name="tmp_i_122"/></StgValue>
</operation>

<operation id="38" st_id="4" stage="1" lat="1">
<core>Sel</core>
<MemPortIdVec></MemPortIdVec>
<condition id="0">
<or_exp><and_exp><literal name="exitcond_i" val="0"/>
</and_exp></or_exp>
</condition>

<Node id="42" bw="9" op_0_bw="1" op_1_bw="9" op_2_bw="9">
<![CDATA[
.critedge.i:17  %p_Val2_s = select i1 %tmp_i_122, i9 %r_V, i9 %r_V_6

]]></Node>
<StgValue><ssdm name="p_Val2_s"/></StgValue>
</operation>

<operation id="39" st_id="4" stage="1" lat="1">
<core>NULL</core>
<MemPortIdVec></MemPortIdVec>
<condition id="0">
<or_exp><and_exp><literal name="exitcond_i" val="0"/>
</and_exp></or_exp>
</condition>

<Node id="43" bw="8" op_0_bw="9">
<![CDATA[
.critedge.i:18  %p_Val2_35 = trunc i9 %p_Val2_s to i8

]]></Node>
<StgValue><ssdm name="p_Val2_35"/></StgValue>
</operation>

<operation id="40" st_id="4" stage="1" lat="1">
<core>NULL</core>
<MemPortIdVec></MemPortIdVec>
<condition id="0">
<or_exp><and_exp><literal name="exitcond_i" val="0"/>
</and_exp></or_exp>
</condition>

<Node id="44" bw="1" op_0_bw="1" op_1_bw="9" op_2_bw="32">
<![CDATA[
.critedge.i:19  %tmp = call i1 @_ssdm_op_BitSelect.i1.i9.i32(i9 %p_Val2_s, i32 8)

]]></Node>
<StgValue><ssdm name="tmp"/></StgValue>
</operation>

<operation id="41" st_id="4" stage="1" lat="1">
<core>Sel</core>
<MemPortIdVec></MemPortIdVec>
<condition id="0">
<or_exp><and_exp><literal name="exitcond_i" val="0"/>
</and_exp></or_exp>
</condition>

<Node id="45" bw="8" op_0_bw="1" op_1_bw="8" op_2_bw="8">
<![CDATA[
.critedge.i:20  %p_Val2_37 = select i1 %tmp, i8 -1, i8 %p_Val2_35

]]></Node>
<StgValue><ssdm name="p_Val2_37"/></StgValue>
</operation>
</state>

<state id="5" st_id="5">

<operation id="42" st_id="5" stage="1" lat="1">
<core>NULL</core>
<MemPortIdVec></MemPortIdVec>
<condition id="0">
<or_exp><and_exp><literal name="exitcond_i" val="0"/>
</and_exp></or_exp>
</condition>

<Node id="25" bw="0" op_0_bw="0" op_1_bw="0">
<![CDATA[
.critedge.i:0  call void (...)* @_ssdm_op_SpecLoopName([11 x i8]* @p_str12) nounwind

]]></Node>
<StgValue><ssdm name=""/></StgValue>
</operation>

<operation id="43" st_id="5" stage="1" lat="1">
<core>NULL</core>
<MemPortIdVec></MemPortIdVec>
<condition id="0">
<or_exp><and_exp><literal name="exitcond_i" val="0"/>
</and_exp></or_exp>
</condition>

<Node id="26" bw="32" op_0_bw="32" op_1_bw="0">
<![CDATA[
.critedge.i:1  %tmp_5_i = call i32 (...)* @_ssdm_op_SpecRegionBegin([11 x i8]* @p_str12)

]]></Node>
<StgValue><ssdm name="tmp_5_i"/></StgValue>
</operation>

<operation id="44" st_id="5" stage="1" lat="1">
<core>NULL</core>
<MemPortIdVec></MemPortIdVec>
<condition id="0">
<or_exp><and_exp><literal name="exitcond_i" val="0"/>
</and_exp></or_exp>
</condition>

<Node id="27" bw="0" op_0_bw="0" op_1_bw="32" op_2_bw="32" op_3_bw="32" op_4_bw="32" op_5_bw="0">
<![CDATA[
.critedge.i:2  call void (...)* @_ssdm_op_SpecPipeline(i32 1, i32 1, i32 1, i32 0, [1 x i8]* @p_str3) nounwind

]]></Node>
<StgValue><ssdm name=""/></StgValue>
</operation>

<operation id="45" st_id="5" stage="1" lat="1">
<core>NULL</core>
<MemPortIdVec></MemPortIdVec>
<condition id="0">
<or_exp><and_exp><literal name="exitcond_i" val="0"/>
</and_exp></or_exp>
</condition>

<Node id="36" bw="0" op_0_bw="0" op_1_bw="0">
<![CDATA[
.critedge.i:11  call void (...)* @_ssdm_op_SpecLoopName([14 x i8]* @p_str13) nounwind

]]></Node>
<StgValue><ssdm name=""/></StgValue>
</operation>

<operation id="46" st_id="5" stage="1" lat="1">
<core>NULL</core>
<MemPortIdVec></MemPortIdVec>
<condition id="0">
<or_exp><and_exp><literal name="exitcond_i" val="0"/>
</and_exp></or_exp>
</condition>

<Node id="46" bw="32" op_0_bw="32" op_1_bw="0">
<![CDATA[
.critedge.i:21  %tmp_8_i = call i32 (...)* @_ssdm_op_SpecRegionBegin([13 x i8]* @p_str21)

]]></Node>
<StgValue><ssdm name="tmp_8_i"/></StgValue>
</operation>

<operation id="47" st_id="5" stage="1" lat="1">
<core>NULL</core>
<MemPortIdVec></MemPortIdVec>
<condition id="0">
<or_exp><and_exp><literal name="exitcond_i" val="0"/>
</and_exp></or_exp>
</condition>

<Node id="47" bw="0" op_0_bw="0" op_1_bw="32" op_2_bw="0">
<![CDATA[
.critedge.i:22  call void (...)* @_ssdm_op_SpecProtocol(i32 0, [1 x i8]* @p_str3) nounwind

]]></Node>
<StgValue><ssdm name=""/></StgValue>
</operation>

<operation id="48" st_id="5" stage="1" lat="1">
<core>FIFO</core>
<MemPortIdVec></MemPortIdVec>
<condition id="0">
<or_exp><and_exp><literal name="exitcond_i" val="0"/>
</and_exp></or_exp>
</condition>

<Node id="48" bw="0" op_0_bw="0" op_1_bw="8" op_2_bw="8">
<![CDATA[
.critedge.i:23  call void @_ssdm_op_Write.ap_fifo.volatile.i8P(i8* %dst_data_stream_V, i8 %p_Val2_37)

]]></Node>
<StgValue><ssdm name=""/></StgValue>
</operation>

<operation id="49" st_id="5" stage="1" lat="1">
<core>NULL</core>
<MemPortIdVec></MemPortIdVec>
<condition id="0">
<or_exp><and_exp><literal name="exitcond_i" val="0"/>
</and_exp></or_exp>
</condition>

<Node id="49" bw="32" op_0_bw="32" op_1_bw="0" op_2_bw="32">
<![CDATA[
.critedge.i:24  %empty_123 = call i32 (...)* @_ssdm_op_SpecRegionEnd([13 x i8]* @p_str21, i32 %tmp_8_i)

]]></Node>
<StgValue><ssdm name="empty_123"/></StgValue>
</operation>

<operation id="50" st_id="5" stage="1" lat="1">
<core>NULL</core>
<MemPortIdVec></MemPortIdVec>
<condition id="0">
<or_exp><and_exp><literal name="exitcond_i" val="0"/>
</and_exp></or_exp>
</condition>

<Node id="50" bw="32" op_0_bw="32" op_1_bw="0" op_2_bw="32">
<![CDATA[
.critedge.i:25  %empty_124 = call i32 (...)* @_ssdm_op_SpecRegionEnd([11 x i8]* @p_str12, i32 %tmp_5_i)

]]></Node>
<StgValue><ssdm name="empty_124"/></StgValue>
</operation>

<operation id="51" st_id="5" stage="1" lat="1">
<core>NULL</core>
<MemPortIdVec></MemPortIdVec>
<condition id="0">
<or_exp><and_exp><literal name="exitcond_i" val="0"/>
</and_exp></or_exp>
</condition>

<Node id="51" bw="0" op_0_bw="0">
<![CDATA[
.critedge.i:26  br label %2

]]></Node>
<StgValue><ssdm name=""/></StgValue>
</operation>
</state>

<state id="6" st_id="6">

<operation id="52" st_id="6" stage="1" lat="1">
<core>NULL</core>
<MemPortIdVec></MemPortIdVec>
<condition id="21">
<or_exp><and_exp></and_exp></or_exp>
</condition>

<Node id="53" bw="32" op_0_bw="32" op_1_bw="0" op_2_bw="32">
<![CDATA[
:0  %empty_125 = call i32 (...)* @_ssdm_op_SpecRegionEnd([12 x i8]* @p_str11, i32 %tmp_i)

]]></Node>
<StgValue><ssdm name="empty_125"/></StgValue>
</operation>

<operation id="53" st_id="6" stage="1" lat="1">
<core>NULL</core>
<MemPortIdVec></MemPortIdVec>
<condition id="21">
<or_exp><and_exp></and_exp></or_exp>
</condition>

<Node id="54" bw="0" op_0_bw="0">
<![CDATA[
:1  br label %0

]]></Node>
<StgValue><ssdm name=""/></StgValue>
</operation>
</state>
</state_list>


<ports>
</ports>


<dataflows>
</dataflows>


</stg>
