<stg><name>AbsDiff</name>


<trans_list>

<trans id="54" from="1" to="2">
<condition id="23">
<or_exp><and_exp></and_exp></or_exp>
</condition>
</trans>

<trans id="55" from="2" to="3">
<condition id="25">
<or_exp><and_exp><literal name="exitcond1_i" val="0"/>
</and_exp></or_exp>
</condition>
</trans>

<trans id="64" from="3" to="6">
<condition id="34">
<or_exp><and_exp><literal name="exitcond_i" val="1"/>
</and_exp></or_exp>
</condition>
</trans>

<trans id="65" from="3" to="4">
<condition id="37">
<or_exp><and_exp><literal name="exitcond_i" val="0"/>
</and_exp></or_exp>
</condition>
</trans>

<trans id="62" from="4" to="5">
<condition id="35">
<or_exp><and_exp></and_exp></or_exp>
</condition>
</trans>

<trans id="63" from="5" to="3">
<condition id="36">
<or_exp><and_exp></and_exp></or_exp>
</condition>
</trans>

<trans id="60" from="6" to="2">
<condition id="33">
<or_exp><and_exp></and_exp></or_exp>
</condition>
</trans>
</trans_list>



<state_list>

<state id="1" st_id="1">

<operation id="7" st_id="1" stage="1" lat="1">
<core>NULL</core>
<MemPortIdVec></MemPortIdVec>
<condition id="15">
<or_exp><and_exp></and_exp></or_exp>
</condition>

<Node id="4" bw="0" op_0_bw="0" op_1_bw="8" op_2_bw="0" op_3_bw="32" op_4_bw="32" op_5_bw="0" op_6_bw="32" op_7_bw="32" op_8_bw="0" op_9_bw="0" op_10_bw="0" op_11_bw="32" op_12_bw="32" op_13_bw="32" op_14_bw="32" op_15_bw="0" op_16_bw="0">
<![CDATA[
._crit_edge10:0  call void (...)* @_ssdm_op_SpecInterface(i8* %dst_data_stream_V, [8 x i8]* @ap_fifo_str, i32 0, i32 0, [1 x i8]* @p_str220, i32 0, i32 0, [1 x i8]* @p_str221, [1 x i8]* @p_str222, [1 x i8]* @p_str223, i32 2, i32 2, i32 16, i32 16, [1 x i8]* @p_str224, [1 x i8]* @p_str225)

]]></Node>
<StgValue><ssdm name=""/></StgValue>
</operation>

<operation id="8" st_id="1" stage="1" lat="1">
<core>NULL</core>
<MemPortIdVec></MemPortIdVec>
<condition id="15">
<or_exp><and_exp></and_exp></or_exp>
</condition>

<Node id="5" bw="0" op_0_bw="0" op_1_bw="8" op_2_bw="0" op_3_bw="32" op_4_bw="32" op_5_bw="0" op_6_bw="32" op_7_bw="32" op_8_bw="0" op_9_bw="0" op_10_bw="0" op_11_bw="32" op_12_bw="32" op_13_bw="32" op_14_bw="32" op_15_bw="0" op_16_bw="0">
<![CDATA[
._crit_edge10:1  call void (...)* @_ssdm_op_SpecInterface(i8* %src2_data_stream_V, [8 x i8]* @ap_fifo_str, i32 0, i32 0, [1 x i8]* @p_str213, i32 0, i32 0, [1 x i8]* @p_str214, [1 x i8]* @p_str215, [1 x i8]* @p_str216, i32 2, i32 2, i32 16, i32 16, [1 x i8]* @p_str217, [1 x i8]* @p_str218)

]]></Node>
<StgValue><ssdm name=""/></StgValue>
</operation>

<operation id="9" st_id="1" stage="1" lat="1">
<core>NULL</core>
<MemPortIdVec></MemPortIdVec>
<condition id="15">
<or_exp><and_exp></and_exp></or_exp>
</condition>

<Node id="6" bw="0" op_0_bw="0" op_1_bw="8" op_2_bw="0" op_3_bw="32" op_4_bw="32" op_5_bw="0" op_6_bw="32" op_7_bw="32" op_8_bw="0" op_9_bw="0" op_10_bw="0" op_11_bw="32" op_12_bw="32" op_13_bw="32" op_14_bw="32" op_15_bw="0" op_16_bw="0">
<![CDATA[
._crit_edge10:2  call void (...)* @_ssdm_op_SpecInterface(i8* %src1_data_stream_V, [8 x i8]* @ap_fifo_str, i32 0, i32 0, [1 x i8]* @p_str199, i32 0, i32 0, [1 x i8]* @p_str200, [1 x i8]* @p_str201, [1 x i8]* @p_str202, i32 2, i32 2, i32 16, i32 16, [1 x i8]* @p_str203, [1 x i8]* @p_str204)

]]></Node>
<StgValue><ssdm name=""/></StgValue>
</operation>

<operation id="10" st_id="1" stage="1" lat="1">
<core>NULL</core>
<MemPortIdVec></MemPortIdVec>
<condition id="15">
<or_exp><and_exp></and_exp></or_exp>
</condition>

<Node id="7" bw="0" op_0_bw="0">
<![CDATA[
._crit_edge10:3  br label %0

]]></Node>
<StgValue><ssdm name=""/></StgValue>
</operation>
</state>

<state id="2" st_id="2">

<operation id="11" st_id="2" stage="1" lat="1">
<core>NULL</core>
<MemPortIdVec></MemPortIdVec>
<condition id="16">
<or_exp><and_exp></and_exp></or_exp>
</condition>

<Node id="9" bw="10" op_0_bw="10" op_1_bw="0">
<![CDATA[
:0  %t_V = phi i10 [ 0, %._crit_edge10 ], [ %i_V, %3 ]

]]></Node>
<StgValue><ssdm name="t_V"/></StgValue>
</operation>

<operation id="12" st_id="2" stage="1" lat="1">
<core>Cmp</core>
<MemPortIdVec></MemPortIdVec>
<condition id="16">
<or_exp><and_exp></and_exp></or_exp>
</condition>

<Node id="10" bw="1" op_0_bw="10" op_1_bw="10">
<![CDATA[
:1  %exitcond1_i = icmp eq i10 %t_V, -384

]]></Node>
<StgValue><ssdm name="exitcond1_i"/></StgValue>
</operation>

<operation id="13" st_id="2" stage="1" lat="1">
<core>NULL</core>
<MemPortIdVec></MemPortIdVec>
<condition id="16">
<or_exp><and_exp></and_exp></or_exp>
</condition>

<Node id="11" bw="0" op_0_bw="0" op_1_bw="64" op_2_bw="64" op_3_bw="64">
<![CDATA[
:2  call void (...)* @_ssdm_op_SpecLoopTripCount(i64 640, i64 640, i64 640)

]]></Node>
<StgValue><ssdm name=""/></StgValue>
</operation>

<operation id="14" st_id="2" stage="1" lat="1">
<core>AddSub</core>
<MemPortIdVec></MemPortIdVec>
<condition id="16">
<or_exp><and_exp></and_exp></or_exp>
</condition>

<Node id="12" bw="10" op_0_bw="10" op_1_bw="10">
<![CDATA[
:3  %i_V = add i10 %t_V, 1

]]></Node>
<StgValue><ssdm name="i_V"/></StgValue>
</operation>

<operation id="15" st_id="2" stage="1" lat="1">
<core>NULL</core>
<MemPortIdVec></MemPortIdVec>
<condition id="16">
<or_exp><and_exp></and_exp></or_exp>
</condition>

<Node id="13" bw="0" op_0_bw="1" op_1_bw="0" op_2_bw="0">
<![CDATA[
:4  br i1 %exitcond1_i, label %"arithm_pro<kernel_absdiff, 640, 640, 0, 0, 0, int, int, int>.exit", label %1

]]></Node>
<StgValue><ssdm name=""/></StgValue>
</operation>

<operation id="16" st_id="2" stage="1" lat="1">
<core>NULL</core>
<MemPortIdVec></MemPortIdVec>
<condition id="18">
<or_exp><and_exp><literal name="exitcond1_i" val="0"/>
</and_exp></or_exp>
</condition>

<Node id="15" bw="0" op_0_bw="0" op_1_bw="0">
<![CDATA[
:0  call void (...)* @_ssdm_op_SpecLoopName([12 x i8]* @p_str11) nounwind

]]></Node>
<StgValue><ssdm name=""/></StgValue>
</operation>

<operation id="17" st_id="2" stage="1" lat="1">
<core>NULL</core>
<MemPortIdVec></MemPortIdVec>
<condition id="18">
<or_exp><and_exp><literal name="exitcond1_i" val="0"/>
</and_exp></or_exp>
</condition>

<Node id="16" bw="32" op_0_bw="32" op_1_bw="0">
<![CDATA[
:1  %tmp_i = call i32 (...)* @_ssdm_op_SpecRegionBegin([12 x i8]* @p_str11)

]]></Node>
<StgValue><ssdm name="tmp_i"/></StgValue>
</operation>

<operation id="18" st_id="2" stage="1" lat="1">
<core>NULL</core>
<MemPortIdVec></MemPortIdVec>
<condition id="18">
<or_exp><and_exp><literal name="exitcond1_i" val="0"/>
</and_exp></or_exp>
</condition>

<Node id="17" bw="0" op_0_bw="0">
<![CDATA[
:2  br label %2

]]></Node>
<StgValue><ssdm name=""/></StgValue>
</operation>

<operation id="19" st_id="2" stage="1" lat="1">
<core>NULL</core>
<MemPortIdVec></MemPortIdVec>
<condition id="20">
<or_exp><and_exp><literal name="exitcond1_i" val="1"/>
</and_exp></or_exp>
</condition>

<Node id="56" bw="0">
<![CDATA[
arithm_pro<kernel_absdiff, 640, 640, 0, 0, 0, int, int, int>.exit:0  ret void

]]></Node>
<StgValue><ssdm name=""/></StgValue>
</operation>
</state>

<state id="3" st_id="3">

<operation id="20" st_id="3" stage="1" lat="1">
<core>NULL</core>
<MemPortIdVec></MemPortIdVec>
<condition id="-1">
<or_exp><and_exp></and_exp></or_exp>
</condition>

<Node id="19" bw="10" op_0_bw="10" op_1_bw="0">
<![CDATA[
:0  %t_V_6 = phi i10 [ 0, %1 ], [ %j_V, %.critedge.i ]

]]></Node>
<StgValue><ssdm name="t_V_6"/></StgValue>
</operation>

<operation id="21" st_id="3" stage="1" lat="1">
<core>Cmp</core>
<MemPortIdVec></MemPortIdVec>
<condition id="-1">
<or_exp><and_exp></and_exp></or_exp>
</condition>

<Node id="20" bw="1" op_0_bw="10" op_1_bw="10">
<![CDATA[
:1  %exitcond_i = icmp eq i10 %t_V_6, -384

]]></Node>
<StgValue><ssdm name="exitcond_i"/></StgValue>
</operation>

<operation id="22" st_id="3" stage="1" lat="1">
<core>NULL</core>
<MemPortIdVec></MemPortIdVec>
<condition id="-1">
<or_exp><and_exp></and_exp></or_exp>
</condition>

<Node id="21" bw="0" op_0_bw="0" op_1_bw="64" op_2_bw="64" op_3_bw="64">
<![CDATA[
:2  call void (...)* @_ssdm_op_SpecLoopTripCount(i64 640, i64 640, i64 640)

]]></Node>
<StgValue><ssdm name=""/></StgValue>
</operation>

<operation id="23" st_id="3" stage="1" lat="1">
<core>AddSub</core>
<MemPortIdVec></MemPortIdVec>
<condition id="-1">
<or_exp><and_exp></and_exp></or_exp>
</condition>

<Node id="22" bw="10" op_0_bw="10" op_1_bw="10">
<![CDATA[
:3  %j_V = add i10 %t_V_6, 1

]]></Node>
<StgValue><ssdm name="j_V"/></StgValue>
</operation>

<operation id="24" st_id="3" stage="1" lat="1">
<core>NULL</core>
<MemPortIdVec></MemPortIdVec>
<condition id="-1">
<or_exp><and_exp></and_exp></or_exp>
</condition>

<Node id="23" bw="0" op_0_bw="1" op_1_bw="0" op_2_bw="0">
<![CDATA[
:4  br i1 %exitcond_i, label %3, label %.critedge.i

]]></Node>
<StgValue><ssdm name=""/></StgValue>
</operation>
</state>

<state id="4" st_id="4">

<operation id="25" st_id="4" stage="1" lat="1">
<core>NULL</core>
<MemPortIdVec></MemPortIdVec>
<condition id="0">
<or_exp><and_exp><literal name="exitcond_i" val="0"/>
</and_exp></or_exp>
</condition>

<Node id="28" bw="32" op_0_bw="32" op_1_bw="0">
<![CDATA[
.critedge.i:3  %tmp_6_i = call i32 (...)* @_ssdm_op_SpecRegionBegin([13 x i8]* @p_str16)

]]></Node>
<StgValue><ssdm name="tmp_6_i"/></StgValue>
</operation>

<operation id="26" st_id="4" stage="1" lat="1">
<core>NULL</core>
<MemPortIdVec></MemPortIdVec>
<condition id="0">
<or_exp><and_exp><literal name="exitcond_i" val="0"/>
</and_exp></or_exp>
</condition>

<Node id="29" bw="0" op_0_bw="0" op_1_bw="32" op_2_bw="0">
<![CDATA[
.critedge.i:4  call void (...)* @_ssdm_op_SpecProtocol(i32 0, [1 x i8]* @p_str3) nounwind

]]></Node>
<StgValue><ssdm name=""/></StgValue>
</operation>

<operation id="27" st_id="4" stage="1" lat="1">
<core>FIFO</core>
<MemPortIdVec></MemPortIdVec>
<condition id="0">
<or_exp><and_exp><literal name="exitcond_i" val="0"/>
</and_exp></or_exp>
</condition>

<Node id="30" bw="8" op_0_bw="8" op_1_bw="8">
<![CDATA[
.critedge.i:5  %tmp_80 = call i8 @_ssdm_op_Read.ap_fifo.volatile.i8P(i8* %src1_data_stream_V)

]]></Node>
<StgValue><ssdm name="tmp_80"/></StgValue>
</operation>

<operation id="28" st_id="4" stage="1" lat="1">
<core>NULL</core>
<MemPortIdVec></MemPortIdVec>
<condition id="0">
<or_exp><and_exp><literal name="exitcond_i" val="0"/>
</and_exp></or_exp>
</condition>

<Node id="31" bw="32" op_0_bw="32" op_1_bw="0" op_2_bw="32">
<![CDATA[
.critedge.i:6  %empty = call i32 (...)* @_ssdm_op_SpecRegionEnd([13 x i8]* @p_str16, i32 %tmp_6_i)

]]></Node>
<StgValue><ssdm name="empty"/></StgValue>
</operation>

<operation id="29" st_id="4" stage="1" lat="1">
<core>NULL</core>
<MemPortIdVec></MemPortIdVec>
<condition id="0">
<or_exp><and_exp><literal name="exitcond_i" val="0"/>
</and_exp></or_exp>
</condition>

<Node id="32" bw="32" op_0_bw="32" op_1_bw="0">
<![CDATA[
.critedge.i:7  %tmp_7_i = call i32 (...)* @_ssdm_op_SpecRegionBegin([13 x i8]* @p_str16)

]]></Node>
<StgValue><ssdm name="tmp_7_i"/></StgValue>
</operation>

<operation id="30" st_id="4" stage="1" lat="1">
<core>NULL</core>
<MemPortIdVec></MemPortIdVec>
<condition id="0">
<or_exp><and_exp><literal name="exitcond_i" val="0"/>
</and_exp></or_exp>
</condition>

<Node id="33" bw="0" op_0_bw="0" op_1_bw="32" op_2_bw="0">
<![CDATA[
.critedge.i:8  call void (...)* @_ssdm_op_SpecProtocol(i32 0, [1 x i8]* @p_str3) nounwind

]]></Node>
<StgValue><ssdm name=""/></StgValue>
</operation>

<operation id="31" st_id="4" stage="1" lat="1">
<core>FIFO</core>
<MemPortIdVec></MemPortIdVec>
<condition id="0">
<or_exp><and_exp><literal name="exitcond_i" val="0"/>
</and_exp></or_exp>
</condition>

<Node id="34" bw="8" op_0_bw="8" op_1_bw="8">
<![CDATA[
.critedge.i:9  %tmp_81 = call i8 @_ssdm_op_Read.ap_fifo.volatile.i8P(i8* %src2_data_stream_V)

]]></Node>
<StgValue><ssdm name="tmp_81"/></StgValue>
</operation>

<operation id="32" st_id="4" stage="1" lat="1">
<core>NULL</core>
<MemPortIdVec></MemPortIdVec>
<condition id="0">
<or_exp><and_exp><literal name="exitcond_i" val="0"/>
</and_exp></or_exp>
</condition>

<Node id="35" bw="32" op_0_bw="32" op_1_bw="0" op_2_bw="32">
<![CDATA[
.critedge.i:10  %empty_121 = call i32 (...)* @_ssdm_op_SpecRegionEnd([13 x i8]* @p_str16, i32 %tmp_7_i)

]]></Node>
<StgValue><ssdm name="empty_121"/></StgValue>
</operation>

<operation id="33" st_id="4" stage="1" lat="1">
<core>NULL</core>
<MemPortIdVec></MemPortIdVec>
<condition id="0">
<or_exp><and_exp><literal name="exitcond_i" val="0"/>
</and_exp></or_exp>
</condition>

<Node id="37" bw="9" op_0_bw="8">
<![CDATA[
.critedge.i:12  %lhs_V = zext i8 %tmp_80 to i9

]]></Node>
<StgValue><ssdm name="lhs_V"/></StgValue>
</operation>

<operation id="34" st_id="4" stage="1" lat="1">
<core>NULL</core>
<MemPortIdVec></MemPortIdVec>
<condition id="0">
<or_exp><and_exp><literal name="exitcond_i" val="0"/>
</and_exp></or_exp>
</condition>

<Node id="38" bw="9" op_0_bw="8">
<![CDATA[
.critedge.i:13  %rhs_V = zext i8 %tmp_81 to i9

]]></Node>
<StgValue><ssdm name="rhs_V"/></StgValue>
</operation>

<operation id="35" st_id="4" stage="1" lat="1">
<core>AddSub</core>
<MemPortIdVec></MemPortIdVec>
<condition id="0">
<or_exp><and_exp><literal name="exitcond_i" val="0"/>
</and_exp></or_exp>
</condition>

<Node id="39" bw="9" op_0_bw="9" op_1_bw="9">
<![CDATA[
.critedge.i:14  %r_V = sub i9 %lhs_V, %rhs_V

]]></Node>
<StgValue><ssdm name="r_V"/></StgValue>
</operation>

<operation id="36" st_id="4" stage="1" lat="1">
<core>AddSub</core>
<MemPortIdVec></MemPortIdVec>
<condition id="0">
<or_exp><and_exp><literal name="exitcond_i" val="0"/>
</and_exp></or_exp>
</condition>

<Node id="40" bw="9" op_0_bw="9" op_1_bw="9">
<![CDATA[
.critedge.i:15  %r_V_6 = sub i9 %rhs_V, %lhs_V

]]></Node>
<StgValue><ssdm name="r_V_6"/></StgValue>
</operation>

<operation id="37" st_id="4" stage="1" lat="1">
<core>Cmp</core>
<MemPortIdVec></MemPortIdVec>
<condition id="0">
<or_exp><and_exp><literal name="exitcond_i" val="0"/>
</and_exp></or_exp>
</condition>

<Node id="41" bw="1" op_0_bw="8" op_1_bw="8">
<![CDATA[
.critedge.i:16  %tmp_i_122 = icmp ugt i8 %tmp_80, %tmp_81

]]></Node>
<StgValue><ssdm name="tmp_i_122"/></StgValue>
</operation>

<operation id="38" st_id="4" stage="1" lat="1">
<core>Sel</core>
<MemPortIdVec></MemPortIdVec>
<condition id="0">
<or_exp><and_exp><literal name="exitcond_i" val="0"/>
</and_exp></or_exp>
</condition>

<Node id="42" bw="9" op_0_bw="1" op_1_bw="9" op_2_bw="9">
<![CDATA[
.critedge.i:17  %p_Val2_s = select i1 %tmp_i_122, i9 %r_V, i9 %r_V_6

]]></Node>
<StgValue><ssdm name="p_Val2_s"/></StgValue>
</operation>

<operation id="39" st_id="4" stage="1" lat="1">
<core>NULL</core>
<MemPortIdVec></MemPortIdVec>
<condition id="0">
<or_exp><and_exp><literal name="exitcond_i" val="0"/>
</and_exp></or_exp>
</condition>

<Node id="43" bw="8" op_0_bw="9">
<![CDATA[
.critedge.i:18  %p_Val2_35 = trunc i9 %p_Val2_s to i8

]]></Node>
<StgValue><ssdm name="p_Val2_35"/></StgValue>
</operation>

<operation id="40" st_id="4" stage="1" lat="1">
<core>NULL</core>
<MemPortIdVec></MemPortIdVec>
<condition id="0">
<or_exp><and_exp><literal name="exitcond_i" val="0"/>
</and_exp></or_exp>
</condition>

<Node id="44" bw="1" op_0_bw="1" op_1_bw="9" op_2_bw="32">
<![CDATA[
.critedge.i:19  %tmp = call i1 @_ssdm_op_BitSelect.i1.i9.i32(i9 %p_Val2_s, i32 8)

]]></Node>
<StgValue><ssdm name="tmp"/></StgValue>
</operation>

<operation id="41" st_id="4" stage="1" lat="1">
<core>Sel</core>
<MemPortIdVec></MemPortIdVec>
<condition id="0">
<or_exp><and_exp><literal name="exitcond_i" val="0"/>
</and_exp></or_exp>
</condition>

<Node id="45" bw="8" op_0_bw="1" op_1_bw="8" op_2_bw="8">
<![CDATA[
.critedge.i:20  %p_Val2_37 = select i1 %tmp, i8 -1, i8 %p_Val2_35

]]></Node>
<StgValue><ssdm name="p_Val2_37"/></StgValue>
</operation>
</state>

<state id="5" st_id="5">

<operation id="42" st_id="5" stage="1" lat="1">
<core>NULL</core>
<MemPortIdVec></MemPortIdVec>
<condition id="0">
<or_exp><and_exp><literal name="exitcond_i" val="0"/>
</and_exp></or_exp>
</condition>

<Node id="25" bw="0" op_0_bw="0" op_1_bw="0">
<![CDATA[
.critedge.i:0  call void (...)* @_ssdm_op_SpecLoopName([11 x i8]* @p_str12) nounwind

]]></Node>
<StgValue><ssdm name=""/></StgValue>
</operation>

<operation id="43" st_id="5" stage="1" lat="1">
<core>NULL</core>
<MemPortIdVec></MemPortIdVec>
<condition id="0">
<or_exp><and_exp><literal name="exitcond_i" val="0"/>
</and_exp></or_exp>
</condition>

<Node id="26" bw="32" op_0_bw="32" op_1_bw="0">
<![CDATA[
.critedge.i:1  %tmp_5_i = call i32 (...)* @_ssdm_op_SpecRegionBegin([11 x i8]* @p_str12)

]]></Node>
<StgValue><ssdm name="tmp_5_i"/></StgValue>
</operation>

<operation id="44" st_id="5" stage="1" lat="1">
<core>NULL</core>
<MemPortIdVec></MemPortIdVec>
<condition id="0">
<or_exp><and_exp><literal name="exitcond_i" val="0"/>
</and_exp></or_exp>
</condition>

<Node id="27" bw="0" op_0_bw="0" op_1_bw="32" op_2_bw="32" op_3_bw="32" op_4_bw="32" op_5_bw="0">
<![CDATA[
.critedge.i:2  call void (...)* @_ssdm_op_SpecPipeline(i32 1, i32 1, i32 1, i32 0, [1 x i8]* @p_str3) nounwind

]]></Node>
<StgValue><ssdm name=""/></StgValue>
</operation>

<operation id="45" st_id="5" stage="1" lat="1">
<core>NULL</core>
<MemPortIdVec></MemPortIdVec>
<condition id="0">
<or_exp><and_exp><literal name="exitcond_i" val="0"/>
</and_exp></or_exp>
</condition>

<Node id="36" bw="0" op_0_bw="0" op_1_bw="0">
<![CDATA[
.critedge.i:11  call void (...)* @_ssdm_op_SpecLoopName([14 x i8]* @p_str13) nounwind

]]></Node>
<StgValue><ssdm name=""/></StgValue>
</operation>

<operation id="46" st_id="5" stage="1" lat="1">
<core>NULL</core>
<MemPortIdVec></MemPortIdVec>
<condition id="0">
<or_exp><and_exp><literal name="exitcond_i" val="0"/>
</and_exp></or_exp>
</condition>

<Node id="46" bw="32" op_0_bw="32" op_1_bw="0">
<![CDATA[
.critedge.i:21  %tmp_8_i = call i32 (...)* @_ssdm_op_SpecRegionBegin([13 x i8]* @p_str21)

]]></Node>
<StgValue><ssdm name="tmp_8_i"/></StgValue>
</operation>

<operation id="47" st_id="5" stage="1" lat="1">
<core>NULL</core>
<MemPortIdVec></MemPortIdVec>
<condition id="0">
<or_exp><and_exp><literal name="exitcond_i" val="0"/>
</and_exp></or_exp>
</condition>

<Node id="47" bw="0" op_0_bw="0" op_1_bw="32" op_2_bw="0">
<![CDATA[
.critedge.i:22  call void (...)* @_ssdm_op_SpecProtocol(i32 0, [1 x i8]* @p_str3) nounwind

]]></Node>
<StgValue><ssdm name=""/></StgValue>
</operation>

<operation id="48" st_id="5" stage="1" lat="1">
<core>FIFO</core>
<MemPortIdVec></MemPortIdVec>
<condition id="0">
<or_exp><and_exp><literal name="exitcond_i" val="0"/>
</and_exp></or_exp>
</condition>

<Node id="48" bw="0" op_0_bw="0" op_1_bw="8" op_2_bw="8">
<![CDATA[
.critedge.i:23  call void @_ssdm_op_Write.ap_fifo.volatile.i8P(i8* %dst_data_stream_V, i8 %p_Val2_37)

]]></Node>
<StgValue><ssdm name=""/></StgValue>
</operation>

<operation id="49" st_id="5" stage="1" lat="1">
<core>NULL</core>
<MemPortIdVec></MemPortIdVec>
<condition id="0">
<or_exp><and_exp><literal name="exitcond_i" val="0"/>
</and_exp></or_exp>
</condition>

<Node id="49" bw="32" op_0_bw="32" op_1_bw="0" op_2_bw="32">
<![CDATA[
.critedge.i:24  %empty_123 = call i32 (...)* @_ssdm_op_SpecRegionEnd([13 x i8]* @p_str21, i32 %tmp_8_i)

]]></Node>
<StgValue><ssdm name="empty_123"/></StgValue>
</operation>

<operation id="50" st_id="5" stage="1" lat="1">
<core>NULL</core>
<MemPortIdVec></MemPortIdVec>
<condition id="0">
<or_exp><and_exp><literal name="exitcond_i" val="0"/>
</and_exp></or_exp>
</condition>

<Node id="50" bw="32" op_0_bw="32" op_1_bw="0" op_2_bw="32">
<![CDATA[
.critedge.i:25  %empty_124 = call i32 (...)* @_ssdm_op_SpecRegionEnd([11 x i8]* @p_str12, i32 %tmp_5_i)

]]></Node>
<StgValue><ssdm name="empty_124"/></StgValue>
</operation>

<operation id="51" st_id="5" stage="1" lat="1">
<core>NULL</core>
<MemPortIdVec></MemPortIdVec>
<condition id="0">
<or_exp><and_exp><literal name="exitcond_i" val="0"/>
</and_exp></or_exp>
</condition>

<Node id="51" bw="0" op_0_bw="0">
<![CDATA[
.critedge.i:26  br label %2

]]></Node>
<StgValue><ssdm name=""/></StgValue>
</operation>
</state>

<state id="6" st_id="6">

<operation id="52" st_id="6" stage="1" lat="1">
<core>NULL</core>
<MemPortIdVec></MemPortIdVec>
<condition id="21">
<or_exp><and_exp></and_exp></or_exp>
</condition>

<Node id="53" bw="32" op_0_bw="32" op_1_bw="0" op_2_bw="32">
<![CDATA[
:0  %empty_125 = call i32 (...)* @_ssdm_op_SpecRegionEnd([12 x i8]* @p_str11, i32 %tmp_i)

]]></Node>
<StgValue><ssdm name="empty_125"/></StgValue>
</operation>

<operation id="53" st_id="6" stage="1" lat="1">
<core>NULL</core>
<MemPortIdVec></MemPortIdVec>
<condition id="21">
<or_exp><and_exp></and_exp></or_exp>
</condition>

<Node id="54" bw="0" op_0_bw="0">
<![CDATA[
:1  br label %0

]]></Node>
<StgValue><ssdm name=""/></StgValue>
</operation>
</state>
</state_list>


<ports>
<port id="66" name="src1_data_stream_V" dir="0" iftype="3">
<core>FIFO</core><StgValue><ssdm name="src1_data_stream_V"/></StgValue>
</port>
<port id="67" name="src2_data_stream_V" dir="0" iftype="3">
<core>FIFO</core><StgValue><ssdm name="src2_data_stream_V"/></StgValue>
</port>
<port id="68" name="dst_data_stream_V" dir="1" iftype="3">
<core>FIFO</core><StgValue><ssdm name="dst_data_stream_V"/></StgValue>
</port>
</ports>


<dataflows>
<dataflow id="70" from="_ssdm_op_SpecInterface" to="StgValue_7" fromId="69" toId="7">
</dataflow>
<dataflow id="71" from="dst_data_stream_V" to="StgValue_7" fromId="68" toId="7">
</dataflow>
<dataflow id="73" from="ap_fifo_str" to="StgValue_7" fromId="72" toId="7">
</dataflow>
<dataflow id="75" from="StgValue_74" to="StgValue_7" fromId="74" toId="7">
</dataflow>
<dataflow id="76" from="StgValue_74" to="StgValue_7" fromId="74" toId="7">
</dataflow>
<dataflow id="78" from="p_str220" to="StgValue_7" fromId="77" toId="7">
</dataflow>
<dataflow id="79" from="StgValue_74" to="StgValue_7" fromId="74" toId="7">
</dataflow>
<dataflow id="80" from="StgValue_74" to="StgValue_7" fromId="74" toId="7">
</dataflow>
<dataflow id="82" from="p_str221" to="StgValue_7" fromId="81" toId="7">
</dataflow>
<dataflow id="84" from="p_str222" to="StgValue_7" fromId="83" toId="7">
</dataflow>
<dataflow id="86" from="p_str223" to="StgValue_7" fromId="85" toId="7">
</dataflow>
<dataflow id="88" from="StgValue_87" to="StgValue_7" fromId="87" toId="7">
</dataflow>
<dataflow id="89" from="StgValue_87" to="StgValue_7" fromId="87" toId="7">
</dataflow>
<dataflow id="91" from="StgValue_90" to="StgValue_7" fromId="90" toId="7">
</dataflow>
<dataflow id="92" from="StgValue_90" to="StgValue_7" fromId="90" toId="7">
</dataflow>
<dataflow id="94" from="p_str224" to="StgValue_7" fromId="93" toId="7">
</dataflow>
<dataflow id="96" from="p_str225" to="StgValue_7" fromId="95" toId="7">
</dataflow>
<dataflow id="97" from="_ssdm_op_SpecInterface" to="StgValue_8" fromId="69" toId="8">
</dataflow>
<dataflow id="98" from="src2_data_stream_V" to="StgValue_8" fromId="67" toId="8">
</dataflow>
<dataflow id="99" from="ap_fifo_str" to="StgValue_8" fromId="72" toId="8">
</dataflow>
<dataflow id="100" from="StgValue_74" to="StgValue_8" fromId="74" toId="8">
</dataflow>
<dataflow id="101" from="StgValue_74" to="StgValue_8" fromId="74" toId="8">
</dataflow>
<dataflow id="103" from="p_str213" to="StgValue_8" fromId="102" toId="8">
</dataflow>
<dataflow id="104" from="StgValue_74" to="StgValue_8" fromId="74" toId="8">
</dataflow>
<dataflow id="105" from="StgValue_74" to="StgValue_8" fromId="74" toId="8">
</dataflow>
<dataflow id="107" from="p_str214" to="StgValue_8" fromId="106" toId="8">
</dataflow>
<dataflow id="109" from="p_str215" to="StgValue_8" fromId="108" toId="8">
</dataflow>
<dataflow id="111" from="p_str216" to="StgValue_8" fromId="110" toId="8">
</dataflow>
<dataflow id="112" from="StgValue_87" to="StgValue_8" fromId="87" toId="8">
</dataflow>
<dataflow id="113" from="StgValue_87" to="StgValue_8" fromId="87" toId="8">
</dataflow>
<dataflow id="114" from="StgValue_90" to="StgValue_8" fromId="90" toId="8">
</dataflow>
<dataflow id="115" from="StgValue_90" to="StgValue_8" fromId="90" toId="8">
</dataflow>
<dataflow id="117" from="p_str217" to="StgValue_8" fromId="116" toId="8">
</dataflow>
<dataflow id="119" from="p_str218" to="StgValue_8" fromId="118" toId="8">
</dataflow>
<dataflow id="120" from="_ssdm_op_SpecInterface" to="StgValue_9" fromId="69" toId="9">
</dataflow>
<dataflow id="121" from="src1_data_stream_V" to="StgValue_9" fromId="66" toId="9">
</dataflow>
<dataflow id="122" from="ap_fifo_str" to="StgValue_9" fromId="72" toId="9">
</dataflow>
<dataflow id="123" from="StgValue_74" to="StgValue_9" fromId="74" toId="9">
</dataflow>
<dataflow id="124" from="StgValue_74" to="StgValue_9" fromId="74" toId="9">
</dataflow>
<dataflow id="126" from="p_str199" to="StgValue_9" fromId="125" toId="9">
</dataflow>
<dataflow id="127" from="StgValue_74" to="StgValue_9" fromId="74" toId="9">
</dataflow>
<dataflow id="128" from="StgValue_74" to="StgValue_9" fromId="74" toId="9">
</dataflow>
<dataflow id="130" from="p_str200" to="StgValue_9" fromId="129" toId="9">
</dataflow>
<dataflow id="132" from="p_str201" to="StgValue_9" fromId="131" toId="9">
</dataflow>
<dataflow id="134" from="p_str202" to="StgValue_9" fromId="133" toId="9">
</dataflow>
<dataflow id="135" from="StgValue_87" to="StgValue_9" fromId="87" toId="9">
</dataflow>
<dataflow id="136" from="StgValue_87" to="StgValue_9" fromId="87" toId="9">
</dataflow>
<dataflow id="137" from="StgValue_90" to="StgValue_9" fromId="90" toId="9">
</dataflow>
<dataflow id="138" from="StgValue_90" to="StgValue_9" fromId="90" toId="9">
</dataflow>
<dataflow id="140" from="p_str203" to="StgValue_9" fromId="139" toId="9">
</dataflow>
<dataflow id="142" from="p_str204" to="StgValue_9" fromId="141" toId="9">
</dataflow>
<dataflow id="144" from="StgValue_143" to="t_V" fromId="143" toId="11">
<condition id="59">
<or_exp><and_exp></and_exp></or_exp>
</condition>
</dataflow>
<dataflow id="145" from="StgValue_10" to="t_V" fromId="10" toId="11">
</dataflow>
<dataflow id="146" from="i_V" to="t_V" fromId="14" toId="11">
<BackEdge/>
<condition id="60">
<or_exp><and_exp></and_exp></or_exp>
</condition>
</dataflow>
<dataflow id="147" from="StgValue_53" to="t_V" fromId="53" toId="11">
<BackEdge/>
</dataflow>
<dataflow id="148" from="t_V" to="exitcond1_i" fromId="11" toId="12">
</dataflow>
<dataflow id="150" from="StgValue_149" to="exitcond1_i" fromId="149" toId="12">
</dataflow>
<dataflow id="152" from="_ssdm_op_SpecLoopTripCount" to="StgValue_13" fromId="151" toId="13">
</dataflow>
<dataflow id="154" from="StgValue_153" to="StgValue_13" fromId="153" toId="13">
</dataflow>
<dataflow id="155" from="StgValue_153" to="StgValue_13" fromId="153" toId="13">
</dataflow>
<dataflow id="156" from="StgValue_153" to="StgValue_13" fromId="153" toId="13">
</dataflow>
<dataflow id="157" from="t_V" to="i_V" fromId="11" toId="14">
</dataflow>
<dataflow id="159" from="StgValue_158" to="i_V" fromId="158" toId="14">
</dataflow>
<dataflow id="160" from="exitcond1_i" to="StgValue_15" fromId="12" toId="15">
</dataflow>
<dataflow id="162" from="_ssdm_op_SpecLoopName" to="StgValue_16" fromId="161" toId="16">
</dataflow>
<dataflow id="164" from="p_str11" to="StgValue_16" fromId="163" toId="16">
</dataflow>
<dataflow id="166" from="_ssdm_op_SpecRegionBegin" to="tmp_i" fromId="165" toId="17">
</dataflow>
<dataflow id="167" from="p_str11" to="tmp_i" fromId="163" toId="17">
</dataflow>
<dataflow id="168" from="StgValue_143" to="t_V_6" fromId="143" toId="20">
<condition id="61">
<or_exp><and_exp><literal name="exitcond1_i" val="0"/>
</and_exp></or_exp>
</condition>
</dataflow>
<dataflow id="169" from="StgValue_18" to="t_V_6" fromId="18" toId="20">
</dataflow>
<dataflow id="170" from="j_V" to="t_V_6" fromId="23" toId="20">
<BackEdge/>
<condition id="62">
<or_exp><and_exp><literal name="exitcond_i" val="0"/>
</and_exp></or_exp>
</condition>
</dataflow>
<dataflow id="171" from="StgValue_51" to="t_V_6" fromId="51" toId="20">
<BackEdge/>
</dataflow>
<dataflow id="172" from="t_V_6" to="exitcond_i" fromId="20" toId="21">
</dataflow>
<dataflow id="173" from="StgValue_149" to="exitcond_i" fromId="149" toId="21">
</dataflow>
<dataflow id="174" from="_ssdm_op_SpecLoopTripCount" to="StgValue_22" fromId="151" toId="22">
</dataflow>
<dataflow id="175" from="StgValue_153" to="StgValue_22" fromId="153" toId="22">
</dataflow>
<dataflow id="176" from="StgValue_153" to="StgValue_22" fromId="153" toId="22">
</dataflow>
<dataflow id="177" from="StgValue_153" to="StgValue_22" fromId="153" toId="22">
</dataflow>
<dataflow id="178" from="t_V_6" to="j_V" fromId="20" toId="23">
</dataflow>
<dataflow id="179" from="StgValue_158" to="j_V" fromId="158" toId="23">
</dataflow>
<dataflow id="180" from="exitcond_i" to="StgValue_24" fromId="21" toId="24">
</dataflow>
<dataflow id="181" from="_ssdm_op_SpecRegionBegin" to="tmp_6_i" fromId="165" toId="25">
</dataflow>
<dataflow id="183" from="p_str16" to="tmp_6_i" fromId="182" toId="25">
</dataflow>
<dataflow id="185" from="_ssdm_op_SpecProtocol" to="StgValue_26" fromId="184" toId="26">
</dataflow>
<dataflow id="186" from="StgValue_74" to="StgValue_26" fromId="74" toId="26">
</dataflow>
<dataflow id="188" from="p_str3" to="StgValue_26" fromId="187" toId="26">
</dataflow>
<dataflow id="190" from="_ssdm_op_Read.ap_fifo.volatile.i8P" to="tmp_80" fromId="189" toId="27">
</dataflow>
<dataflow id="191" from="src1_data_stream_V" to="tmp_80" fromId="66" toId="27">
</dataflow>
<dataflow id="193" from="_ssdm_op_SpecRegionEnd" to="empty" fromId="192" toId="28">
</dataflow>
<dataflow id="194" from="p_str16" to="empty" fromId="182" toId="28">
</dataflow>
<dataflow id="195" from="tmp_6_i" to="empty" fromId="25" toId="28">
</dataflow>
<dataflow id="196" from="_ssdm_op_SpecRegionBegin" to="tmp_7_i" fromId="165" toId="29">
</dataflow>
<dataflow id="197" from="p_str16" to="tmp_7_i" fromId="182" toId="29">
</dataflow>
<dataflow id="198" from="_ssdm_op_SpecProtocol" to="StgValue_30" fromId="184" toId="30">
</dataflow>
<dataflow id="199" from="StgValue_74" to="StgValue_30" fromId="74" toId="30">
</dataflow>
<dataflow id="200" from="p_str3" to="StgValue_30" fromId="187" toId="30">
</dataflow>
<dataflow id="201" from="_ssdm_op_Read.ap_fifo.volatile.i8P" to="tmp_81" fromId="189" toId="31">
</dataflow>
<dataflow id="202" from="src2_data_stream_V" to="tmp_81" fromId="67" toId="31">
</dataflow>
<dataflow id="203" from="_ssdm_op_SpecRegionEnd" to="empty_121" fromId="192" toId="32">
</dataflow>
<dataflow id="204" from="p_str16" to="empty_121" fromId="182" toId="32">
</dataflow>
<dataflow id="205" from="tmp_7_i" to="empty_121" fromId="29" toId="32">
</dataflow>
<dataflow id="206" from="tmp_80" to="lhs_V" fromId="27" toId="33">
</dataflow>
<dataflow id="207" from="tmp_81" to="rhs_V" fromId="31" toId="34">
</dataflow>
<dataflow id="208" from="lhs_V" to="r_V" fromId="33" toId="35">
</dataflow>
<dataflow id="209" from="rhs_V" to="r_V" fromId="34" toId="35">
</dataflow>
<dataflow id="210" from="rhs_V" to="r_V_6" fromId="34" toId="36">
</dataflow>
<dataflow id="211" from="lhs_V" to="r_V_6" fromId="33" toId="36">
</dataflow>
<dataflow id="212" from="tmp_80" to="tmp_i_122" fromId="27" toId="37">
</dataflow>
<dataflow id="213" from="tmp_81" to="tmp_i_122" fromId="31" toId="37">
</dataflow>
<dataflow id="214" from="tmp_i_122" to="p_Val2_s" fromId="37" toId="38">
</dataflow>
<dataflow id="215" from="r_V" to="p_Val2_s" fromId="35" toId="38">
</dataflow>
<dataflow id="216" from="r_V_6" to="p_Val2_s" fromId="36" toId="38">
</dataflow>
<dataflow id="217" from="p_Val2_s" to="p_Val2_35" fromId="38" toId="39">
</dataflow>
<dataflow id="219" from="_ssdm_op_BitSelect.i1.i9.i32" to="tmp" fromId="218" toId="40">
</dataflow>
<dataflow id="220" from="p_Val2_s" to="tmp" fromId="38" toId="40">
</dataflow>
<dataflow id="222" from="StgValue_221" to="tmp" fromId="221" toId="40">
</dataflow>
<dataflow id="223" from="tmp" to="p_Val2_37" fromId="40" toId="41">
</dataflow>
<dataflow id="225" from="StgValue_224" to="p_Val2_37" fromId="224" toId="41">
</dataflow>
<dataflow id="226" from="p_Val2_35" to="p_Val2_37" fromId="39" toId="41">
</dataflow>
<dataflow id="227" from="_ssdm_op_SpecLoopName" to="StgValue_42" fromId="161" toId="42">
</dataflow>
<dataflow id="229" from="p_str12" to="StgValue_42" fromId="228" toId="42">
</dataflow>
<dataflow id="230" from="_ssdm_op_SpecRegionBegin" to="tmp_5_i" fromId="165" toId="43">
</dataflow>
<dataflow id="231" from="p_str12" to="tmp_5_i" fromId="228" toId="43">
</dataflow>
<dataflow id="233" from="_ssdm_op_SpecPipeline" to="StgValue_44" fromId="232" toId="44">
</dataflow>
<dataflow id="235" from="StgValue_234" to="StgValue_44" fromId="234" toId="44">
</dataflow>
<dataflow id="236" from="StgValue_234" to="StgValue_44" fromId="234" toId="44">
</dataflow>
<dataflow id="237" from="StgValue_234" to="StgValue_44" fromId="234" toId="44">
</dataflow>
<dataflow id="238" from="StgValue_74" to="StgValue_44" fromId="74" toId="44">
</dataflow>
<dataflow id="239" from="p_str3" to="StgValue_44" fromId="187" toId="44">
</dataflow>
<dataflow id="240" from="_ssdm_op_SpecLoopName" to="StgValue_45" fromId="161" toId="45">
</dataflow>
<dataflow id="242" from="p_str13" to="StgValue_45" fromId="241" toId="45">
</dataflow>
<dataflow id="243" from="_ssdm_op_SpecRegionBegin" to="tmp_8_i" fromId="165" toId="46">
</dataflow>
<dataflow id="245" from="p_str21" to="tmp_8_i" fromId="244" toId="46">
</dataflow>
<dataflow id="246" from="_ssdm_op_SpecProtocol" to="StgValue_47" fromId="184" toId="47">
</dataflow>
<dataflow id="247" from="StgValue_74" to="StgValue_47" fromId="74" toId="47">
</dataflow>
<dataflow id="248" from="p_str3" to="StgValue_47" fromId="187" toId="47">
</dataflow>
<dataflow id="250" from="_ssdm_op_Write.ap_fifo.volatile.i8P" to="StgValue_48" fromId="249" toId="48">
</dataflow>
<dataflow id="251" from="dst_data_stream_V" to="StgValue_48" fromId="68" toId="48">
</dataflow>
<dataflow id="252" from="p_Val2_37" to="StgValue_48" fromId="41" toId="48">
</dataflow>
<dataflow id="253" from="_ssdm_op_SpecRegionEnd" to="empty_123" fromId="192" toId="49">
</dataflow>
<dataflow id="254" from="p_str21" to="empty_123" fromId="244" toId="49">
</dataflow>
<dataflow id="255" from="tmp_8_i" to="empty_123" fromId="46" toId="49">
</dataflow>
<dataflow id="256" from="_ssdm_op_SpecRegionEnd" to="empty_124" fromId="192" toId="50">
</dataflow>
<dataflow id="257" from="p_str12" to="empty_124" fromId="228" toId="50">
</dataflow>
<dataflow id="258" from="tmp_5_i" to="empty_124" fromId="43" toId="50">
</dataflow>
<dataflow id="259" from="_ssdm_op_SpecRegionEnd" to="empty_125" fromId="192" toId="52">
</dataflow>
<dataflow id="260" from="p_str11" to="empty_125" fromId="163" toId="52">
</dataflow>
<dataflow id="261" from="tmp_i" to="empty_125" fromId="17" toId="52">
</dataflow>
<dataflow id="262" from="exitcond1_i" to="StgValue_2" fromId="12" toId="2">
</dataflow>
<dataflow id="263" from="exitcond_i" to="StgValue_4" fromId="21" toId="4">
</dataflow>
<dataflow id="264" from="exitcond_i" to="StgValue_5" fromId="21" toId="5">
</dataflow>
<dataflow id="265" from="exitcond_i" to="StgValue_3" fromId="21" toId="3">
</dataflow>
<dataflow id="266" from="exitcond1_i" to="StgValue_3" fromId="12" toId="3">
</dataflow>
<dataflow id="267" from="exitcond1_i" to="StgValue_4" fromId="12" toId="4">
</dataflow>
<dataflow id="268" from="exitcond1_i" to="StgValue_5" fromId="12" toId="5">
</dataflow>
</dataflows>


</stg>
