<stg><name>Array2Mat</name>


<trans_list>

<trans id="45" from="1" to="2">
<condition id="17">
<or_exp><and_exp></and_exp></or_exp>
</condition>
</trans>

<trans id="46" from="2" to="3">
<condition id="19">
<or_exp><and_exp><literal name="exitcond8" val="0"/>
</and_exp></or_exp>
</condition>
</trans>

<trans id="54" from="3" to="5">
<condition id="28">
<or_exp><and_exp><literal name="exitcond" val="1"/>
</and_exp></or_exp>
</condition>
</trans>

<trans id="55" from="3" to="4">
<condition id="30">
<or_exp><and_exp><literal name="exitcond" val="0"/>
</and_exp></or_exp>
</condition>
</trans>

<trans id="53" from="4" to="3">
<condition id="29">
<or_exp><and_exp></and_exp></or_exp>
</condition>
</trans>

<trans id="51" from="5" to="2">
<condition id="27">
<or_exp><and_exp></and_exp></or_exp>
</condition>
</trans>
</trans_list>



<state_list>

<state id="1" st_id="1">

<operation id="6" st_id="1" stage="1" lat="1">
<core>NULL</core>
<MemPortIdVec></MemPortIdVec>
<condition id="9">
<or_exp><and_exp></and_exp></or_exp>
</condition>

<Node id="3" bw="0" op_0_bw="0" op_1_bw="8" op_2_bw="0" op_3_bw="32" op_4_bw="32" op_5_bw="0" op_6_bw="32" op_7_bw="32" op_8_bw="0" op_9_bw="0" op_10_bw="0" op_11_bw="32" op_12_bw="32" op_13_bw="32" op_14_bw="32" op_15_bw="0" op_16_bw="0">
<![CDATA[
._crit_edge:0  call void (...)* @_ssdm_op_SpecInterface(i8* %img_data_stream_V, [8 x i8]* @ap_fifo_str, i32 0, i32 0, [1 x i8]* @p_str213, i32 0, i32 0, [1 x i8]* @p_str214, [1 x i8]* @p_str215, [1 x i8]* @p_str216, i32 2, i32 2, i32 16, i32 16, [1 x i8]* @p_str217, [1 x i8]* @p_str218)

]]></Node>
<StgValue><ssdm name=""/></StgValue>
</operation>

<operation id="7" st_id="1" stage="1" lat="1">
<core>NULL</core>
<MemPortIdVec></MemPortIdVec>
<condition id="9">
<or_exp><and_exp></and_exp></or_exp>
</condition>

<Node id="4" bw="0" op_0_bw="0" op_1_bw="8" op_2_bw="0" op_3_bw="0" op_4_bw="0" op_5_bw="32" op_6_bw="0" op_7_bw="0" op_8_bw="0" op_9_bw="0" op_10_bw="0">
<![CDATA[
._crit_edge:1  call void (...)* @_ssdm_op_SpecMemCore([409600 x i8]* %fb, [1 x i8]* @p_str3, [12 x i8]* @p_str5, [1 x i8]* @p_str3, i32 -1, [1 x i8]* @p_str3, [1 x i8]* @p_str3, [1 x i8]* @p_str3, [1 x i8]* @p_str3, [1 x i8]* @p_str3)

]]></Node>
<StgValue><ssdm name=""/></StgValue>
</operation>

<operation id="8" st_id="1" stage="1" lat="1">
<core>NULL</core>
<MemPortIdVec></MemPortIdVec>
<condition id="9">
<or_exp><and_exp></and_exp></or_exp>
</condition>

<Node id="5" bw="0" op_0_bw="0" op_1_bw="8" op_2_bw="0" op_3_bw="32" op_4_bw="32" op_5_bw="0" op_6_bw="32" op_7_bw="32" op_8_bw="0" op_9_bw="0" op_10_bw="0" op_11_bw="32" op_12_bw="32" op_13_bw="32" op_14_bw="32" op_15_bw="0" op_16_bw="0">
<![CDATA[
._crit_edge:2  call void (...)* @_ssdm_op_SpecInterface([409600 x i8]* %fb, [5 x i8]* @p_str4, i32 0, i32 0, [1 x i8]* @p_str3, i32 0, i32 0, [1 x i8]* @p_str3, [1 x i8]* @p_str3, [1 x i8]* @p_str3, i32 0, i32 0, i32 0, i32 0, [1 x i8]* @p_str3, [1 x i8]* @p_str3) nounwind

]]></Node>
<StgValue><ssdm name=""/></StgValue>
</operation>

<operation id="9" st_id="1" stage="1" lat="1">
<core>NULL</core>
<MemPortIdVec></MemPortIdVec>
<condition id="9">
<or_exp><and_exp></and_exp></or_exp>
</condition>

<Node id="6" bw="0" op_0_bw="0">
<![CDATA[
._crit_edge:3  br label %0

]]></Node>
<StgValue><ssdm name=""/></StgValue>
</operation>
</state>

<state id="2" st_id="2">

<operation id="10" st_id="2" stage="1" lat="1">
<core>NULL</core>
<MemPortIdVec></MemPortIdVec>
<condition id="10">
<or_exp><and_exp></and_exp></or_exp>
</condition>

<Node id="8" bw="10" op_0_bw="10" op_1_bw="0">
<![CDATA[
:0  %t_V = phi i10 [ 0, %._crit_edge ], [ %row_V, %4 ]

]]></Node>
<StgValue><ssdm name="t_V"/></StgValue>
</operation>

<operation id="11" st_id="2" stage="1" lat="1">
<core>Cmp</core>
<MemPortIdVec></MemPortIdVec>
<condition id="10">
<or_exp><and_exp></and_exp></or_exp>
</condition>

<Node id="9" bw="1" op_0_bw="10" op_1_bw="10">
<![CDATA[
:1  %exitcond8 = icmp eq i10 %t_V, -384

]]></Node>
<StgValue><ssdm name="exitcond8"/></StgValue>
</operation>

<operation id="12" st_id="2" stage="1" lat="1">
<core>NULL</core>
<MemPortIdVec></MemPortIdVec>
<condition id="10">
<or_exp><and_exp></and_exp></or_exp>
</condition>

<Node id="10" bw="0" op_0_bw="0" op_1_bw="64" op_2_bw="64" op_3_bw="64">
<![CDATA[
:2  call void (...)* @_ssdm_op_SpecLoopTripCount(i64 640, i64 640, i64 640)

]]></Node>
<StgValue><ssdm name=""/></StgValue>
</operation>

<operation id="13" st_id="2" stage="1" lat="1">
<core>AddSub</core>
<MemPortIdVec></MemPortIdVec>
<condition id="10">
<or_exp><and_exp></and_exp></or_exp>
</condition>

<Node id="11" bw="10" op_0_bw="10" op_1_bw="10">
<![CDATA[
:3  %row_V = add i10 %t_V, 1

]]></Node>
<StgValue><ssdm name="row_V"/></StgValue>
</operation>

<operation id="14" st_id="2" stage="1" lat="1">
<core>NULL</core>
<MemPortIdVec></MemPortIdVec>
<condition id="10">
<or_exp><and_exp></and_exp></or_exp>
</condition>

<Node id="12" bw="0" op_0_bw="1" op_1_bw="0" op_2_bw="0">
<![CDATA[
:4  br i1 %exitcond8, label %5, label %1

]]></Node>
<StgValue><ssdm name=""/></StgValue>
</operation>

<operation id="15" st_id="2" stage="1" lat="1">
<core>NULL</core>
<MemPortIdVec></MemPortIdVec>
<condition id="12">
<or_exp><and_exp><literal name="exitcond8" val="0"/>
</and_exp></or_exp>
</condition>

<Node id="14" bw="0" op_0_bw="0" op_1_bw="0">
<![CDATA[
:0  call void (...)* @_ssdm_op_SpecLoopName([11 x i8]* @p_str27) nounwind

]]></Node>
<StgValue><ssdm name=""/></StgValue>
</operation>

<operation id="16" st_id="2" stage="1" lat="1">
<core>NULL</core>
<MemPortIdVec></MemPortIdVec>
<condition id="12">
<or_exp><and_exp><literal name="exitcond8" val="0"/>
</and_exp></or_exp>
</condition>

<Node id="15" bw="32" op_0_bw="32" op_1_bw="0">
<![CDATA[
:1  %tmp = call i32 (...)* @_ssdm_op_SpecRegionBegin([11 x i8]* @p_str27)

]]></Node>
<StgValue><ssdm name="tmp"/></StgValue>
</operation>

<operation id="17" st_id="2" stage="1" lat="1">
<core>NULL</core>
<MemPortIdVec></MemPortIdVec>
<condition id="12">
<or_exp><and_exp><literal name="exitcond8" val="0"/>
</and_exp></or_exp>
</condition>

<Node id="16" bw="19" op_0_bw="19" op_1_bw="10" op_2_bw="9">
<![CDATA[
:2  %p_shl = call i19 @_ssdm_op_BitConcatenate.i19.i10.i9(i10 %t_V, i9 0)

]]></Node>
<StgValue><ssdm name="p_shl"/></StgValue>
</operation>

<operation id="18" st_id="2" stage="1" lat="1">
<core>NULL</core>
<MemPortIdVec></MemPortIdVec>
<condition id="12">
<or_exp><and_exp><literal name="exitcond8" val="0"/>
</and_exp></or_exp>
</condition>

<Node id="17" bw="17" op_0_bw="17" op_1_bw="10" op_2_bw="7">
<![CDATA[
:3  %p_shl2 = call i17 @_ssdm_op_BitConcatenate.i17.i10.i7(i10 %t_V, i7 0)

]]></Node>
<StgValue><ssdm name="p_shl2"/></StgValue>
</operation>

<operation id="19" st_id="2" stage="1" lat="1">
<core>NULL</core>
<MemPortIdVec></MemPortIdVec>
<condition id="12">
<or_exp><and_exp><literal name="exitcond8" val="0"/>
</and_exp></or_exp>
</condition>

<Node id="18" bw="18" op_0_bw="17">
<![CDATA[
:4  %p_shl2_cast_cast = zext i17 %p_shl2 to i18

]]></Node>
<StgValue><ssdm name="p_shl2_cast_cast"/></StgValue>
</operation>

<operation id="20" st_id="2" stage="1" lat="1">
<core>NULL</core>
<MemPortIdVec></MemPortIdVec>
<condition id="12">
<or_exp><and_exp><literal name="exitcond8" val="0"/>
</and_exp></or_exp>
</condition>

<Node id="19" bw="0" op_0_bw="0">
<![CDATA[
:5  br label %2

]]></Node>
<StgValue><ssdm name=""/></StgValue>
</operation>

<operation id="21" st_id="2" stage="1" lat="1">
<core>NULL</core>
<MemPortIdVec></MemPortIdVec>
<condition id="14">
<or_exp><and_exp><literal name="exitcond8" val="1"/>
</and_exp></or_exp>
</condition>

<Node id="46" bw="0">
<![CDATA[
:0  ret void

]]></Node>
<StgValue><ssdm name=""/></StgValue>
</operation>
</state>

<state id="3" st_id="3">

<operation id="22" st_id="3" stage="1" lat="1">
<core>NULL</core>
<MemPortIdVec></MemPortIdVec>
<condition id="-1">
<or_exp><and_exp></and_exp></or_exp>
</condition>

<Node id="21" bw="10" op_0_bw="10" op_1_bw="0">
<![CDATA[
:0  %t_V_5 = phi i10 [ 0, %1 ], [ %col_V, %3 ]

]]></Node>
<StgValue><ssdm name="t_V_5"/></StgValue>
</operation>

<operation id="23" st_id="3" stage="1" lat="1">
<core>Cmp</core>
<MemPortIdVec></MemPortIdVec>
<condition id="-1">
<or_exp><and_exp></and_exp></or_exp>
</condition>

<Node id="22" bw="1" op_0_bw="10" op_1_bw="10">
<![CDATA[
:1  %exitcond = icmp eq i10 %t_V_5, -384

]]></Node>
<StgValue><ssdm name="exitcond"/></StgValue>
</operation>

<operation id="24" st_id="3" stage="1" lat="1">
<core>NULL</core>
<MemPortIdVec></MemPortIdVec>
<condition id="-1">
<or_exp><and_exp></and_exp></or_exp>
</condition>

<Node id="23" bw="0" op_0_bw="0" op_1_bw="64" op_2_bw="64" op_3_bw="64">
<![CDATA[
:2  call void (...)* @_ssdm_op_SpecLoopTripCount(i64 640, i64 640, i64 640)

]]></Node>
<StgValue><ssdm name=""/></StgValue>
</operation>

<operation id="25" st_id="3" stage="1" lat="1">
<core>AddSub</core>
<MemPortIdVec></MemPortIdVec>
<condition id="-1">
<or_exp><and_exp></and_exp></or_exp>
</condition>

<Node id="24" bw="10" op_0_bw="10" op_1_bw="10">
<![CDATA[
:3  %col_V = add i10 %t_V_5, 1

]]></Node>
<StgValue><ssdm name="col_V"/></StgValue>
</operation>

<operation id="26" st_id="3" stage="1" lat="1">
<core>NULL</core>
<MemPortIdVec></MemPortIdVec>
<condition id="-1">
<or_exp><and_exp></and_exp></or_exp>
</condition>

<Node id="25" bw="0" op_0_bw="1" op_1_bw="0" op_2_bw="0">
<![CDATA[
:4  br i1 %exitcond, label %4, label %3

]]></Node>
<StgValue><ssdm name=""/></StgValue>
</operation>

<operation id="27" st_id="3" stage="1" lat="1">
<core>NULL</core>
<MemPortIdVec></MemPortIdVec>
<condition id="0">
<or_exp><and_exp><literal name="exitcond" val="0"/>
</and_exp></or_exp>
</condition>

<Node id="29" bw="18" op_0_bw="10">
<![CDATA[
:2  %tmp_cast_cast = zext i10 %t_V_5 to i18

]]></Node>
<StgValue><ssdm name="tmp_cast_cast"/></StgValue>
</operation>

<operation id="28" st_id="3" stage="1" lat="1">
<core>AddSub</core>
<MemPortIdVec></MemPortIdVec>
<condition id="0">
<or_exp><and_exp><literal name="exitcond" val="0"/>
</and_exp></or_exp>
</condition>

<Node id="30" bw="18" op_0_bw="18" op_1_bw="18">
<![CDATA[
:3  %tmp1 = add i18 %p_shl2_cast_cast, %tmp_cast_cast

]]></Node>
<StgValue><ssdm name="tmp1"/></StgValue>
</operation>

<operation id="29" st_id="3" stage="1" lat="1">
<core>NULL</core>
<MemPortIdVec></MemPortIdVec>
<condition id="0">
<or_exp><and_exp><literal name="exitcond" val="0"/>
</and_exp></or_exp>
</condition>

<Node id="31" bw="19" op_0_bw="18">
<![CDATA[
:4  %tmp1_cast = zext i18 %tmp1 to i19

]]></Node>
<StgValue><ssdm name="tmp1_cast"/></StgValue>
</operation>

<operation id="30" st_id="3" stage="1" lat="1">
<core>AddSub</core>
<MemPortIdVec></MemPortIdVec>
<condition id="0">
<or_exp><and_exp><literal name="exitcond" val="0"/>
</and_exp></or_exp>
</condition>

<Node id="32" bw="19" op_0_bw="19" op_1_bw="19">
<![CDATA[
:5  %sum = add i19 %tmp1_cast, %p_shl

]]></Node>
<StgValue><ssdm name="sum"/></StgValue>
</operation>

<operation id="31" st_id="3" stage="1" lat="1">
<core>NULL</core>
<MemPortIdVec></MemPortIdVec>
<condition id="0">
<or_exp><and_exp><literal name="exitcond" val="0"/>
</and_exp></or_exp>
</condition>

<Node id="33" bw="64" op_0_bw="19">
<![CDATA[
:6  %sum_cast = zext i19 %sum to i64

]]></Node>
<StgValue><ssdm name="sum_cast"/></StgValue>
</operation>

<operation id="32" st_id="3" stage="1" lat="1">
<core>NULL</core>
<MemPortIdVec></MemPortIdVec>
<condition id="0">
<or_exp><and_exp><literal name="exitcond" val="0"/>
</and_exp></or_exp>
</condition>

<Node id="34" bw="19" op_0_bw="8" op_1_bw="64" op_2_bw="64">
<![CDATA[
:7  %fb_addr = getelementptr [409600 x i8]* %fb, i64 0, i64 %sum_cast

]]></Node>
<StgValue><ssdm name="fb_addr"/></StgValue>
</operation>

<operation id="33" st_id="3" stage="2" lat="2">
<core>RAM_1P_BRAM</core>
<MemPortIdVec>0 </MemPortIdVec>
<condition id="0">
<or_exp><and_exp><literal name="exitcond" val="0"/>
</and_exp></or_exp>
</condition>

<Node id="35" bw="8" op_0_bw="19">
<![CDATA[
:8  %fb_pix = load i8* %fb_addr, align 1

]]></Node>
<StgValue><ssdm name="fb_pix"/></StgValue>
</operation>
</state>

<state id="4" st_id="4">

<operation id="34" st_id="4" stage="1" lat="1">
<core>NULL</core>
<MemPortIdVec></MemPortIdVec>
<condition id="0">
<or_exp><and_exp><literal name="exitcond" val="0"/>
</and_exp></or_exp>
</condition>

<Node id="27" bw="32" op_0_bw="32" op_1_bw="0">
<![CDATA[
:0  %tmp_s = call i32 (...)* @_ssdm_op_SpecRegionBegin([13 x i8]* @p_str29)

]]></Node>
<StgValue><ssdm name="tmp_s"/></StgValue>
</operation>

<operation id="35" st_id="4" stage="1" lat="1">
<core>NULL</core>
<MemPortIdVec></MemPortIdVec>
<condition id="0">
<or_exp><and_exp><literal name="exitcond" val="0"/>
</and_exp></or_exp>
</condition>

<Node id="28" bw="0" op_0_bw="0" op_1_bw="32" op_2_bw="32" op_3_bw="32" op_4_bw="32" op_5_bw="0">
<![CDATA[
:1  call void (...)* @_ssdm_op_SpecPipeline(i32 1, i32 1, i32 1, i32 0, [1 x i8]* @p_str3) nounwind

]]></Node>
<StgValue><ssdm name=""/></StgValue>
</operation>

<operation id="36" st_id="4" stage="1" lat="2">
<core>RAM_1P_BRAM</core>
<MemPortIdVec>0 </MemPortIdVec>
<condition id="0">
<or_exp><and_exp><literal name="exitcond" val="0"/>
</and_exp></or_exp>
</condition>

<Node id="35" bw="8" op_0_bw="19">
<![CDATA[
:8  %fb_pix = load i8* %fb_addr, align 1

]]></Node>
<StgValue><ssdm name="fb_pix"/></StgValue>
</operation>

<operation id="37" st_id="4" stage="1" lat="1">
<core>NULL</core>
<MemPortIdVec></MemPortIdVec>
<condition id="0">
<or_exp><and_exp><literal name="exitcond" val="0"/>
</and_exp></or_exp>
</condition>

<Node id="36" bw="32" op_0_bw="32" op_1_bw="0">
<![CDATA[
:9  %tmp_49 = call i32 (...)* @_ssdm_op_SpecRegionBegin([13 x i8]* @p_str21)

]]></Node>
<StgValue><ssdm name="tmp_49"/></StgValue>
</operation>

<operation id="38" st_id="4" stage="1" lat="1">
<core>NULL</core>
<MemPortIdVec></MemPortIdVec>
<condition id="0">
<or_exp><and_exp><literal name="exitcond" val="0"/>
</and_exp></or_exp>
</condition>

<Node id="37" bw="0" op_0_bw="0" op_1_bw="32" op_2_bw="0">
<![CDATA[
:10  call void (...)* @_ssdm_op_SpecProtocol(i32 0, [1 x i8]* @p_str3) nounwind

]]></Node>
<StgValue><ssdm name=""/></StgValue>
</operation>

<operation id="39" st_id="4" stage="1" lat="1">
<core>FIFO</core>
<MemPortIdVec></MemPortIdVec>
<condition id="0">
<or_exp><and_exp><literal name="exitcond" val="0"/>
</and_exp></or_exp>
</condition>

<Node id="38" bw="0" op_0_bw="0" op_1_bw="8" op_2_bw="8">
<![CDATA[
:11  call void @_ssdm_op_Write.ap_fifo.volatile.i8P(i8* %img_data_stream_V, i8 %fb_pix)

]]></Node>
<StgValue><ssdm name=""/></StgValue>
</operation>

<operation id="40" st_id="4" stage="1" lat="1">
<core>NULL</core>
<MemPortIdVec></MemPortIdVec>
<condition id="0">
<or_exp><and_exp><literal name="exitcond" val="0"/>
</and_exp></or_exp>
</condition>

<Node id="39" bw="32" op_0_bw="32" op_1_bw="0" op_2_bw="32">
<![CDATA[
:12  %empty = call i32 (...)* @_ssdm_op_SpecRegionEnd([13 x i8]* @p_str21, i32 %tmp_49)

]]></Node>
<StgValue><ssdm name="empty"/></StgValue>
</operation>

<operation id="41" st_id="4" stage="1" lat="1">
<core>NULL</core>
<MemPortIdVec></MemPortIdVec>
<condition id="0">
<or_exp><and_exp><literal name="exitcond" val="0"/>
</and_exp></or_exp>
</condition>

<Node id="40" bw="32" op_0_bw="32" op_1_bw="0" op_2_bw="32">
<![CDATA[
:13  %empty_119 = call i32 (...)* @_ssdm_op_SpecRegionEnd([13 x i8]* @p_str29, i32 %tmp_s)

]]></Node>
<StgValue><ssdm name="empty_119"/></StgValue>
</operation>

<operation id="42" st_id="4" stage="1" lat="1">
<core>NULL</core>
<MemPortIdVec></MemPortIdVec>
<condition id="0">
<or_exp><and_exp><literal name="exitcond" val="0"/>
</and_exp></or_exp>
</condition>

<Node id="41" bw="0" op_0_bw="0">
<![CDATA[
:14  br label %2

]]></Node>
<StgValue><ssdm name=""/></StgValue>
</operation>
</state>

<state id="5" st_id="5">

<operation id="43" st_id="5" stage="1" lat="1">
<core>NULL</core>
<MemPortIdVec></MemPortIdVec>
<condition id="15">
<or_exp><and_exp></and_exp></or_exp>
</condition>

<Node id="43" bw="32" op_0_bw="32" op_1_bw="0" op_2_bw="32">
<![CDATA[
:0  %empty_120 = call i32 (...)* @_ssdm_op_SpecRegionEnd([11 x i8]* @p_str27, i32 %tmp)

]]></Node>
<StgValue><ssdm name="empty_120"/></StgValue>
</operation>

<operation id="44" st_id="5" stage="1" lat="1">
<core>NULL</core>
<MemPortIdVec></MemPortIdVec>
<condition id="15">
<or_exp><and_exp></and_exp></or_exp>
</condition>

<Node id="44" bw="0" op_0_bw="0">
<![CDATA[
:1  br label %0

]]></Node>
<StgValue><ssdm name=""/></StgValue>
</operation>
</state>
</state_list>


<ports>
<port id="56" name="fb" dir="0" iftype="1">
<core>RAM_1P_BRAM</core><StgValue><ssdm name="fb"/><MemPortTyVec>1 </MemPortTyVec>
</StgValue>
</port>
<port id="57" name="img_data_stream_V" dir="1" iftype="3">
<core>FIFO</core><StgValue><ssdm name="img_data_stream_V"/></StgValue>
</port>
</ports>


<dataflows>
<dataflow id="59" from="_ssdm_op_SpecInterface" to="StgValue_6" fromId="58" toId="6">
</dataflow>
<dataflow id="60" from="img_data_stream_V" to="StgValue_6" fromId="57" toId="6">
</dataflow>
<dataflow id="62" from="ap_fifo_str" to="StgValue_6" fromId="61" toId="6">
</dataflow>
<dataflow id="64" from="StgValue_63" to="StgValue_6" fromId="63" toId="6">
</dataflow>
<dataflow id="65" from="StgValue_63" to="StgValue_6" fromId="63" toId="6">
</dataflow>
<dataflow id="67" from="p_str213" to="StgValue_6" fromId="66" toId="6">
</dataflow>
<dataflow id="68" from="StgValue_63" to="StgValue_6" fromId="63" toId="6">
</dataflow>
<dataflow id="69" from="StgValue_63" to="StgValue_6" fromId="63" toId="6">
</dataflow>
<dataflow id="71" from="p_str214" to="StgValue_6" fromId="70" toId="6">
</dataflow>
<dataflow id="73" from="p_str215" to="StgValue_6" fromId="72" toId="6">
</dataflow>
<dataflow id="75" from="p_str216" to="StgValue_6" fromId="74" toId="6">
</dataflow>
<dataflow id="77" from="StgValue_76" to="StgValue_6" fromId="76" toId="6">
</dataflow>
<dataflow id="78" from="StgValue_76" to="StgValue_6" fromId="76" toId="6">
</dataflow>
<dataflow id="80" from="StgValue_79" to="StgValue_6" fromId="79" toId="6">
</dataflow>
<dataflow id="81" from="StgValue_79" to="StgValue_6" fromId="79" toId="6">
</dataflow>
<dataflow id="83" from="p_str217" to="StgValue_6" fromId="82" toId="6">
</dataflow>
<dataflow id="85" from="p_str218" to="StgValue_6" fromId="84" toId="6">
</dataflow>
<dataflow id="87" from="_ssdm_op_SpecMemCore" to="StgValue_7" fromId="86" toId="7">
</dataflow>
<dataflow id="88" from="fb" to="StgValue_7" fromId="56" toId="7">
</dataflow>
<dataflow id="90" from="p_str3" to="StgValue_7" fromId="89" toId="7">
</dataflow>
<dataflow id="92" from="p_str5" to="StgValue_7" fromId="91" toId="7">
</dataflow>
<dataflow id="93" from="p_str3" to="StgValue_7" fromId="89" toId="7">
</dataflow>
<dataflow id="95" from="StgValue_94" to="StgValue_7" fromId="94" toId="7">
</dataflow>
<dataflow id="96" from="p_str3" to="StgValue_7" fromId="89" toId="7">
</dataflow>
<dataflow id="97" from="p_str3" to="StgValue_7" fromId="89" toId="7">
</dataflow>
<dataflow id="98" from="p_str3" to="StgValue_7" fromId="89" toId="7">
</dataflow>
<dataflow id="99" from="p_str3" to="StgValue_7" fromId="89" toId="7">
</dataflow>
<dataflow id="100" from="p_str3" to="StgValue_7" fromId="89" toId="7">
</dataflow>
<dataflow id="101" from="_ssdm_op_SpecInterface" to="StgValue_8" fromId="58" toId="8">
</dataflow>
<dataflow id="102" from="fb" to="StgValue_8" fromId="56" toId="8">
</dataflow>
<dataflow id="104" from="p_str4" to="StgValue_8" fromId="103" toId="8">
</dataflow>
<dataflow id="105" from="StgValue_63" to="StgValue_8" fromId="63" toId="8">
</dataflow>
<dataflow id="106" from="StgValue_63" to="StgValue_8" fromId="63" toId="8">
</dataflow>
<dataflow id="107" from="p_str3" to="StgValue_8" fromId="89" toId="8">
</dataflow>
<dataflow id="108" from="StgValue_63" to="StgValue_8" fromId="63" toId="8">
</dataflow>
<dataflow id="109" from="StgValue_63" to="StgValue_8" fromId="63" toId="8">
</dataflow>
<dataflow id="110" from="p_str3" to="StgValue_8" fromId="89" toId="8">
</dataflow>
<dataflow id="111" from="p_str3" to="StgValue_8" fromId="89" toId="8">
</dataflow>
<dataflow id="112" from="p_str3" to="StgValue_8" fromId="89" toId="8">
</dataflow>
<dataflow id="113" from="StgValue_63" to="StgValue_8" fromId="63" toId="8">
</dataflow>
<dataflow id="114" from="StgValue_63" to="StgValue_8" fromId="63" toId="8">
</dataflow>
<dataflow id="115" from="StgValue_63" to="StgValue_8" fromId="63" toId="8">
</dataflow>
<dataflow id="116" from="StgValue_63" to="StgValue_8" fromId="63" toId="8">
</dataflow>
<dataflow id="117" from="p_str3" to="StgValue_8" fromId="89" toId="8">
</dataflow>
<dataflow id="118" from="p_str3" to="StgValue_8" fromId="89" toId="8">
</dataflow>
<dataflow id="120" from="StgValue_119" to="t_V" fromId="119" toId="10">
<condition id="41">
<or_exp><and_exp></and_exp></or_exp>
</condition>
</dataflow>
<dataflow id="121" from="StgValue_9" to="t_V" fromId="9" toId="10">
</dataflow>
<dataflow id="122" from="row_V" to="t_V" fromId="13" toId="10">
<BackEdge/>
<condition id="42">
<or_exp><and_exp></and_exp></or_exp>
</condition>
</dataflow>
<dataflow id="123" from="StgValue_44" to="t_V" fromId="44" toId="10">
<BackEdge/>
</dataflow>
<dataflow id="124" from="t_V" to="exitcond8" fromId="10" toId="11">
</dataflow>
<dataflow id="126" from="StgValue_125" to="exitcond8" fromId="125" toId="11">
</dataflow>
<dataflow id="128" from="_ssdm_op_SpecLoopTripCount" to="StgValue_12" fromId="127" toId="12">
</dataflow>
<dataflow id="130" from="StgValue_129" to="StgValue_12" fromId="129" toId="12">
</dataflow>
<dataflow id="131" from="StgValue_129" to="StgValue_12" fromId="129" toId="12">
</dataflow>
<dataflow id="132" from="StgValue_129" to="StgValue_12" fromId="129" toId="12">
</dataflow>
<dataflow id="133" from="t_V" to="row_V" fromId="10" toId="13">
</dataflow>
<dataflow id="135" from="StgValue_134" to="row_V" fromId="134" toId="13">
</dataflow>
<dataflow id="136" from="exitcond8" to="StgValue_14" fromId="11" toId="14">
</dataflow>
<dataflow id="138" from="_ssdm_op_SpecLoopName" to="StgValue_15" fromId="137" toId="15">
</dataflow>
<dataflow id="140" from="p_str27" to="StgValue_15" fromId="139" toId="15">
</dataflow>
<dataflow id="142" from="_ssdm_op_SpecRegionBegin" to="tmp" fromId="141" toId="16">
</dataflow>
<dataflow id="143" from="p_str27" to="tmp" fromId="139" toId="16">
</dataflow>
<dataflow id="145" from="_ssdm_op_BitConcatenate.i19.i10.i9" to="p_shl" fromId="144" toId="17">
</dataflow>
<dataflow id="146" from="t_V" to="p_shl" fromId="10" toId="17">
</dataflow>
<dataflow id="148" from="StgValue_147" to="p_shl" fromId="147" toId="17">
</dataflow>
<dataflow id="150" from="_ssdm_op_BitConcatenate.i17.i10.i7" to="p_shl2" fromId="149" toId="18">
</dataflow>
<dataflow id="151" from="t_V" to="p_shl2" fromId="10" toId="18">
</dataflow>
<dataflow id="153" from="StgValue_152" to="p_shl2" fromId="152" toId="18">
</dataflow>
<dataflow id="154" from="p_shl2" to="p_shl2_cast_cast" fromId="18" toId="19">
</dataflow>
<dataflow id="155" from="StgValue_119" to="t_V_5" fromId="119" toId="22">
<condition id="43">
<or_exp><and_exp><literal name="exitcond8" val="0"/>
</and_exp></or_exp>
</condition>
</dataflow>
<dataflow id="156" from="StgValue_20" to="t_V_5" fromId="20" toId="22">
</dataflow>
<dataflow id="157" from="col_V" to="t_V_5" fromId="25" toId="22">
<BackEdge/>
<condition id="44">
<or_exp><and_exp><literal name="exitcond" val="0"/>
</and_exp></or_exp>
</condition>
</dataflow>
<dataflow id="158" from="StgValue_42" to="t_V_5" fromId="42" toId="22">
<BackEdge/>
</dataflow>
<dataflow id="159" from="t_V_5" to="exitcond" fromId="22" toId="23">
</dataflow>
<dataflow id="160" from="StgValue_125" to="exitcond" fromId="125" toId="23">
</dataflow>
<dataflow id="161" from="_ssdm_op_SpecLoopTripCount" to="StgValue_24" fromId="127" toId="24">
</dataflow>
<dataflow id="162" from="StgValue_129" to="StgValue_24" fromId="129" toId="24">
</dataflow>
<dataflow id="163" from="StgValue_129" to="StgValue_24" fromId="129" toId="24">
</dataflow>
<dataflow id="164" from="StgValue_129" to="StgValue_24" fromId="129" toId="24">
</dataflow>
<dataflow id="165" from="t_V_5" to="col_V" fromId="22" toId="25">
</dataflow>
<dataflow id="166" from="StgValue_134" to="col_V" fromId="134" toId="25">
</dataflow>
<dataflow id="167" from="exitcond" to="StgValue_26" fromId="23" toId="26">
</dataflow>
<dataflow id="168" from="t_V_5" to="tmp_cast_cast" fromId="22" toId="27">
</dataflow>
<dataflow id="169" from="p_shl2_cast_cast" to="tmp1" fromId="19" toId="28">
</dataflow>
<dataflow id="170" from="tmp_cast_cast" to="tmp1" fromId="27" toId="28">
</dataflow>
<dataflow id="171" from="tmp1" to="tmp1_cast" fromId="28" toId="29">
</dataflow>
<dataflow id="172" from="tmp1_cast" to="sum" fromId="29" toId="30">
</dataflow>
<dataflow id="173" from="p_shl" to="sum" fromId="17" toId="30">
</dataflow>
<dataflow id="174" from="sum" to="sum_cast" fromId="30" toId="31">
</dataflow>
<dataflow id="175" from="fb" to="fb_addr" fromId="56" toId="32">
</dataflow>
<dataflow id="177" from="StgValue_176" to="fb_addr" fromId="176" toId="32">
</dataflow>
<dataflow id="178" from="sum_cast" to="fb_addr" fromId="31" toId="32">
</dataflow>
<dataflow id="179" from="fb_addr" to="fb_pix" fromId="32" toId="33">
</dataflow>
<dataflow id="180" from="_ssdm_op_SpecRegionBegin" to="tmp_s" fromId="141" toId="34">
</dataflow>
<dataflow id="182" from="p_str29" to="tmp_s" fromId="181" toId="34">
</dataflow>
<dataflow id="184" from="_ssdm_op_SpecPipeline" to="StgValue_35" fromId="183" toId="35">
</dataflow>
<dataflow id="186" from="StgValue_185" to="StgValue_35" fromId="185" toId="35">
</dataflow>
<dataflow id="187" from="StgValue_185" to="StgValue_35" fromId="185" toId="35">
</dataflow>
<dataflow id="188" from="StgValue_185" to="StgValue_35" fromId="185" toId="35">
</dataflow>
<dataflow id="189" from="StgValue_63" to="StgValue_35" fromId="63" toId="35">
</dataflow>
<dataflow id="190" from="p_str3" to="StgValue_35" fromId="89" toId="35">
</dataflow>
<dataflow id="191" from="fb_addr" to="fb_pix" fromId="32" toId="36">
</dataflow>
<dataflow id="192" from="_ssdm_op_SpecRegionBegin" to="tmp_49" fromId="141" toId="37">
</dataflow>
<dataflow id="194" from="p_str21" to="tmp_49" fromId="193" toId="37">
</dataflow>
<dataflow id="196" from="_ssdm_op_SpecProtocol" to="StgValue_38" fromId="195" toId="38">
</dataflow>
<dataflow id="197" from="StgValue_63" to="StgValue_38" fromId="63" toId="38">
</dataflow>
<dataflow id="198" from="p_str3" to="StgValue_38" fromId="89" toId="38">
</dataflow>
<dataflow id="200" from="_ssdm_op_Write.ap_fifo.volatile.i8P" to="StgValue_39" fromId="199" toId="39">
</dataflow>
<dataflow id="201" from="img_data_stream_V" to="StgValue_39" fromId="57" toId="39">
</dataflow>
<dataflow id="202" from="fb_pix" to="StgValue_39" fromId="36" toId="39">
</dataflow>
<dataflow id="204" from="_ssdm_op_SpecRegionEnd" to="empty" fromId="203" toId="40">
</dataflow>
<dataflow id="205" from="p_str21" to="empty" fromId="193" toId="40">
</dataflow>
<dataflow id="206" from="tmp_49" to="empty" fromId="37" toId="40">
</dataflow>
<dataflow id="207" from="_ssdm_op_SpecRegionEnd" to="empty_119" fromId="203" toId="41">
</dataflow>
<dataflow id="208" from="p_str29" to="empty_119" fromId="181" toId="41">
</dataflow>
<dataflow id="209" from="tmp_s" to="empty_119" fromId="34" toId="41">
</dataflow>
<dataflow id="210" from="_ssdm_op_SpecRegionEnd" to="empty_120" fromId="203" toId="43">
</dataflow>
<dataflow id="211" from="p_str27" to="empty_120" fromId="139" toId="43">
</dataflow>
<dataflow id="212" from="tmp" to="empty_120" fromId="16" toId="43">
</dataflow>
<dataflow id="213" from="exitcond8" to="StgValue_2" fromId="11" toId="2">
</dataflow>
<dataflow id="214" from="exitcond" to="StgValue_3" fromId="23" toId="3">
</dataflow>
<dataflow id="215" from="exitcond" to="StgValue_4" fromId="23" toId="4">
</dataflow>
<dataflow id="216" from="exitcond8" to="StgValue_3" fromId="11" toId="3">
</dataflow>
<dataflow id="217" from="exitcond8" to="StgValue_4" fromId="11" toId="4">
</dataflow>
</dataflows>


</stg>
