<profile>

<section name = "Vivado HLS Report for 'AXIvideo2Mat'" level="0">
<item name = "Date">Wed Mar  4 09:33:02 2020
</item>
<item name = "Version">2017.4 (Build 2086221 on Fri Dec 15 21:13:33 MST 2017)</item>
<item name = "Project">DVS_classication</item>
<item name = "Solution">solution1</item>
<item name = "Product family">zynq</item>
<item name = "Target device">xc7z020clg484-1</item>
</section>

<section name = "Performance Estimates" level="0">
<item name = "Timing (ns)">
<section name = "" level="1">
<item name = "Summary"><table name="" hasTotal="0">
<keys size="4">Clock, Target, Estimated, Uncertainty</keys>
<column name="ap_clk">10.00, 7.27, 1.25</column>
</table>
</item>
</section>
</item>
<item name = "Latency (clock cycles)">
<section name = "" level="1">
<item name = "Summary"><table name="" hasTotal="0">
<keys size="6">, min, max, min, max, Type</keys>
<column name="">3, 926643, 3, 926643, none</column>
</table>
</item>
<item name = "Detail">
<section name = "" level="1">
<item name = "Instance"><table name="" hasTotal="0">
<keys size="7">Instance, Module, min, max, min, max, Type</keys>
</table>
</item>
<item name = "Loop"><table name="" hasTotal="0">
<keys size="8">Loop Name, min, max, Latency, achieved, target, Count, Pipelined</keys>
<column name="- loop_wait_for_start">0, 0, 1, 1, 1, 0, yes</column>
<column name="- loop_height">0, 926640, 7 ~ 1287, -, -, 0 ~ 720, no</column>
<column name=" + loop_width">1, 1281, 2, 1, 1, 0 ~ 1280, yes</column>
<column name=" + loop_wait_for_eol">1, 1, 2, 1, 1, 0, yes</column>
</table>
</item>
</section>
</item>
</section>
</item>
</section>
</profile>
