<stg><name>Block__proc</name>


<trans_list>
</trans_list>



<state_list>

<state id="1" st_id="1">

<operation id="2" st_id="1" stage="1" lat="1">
<core>NULL</core>
<MemPortIdVec></MemPortIdVec>
<condition id="0">
<or_exp><and_exp></and_exp></or_exp>
</condition>

<Node id="5" bw="0" op_0_bw="0" op_1_bw="11" op_2_bw="0" op_3_bw="32" op_4_bw="32" op_5_bw="0" op_6_bw="32" op_7_bw="32" op_8_bw="0" op_9_bw="0" op_10_bw="0" op_11_bw="32" op_12_bw="32" op_13_bw="32" op_14_bw="32" op_15_bw="0" op_16_bw="0">
<![CDATA[
entry:0  call void (...)* @_ssdm_op_SpecInterface(i11* %img_resize_cols_V_out, [8 x i8]* @ap_fifo_str, i32 0, i32 0, [1 x i8]* @p_str252, i32 0, i32 0, [1 x i8]* @p_str253, [1 x i8]* @p_str254, [1 x i8]* @p_str255, i32 2, i32 2, i32 16, i32 16, [1 x i8]* @p_str256, [1 x i8]* @p_str257)

]]></Node>
<StgValue><ssdm name=""/></StgValue>
</operation>

<operation id="3" st_id="1" stage="1" lat="1">
<core>NULL</core>
<MemPortIdVec></MemPortIdVec>
<condition id="0">
<or_exp><and_exp></and_exp></or_exp>
</condition>

<Node id="6" bw="0" op_0_bw="0" op_1_bw="11" op_2_bw="0" op_3_bw="32" op_4_bw="32" op_5_bw="0" op_6_bw="32" op_7_bw="32" op_8_bw="0" op_9_bw="0" op_10_bw="0" op_11_bw="32" op_12_bw="32" op_13_bw="32" op_14_bw="32" op_15_bw="0" op_16_bw="0">
<![CDATA[
entry:1  call void (...)* @_ssdm_op_SpecInterface(i11* %img_resize_rows_V_out, [8 x i8]* @ap_fifo_str, i32 0, i32 0, [1 x i8]* @p_str246, i32 0, i32 0, [1 x i8]* @p_str247, [1 x i8]* @p_str248, [1 x i8]* @p_str249, i32 2, i32 2, i32 16, i32 16, [1 x i8]* @p_str250, [1 x i8]* @p_str251)

]]></Node>
<StgValue><ssdm name=""/></StgValue>
</operation>

<operation id="4" st_id="1" stage="1" lat="1">
<core>NULL</core>
<MemPortIdVec></MemPortIdVec>
<condition id="0">
<or_exp><and_exp></and_exp></or_exp>
</condition>

<Node id="7" bw="0" op_0_bw="0" op_1_bw="12" op_2_bw="0" op_3_bw="32" op_4_bw="32" op_5_bw="0" op_6_bw="32" op_7_bw="32" op_8_bw="0" op_9_bw="0" op_10_bw="0" op_11_bw="32" op_12_bw="32" op_13_bw="32" op_14_bw="32" op_15_bw="0" op_16_bw="0">
<![CDATA[
entry:2  call void (...)* @_ssdm_op_SpecInterface(i12* %img_in_cols_V_out, [8 x i8]* @ap_fifo_str, i32 0, i32 0, [1 x i8]* @p_str240, i32 0, i32 0, [1 x i8]* @p_str241, [1 x i8]* @p_str242, [1 x i8]* @p_str243, i32 2, i32 2, i32 16, i32 16, [1 x i8]* @p_str244, [1 x i8]* @p_str245)

]]></Node>
<StgValue><ssdm name=""/></StgValue>
</operation>

<operation id="5" st_id="1" stage="1" lat="1">
<core>NULL</core>
<MemPortIdVec></MemPortIdVec>
<condition id="0">
<or_exp><and_exp></and_exp></or_exp>
</condition>

<Node id="8" bw="0" op_0_bw="0" op_1_bw="11" op_2_bw="0" op_3_bw="32" op_4_bw="32" op_5_bw="0" op_6_bw="32" op_7_bw="32" op_8_bw="0" op_9_bw="0" op_10_bw="0" op_11_bw="32" op_12_bw="32" op_13_bw="32" op_14_bw="32" op_15_bw="0" op_16_bw="0">
<![CDATA[
entry:3  call void (...)* @_ssdm_op_SpecInterface(i11* %img_in_rows_V_out, [8 x i8]* @ap_fifo_str, i32 0, i32 0, [1 x i8]* @p_str234, i32 0, i32 0, [1 x i8]* @p_str235, [1 x i8]* @p_str236, [1 x i8]* @p_str237, i32 2, i32 2, i32 16, i32 16, [1 x i8]* @p_str238, [1 x i8]* @p_str239)

]]></Node>
<StgValue><ssdm name=""/></StgValue>
</operation>

<operation id="6" st_id="1" stage="1" lat="1">
<core>FIFO</core>
<MemPortIdVec></MemPortIdVec>
<condition id="0">
<or_exp><and_exp></and_exp></or_exp>
</condition>

<Node id="9" bw="0" op_0_bw="0" op_1_bw="11" op_2_bw="11">
<![CDATA[
entry:4  call void @_ssdm_op_Write.ap_fifo.i11P(i11* %img_in_rows_V_out, i11 720)

]]></Node>
<StgValue><ssdm name=""/></StgValue>
</operation>

<operation id="7" st_id="1" stage="1" lat="1">
<core>FIFO</core>
<MemPortIdVec></MemPortIdVec>
<condition id="0">
<or_exp><and_exp></and_exp></or_exp>
</condition>

<Node id="10" bw="0" op_0_bw="0" op_1_bw="12" op_2_bw="12">
<![CDATA[
entry:5  call void @_ssdm_op_Write.ap_fifo.i12P(i12* %img_in_cols_V_out, i12 1280)

]]></Node>
<StgValue><ssdm name=""/></StgValue>
</operation>

<operation id="8" st_id="1" stage="1" lat="1">
<core>FIFO</core>
<MemPortIdVec></MemPortIdVec>
<condition id="0">
<or_exp><and_exp></and_exp></or_exp>
</condition>

<Node id="11" bw="0" op_0_bw="0" op_1_bw="11" op_2_bw="11">
<![CDATA[
entry:6  call void @_ssdm_op_Write.ap_fifo.i11P(i11* %img_resize_rows_V_out, i11 640)

]]></Node>
<StgValue><ssdm name=""/></StgValue>
</operation>

<operation id="9" st_id="1" stage="1" lat="1">
<core>FIFO</core>
<MemPortIdVec></MemPortIdVec>
<condition id="0">
<or_exp><and_exp></and_exp></or_exp>
</condition>

<Node id="12" bw="0" op_0_bw="0" op_1_bw="11" op_2_bw="11">
<![CDATA[
entry:7  call void @_ssdm_op_Write.ap_fifo.i11P(i11* %img_resize_cols_V_out, i11 640)

]]></Node>
<StgValue><ssdm name=""/></StgValue>
</operation>

<operation id="10" st_id="1" stage="1" lat="1">
<core>NULL</core>
<MemPortIdVec></MemPortIdVec>
<condition id="0">
<or_exp><and_exp></and_exp></or_exp>
</condition>

<Node id="13" bw="0">
<![CDATA[
entry:8  ret void

]]></Node>
<StgValue><ssdm name=""/></StgValue>
</operation>
</state>
</state_list>


<ports>
</ports>


<dataflows>
</dataflows>


</stg>
