<stg><name>Duplicate</name>


<trans_list>

<trans id="49" from="1" to="2">
<condition id="17">
<or_exp><and_exp></and_exp></or_exp>
</condition>
</trans>

<trans id="50" from="2" to="3">
<condition id="19">
<or_exp><and_exp><literal name="exitcond7_i" val="0"/>
</and_exp></or_exp>
</condition>
</trans>

<trans id="57" from="3" to="5">
<condition id="27">
<or_exp><and_exp><literal name="exitcond_i" val="1"/>
</and_exp></or_exp>
</condition>
</trans>

<trans id="58" from="3" to="4">
<condition id="29">
<or_exp><and_exp><literal name="exitcond_i" val="0"/>
</and_exp></or_exp>
</condition>
</trans>

<trans id="56" from="4" to="3">
<condition id="28">
<or_exp><and_exp></and_exp></or_exp>
</condition>
</trans>

<trans id="54" from="5" to="2">
<condition id="26">
<or_exp><and_exp></and_exp></or_exp>
</condition>
</trans>
</trans_list>



<state_list>

<state id="1" st_id="1">

<operation id="6" st_id="1" stage="1" lat="1">
<core>NULL</core>
<MemPortIdVec></MemPortIdVec>
<condition id="9">
<or_exp><and_exp></and_exp></or_exp>
</condition>

<Node id="6" bw="0" op_0_bw="0" op_1_bw="8" op_2_bw="0" op_3_bw="32" op_4_bw="32" op_5_bw="0" op_6_bw="32" op_7_bw="32" op_8_bw="0" op_9_bw="0" op_10_bw="0" op_11_bw="32" op_12_bw="32" op_13_bw="32" op_14_bw="32" op_15_bw="0" op_16_bw="0">
<![CDATA[
entry:0  call void (...)* @_ssdm_op_SpecInterface(i8* %dst2_data_stream_V, [8 x i8]* @ap_fifo_str, i32 0, i32 0, [1 x i8]* @p_str206, i32 0, i32 0, [1 x i8]* @p_str207, [1 x i8]* @p_str208, [1 x i8]* @p_str209, i32 2, i32 2, i32 16, i32 16, [1 x i8]* @p_str210, [1 x i8]* @p_str211)

]]></Node>
<StgValue><ssdm name=""/></StgValue>
</operation>

<operation id="7" st_id="1" stage="1" lat="1">
<core>NULL</core>
<MemPortIdVec></MemPortIdVec>
<condition id="9">
<or_exp><and_exp></and_exp></or_exp>
</condition>

<Node id="7" bw="0" op_0_bw="0" op_1_bw="8" op_2_bw="0" op_3_bw="32" op_4_bw="32" op_5_bw="0" op_6_bw="32" op_7_bw="32" op_8_bw="0" op_9_bw="0" op_10_bw="0" op_11_bw="32" op_12_bw="32" op_13_bw="32" op_14_bw="32" op_15_bw="0" op_16_bw="0">
<![CDATA[
entry:1  call void (...)* @_ssdm_op_SpecInterface(i8* %dst1_data_stream_V, [8 x i8]* @ap_fifo_str, i32 0, i32 0, [1 x i8]* @p_str199, i32 0, i32 0, [1 x i8]* @p_str200, [1 x i8]* @p_str201, [1 x i8]* @p_str202, i32 2, i32 2, i32 16, i32 16, [1 x i8]* @p_str203, [1 x i8]* @p_str204)

]]></Node>
<StgValue><ssdm name=""/></StgValue>
</operation>

<operation id="8" st_id="1" stage="1" lat="1">
<core>NULL</core>
<MemPortIdVec></MemPortIdVec>
<condition id="9">
<or_exp><and_exp></and_exp></or_exp>
</condition>

<Node id="8" bw="0" op_0_bw="0" op_1_bw="8" op_2_bw="0" op_3_bw="32" op_4_bw="32" op_5_bw="0" op_6_bw="32" op_7_bw="32" op_8_bw="0" op_9_bw="0" op_10_bw="0" op_11_bw="32" op_12_bw="32" op_13_bw="32" op_14_bw="32" op_15_bw="0" op_16_bw="0">
<![CDATA[
entry:2  call void (...)* @_ssdm_op_SpecInterface(i8* %src_data_stream_V, [8 x i8]* @ap_fifo_str, i32 0, i32 0, [1 x i8]* @p_str192, i32 0, i32 0, [1 x i8]* @p_str193, [1 x i8]* @p_str194, [1 x i8]* @p_str195, i32 2, i32 2, i32 16, i32 16, [1 x i8]* @p_str196, [1 x i8]* @p_str197)

]]></Node>
<StgValue><ssdm name=""/></StgValue>
</operation>

<operation id="9" st_id="1" stage="1" lat="1">
<core>NULL</core>
<MemPortIdVec></MemPortIdVec>
<condition id="9">
<or_exp><and_exp></and_exp></or_exp>
</condition>

<Node id="9" bw="0" op_0_bw="0" op_1_bw="11" op_2_bw="0" op_3_bw="32" op_4_bw="32" op_5_bw="0" op_6_bw="32" op_7_bw="32" op_8_bw="0" op_9_bw="0" op_10_bw="0" op_11_bw="32" op_12_bw="32" op_13_bw="32" op_14_bw="32" op_15_bw="0" op_16_bw="0">
<![CDATA[
entry:3  call void (...)* @_ssdm_op_SpecInterface(i11* %src_rows_V, [8 x i8]* @ap_fifo_str, i32 0, i32 0, [1 x i8]* @p_str378, i32 0, i32 0, [1 x i8]* @p_str379, [1 x i8]* @p_str380, [1 x i8]* @p_str381, i32 2, i32 2, i32 16, i32 16, [1 x i8]* @p_str382, [1 x i8]* @p_str383)

]]></Node>
<StgValue><ssdm name=""/></StgValue>
</operation>

<operation id="10" st_id="1" stage="1" lat="1">
<core>NULL</core>
<MemPortIdVec></MemPortIdVec>
<condition id="9">
<or_exp><and_exp></and_exp></or_exp>
</condition>

<Node id="10" bw="0" op_0_bw="0" op_1_bw="11" op_2_bw="0" op_3_bw="32" op_4_bw="32" op_5_bw="0" op_6_bw="32" op_7_bw="32" op_8_bw="0" op_9_bw="0" op_10_bw="0" op_11_bw="32" op_12_bw="32" op_13_bw="32" op_14_bw="32" op_15_bw="0" op_16_bw="0">
<![CDATA[
entry:4  call void (...)* @_ssdm_op_SpecInterface(i11* %src_cols_V, [8 x i8]* @ap_fifo_str, i32 0, i32 0, [1 x i8]* @p_str384, i32 0, i32 0, [1 x i8]* @p_str385, [1 x i8]* @p_str386, [1 x i8]* @p_str387, i32 2, i32 2, i32 16, i32 16, [1 x i8]* @p_str388, [1 x i8]* @p_str389)

]]></Node>
<StgValue><ssdm name=""/></StgValue>
</operation>

<operation id="11" st_id="1" stage="1" lat="1">
<core>FIFO</core>
<MemPortIdVec></MemPortIdVec>
<condition id="9">
<or_exp><and_exp></and_exp></or_exp>
</condition>

<Node id="11" bw="11" op_0_bw="11" op_1_bw="11">
<![CDATA[
entry:5  %src_rows_V_read = call i11 @_ssdm_op_Read.ap_fifo.i11P(i11* %src_rows_V)

]]></Node>
<StgValue><ssdm name="src_rows_V_read"/></StgValue>
</operation>

<operation id="12" st_id="1" stage="1" lat="1">
<core>FIFO</core>
<MemPortIdVec></MemPortIdVec>
<condition id="9">
<or_exp><and_exp></and_exp></or_exp>
</condition>

<Node id="12" bw="11" op_0_bw="11" op_1_bw="11">
<![CDATA[
entry:6  %src_cols_V_read = call i11 @_ssdm_op_Read.ap_fifo.i11P(i11* %src_cols_V)

]]></Node>
<StgValue><ssdm name="src_cols_V_read"/></StgValue>
</operation>

<operation id="13" st_id="1" stage="1" lat="1">
<core>NULL</core>
<MemPortIdVec></MemPortIdVec>
<condition id="9">
<or_exp><and_exp></and_exp></or_exp>
</condition>

<Node id="13" bw="0" op_0_bw="0">
<![CDATA[
entry:7  br label %0

]]></Node>
<StgValue><ssdm name=""/></StgValue>
</operation>
</state>

<state id="2" st_id="2">

<operation id="14" st_id="2" stage="1" lat="1">
<core>NULL</core>
<MemPortIdVec></MemPortIdVec>
<condition id="10">
<or_exp><and_exp></and_exp></or_exp>
</condition>

<Node id="15" bw="10" op_0_bw="10" op_1_bw="0">
<![CDATA[
:0  %t_V = phi i10 [ 0, %entry ], [ %i_V, %4 ]

]]></Node>
<StgValue><ssdm name="t_V"/></StgValue>
</operation>

<operation id="15" st_id="2" stage="1" lat="1">
<core>NULL</core>
<MemPortIdVec></MemPortIdVec>
<condition id="10">
<or_exp><and_exp></and_exp></or_exp>
</condition>

<Node id="16" bw="11" op_0_bw="10">
<![CDATA[
:1  %t_V_cast_i = zext i10 %t_V to i11

]]></Node>
<StgValue><ssdm name="t_V_cast_i"/></StgValue>
</operation>

<operation id="16" st_id="2" stage="1" lat="1">
<core>Cmp</core>
<MemPortIdVec></MemPortIdVec>
<condition id="10">
<or_exp><and_exp></and_exp></or_exp>
</condition>

<Node id="17" bw="1" op_0_bw="11" op_1_bw="11">
<![CDATA[
:2  %exitcond7_i = icmp eq i11 %t_V_cast_i, %src_rows_V_read

]]></Node>
<StgValue><ssdm name="exitcond7_i"/></StgValue>
</operation>

<operation id="17" st_id="2" stage="1" lat="1">
<core>NULL</core>
<MemPortIdVec></MemPortIdVec>
<condition id="10">
<or_exp><and_exp></and_exp></or_exp>
</condition>

<Node id="18" bw="0" op_0_bw="0" op_1_bw="64" op_2_bw="64" op_3_bw="64">
<![CDATA[
:3  call void (...)* @_ssdm_op_SpecLoopTripCount(i64 0, i64 640, i64 0)

]]></Node>
<StgValue><ssdm name=""/></StgValue>
</operation>

<operation id="18" st_id="2" stage="1" lat="1">
<core>AddSub</core>
<MemPortIdVec></MemPortIdVec>
<condition id="10">
<or_exp><and_exp></and_exp></or_exp>
</condition>

<Node id="19" bw="10" op_0_bw="10" op_1_bw="10">
<![CDATA[
:4  %i_V = add i10 %t_V, 1

]]></Node>
<StgValue><ssdm name="i_V"/></StgValue>
</operation>

<operation id="19" st_id="2" stage="1" lat="1">
<core>NULL</core>
<MemPortIdVec></MemPortIdVec>
<condition id="10">
<or_exp><and_exp></and_exp></or_exp>
</condition>

<Node id="20" bw="0" op_0_bw="1" op_1_bw="0" op_2_bw="0">
<![CDATA[
:5  br i1 %exitcond7_i, label %.exit, label %1

]]></Node>
<StgValue><ssdm name=""/></StgValue>
</operation>

<operation id="20" st_id="2" stage="1" lat="1">
<core>NULL</core>
<MemPortIdVec></MemPortIdVec>
<condition id="12">
<or_exp><and_exp><literal name="exitcond7_i" val="0"/>
</and_exp></or_exp>
</condition>

<Node id="22" bw="0" op_0_bw="0" op_1_bw="0">
<![CDATA[
:0  call void (...)* @_ssdm_op_SpecLoopName([12 x i8]* @p_str11) nounwind

]]></Node>
<StgValue><ssdm name=""/></StgValue>
</operation>

<operation id="21" st_id="2" stage="1" lat="1">
<core>NULL</core>
<MemPortIdVec></MemPortIdVec>
<condition id="12">
<or_exp><and_exp><literal name="exitcond7_i" val="0"/>
</and_exp></or_exp>
</condition>

<Node id="23" bw="32" op_0_bw="32" op_1_bw="0">
<![CDATA[
:1  %tmp_i = call i32 (...)* @_ssdm_op_SpecRegionBegin([12 x i8]* @p_str11)

]]></Node>
<StgValue><ssdm name="tmp_i"/></StgValue>
</operation>

<operation id="22" st_id="2" stage="1" lat="1">
<core>NULL</core>
<MemPortIdVec></MemPortIdVec>
<condition id="12">
<or_exp><and_exp><literal name="exitcond7_i" val="0"/>
</and_exp></or_exp>
</condition>

<Node id="24" bw="0" op_0_bw="0">
<![CDATA[
:2  br label %2

]]></Node>
<StgValue><ssdm name=""/></StgValue>
</operation>

<operation id="23" st_id="2" stage="1" lat="1">
<core>NULL</core>
<MemPortIdVec></MemPortIdVec>
<condition id="14">
<or_exp><and_exp><literal name="exitcond7_i" val="1"/>
</and_exp></or_exp>
</condition>

<Node id="54" bw="0">
<![CDATA[
.exit:0  ret void

]]></Node>
<StgValue><ssdm name=""/></StgValue>
</operation>
</state>

<state id="3" st_id="3">

<operation id="24" st_id="3" stage="1" lat="1">
<core>NULL</core>
<MemPortIdVec></MemPortIdVec>
<condition id="-1">
<or_exp><and_exp></and_exp></or_exp>
</condition>

<Node id="26" bw="10" op_0_bw="10" op_1_bw="0">
<![CDATA[
:0  %t_V_4 = phi i10 [ 0, %1 ], [ %j_V, %3 ]

]]></Node>
<StgValue><ssdm name="t_V_4"/></StgValue>
</operation>

<operation id="25" st_id="3" stage="1" lat="1">
<core>NULL</core>
<MemPortIdVec></MemPortIdVec>
<condition id="-1">
<or_exp><and_exp></and_exp></or_exp>
</condition>

<Node id="27" bw="11" op_0_bw="10">
<![CDATA[
:1  %t_V_5_cast_i = zext i10 %t_V_4 to i11

]]></Node>
<StgValue><ssdm name="t_V_5_cast_i"/></StgValue>
</operation>

<operation id="26" st_id="3" stage="1" lat="1">
<core>Cmp</core>
<MemPortIdVec></MemPortIdVec>
<condition id="-1">
<or_exp><and_exp></and_exp></or_exp>
</condition>

<Node id="28" bw="1" op_0_bw="11" op_1_bw="11">
<![CDATA[
:2  %exitcond_i = icmp eq i11 %t_V_5_cast_i, %src_cols_V_read

]]></Node>
<StgValue><ssdm name="exitcond_i"/></StgValue>
</operation>

<operation id="27" st_id="3" stage="1" lat="1">
<core>NULL</core>
<MemPortIdVec></MemPortIdVec>
<condition id="-1">
<or_exp><and_exp></and_exp></or_exp>
</condition>

<Node id="29" bw="0" op_0_bw="0" op_1_bw="64" op_2_bw="64" op_3_bw="64">
<![CDATA[
:3  call void (...)* @_ssdm_op_SpecLoopTripCount(i64 0, i64 640, i64 0)

]]></Node>
<StgValue><ssdm name=""/></StgValue>
</operation>

<operation id="28" st_id="3" stage="1" lat="1">
<core>AddSub</core>
<MemPortIdVec></MemPortIdVec>
<condition id="-1">
<or_exp><and_exp></and_exp></or_exp>
</condition>

<Node id="30" bw="10" op_0_bw="10" op_1_bw="10">
<![CDATA[
:4  %j_V = add i10 %t_V_4, 1

]]></Node>
<StgValue><ssdm name="j_V"/></StgValue>
</operation>

<operation id="29" st_id="3" stage="1" lat="1">
<core>NULL</core>
<MemPortIdVec></MemPortIdVec>
<condition id="-1">
<or_exp><and_exp></and_exp></or_exp>
</condition>

<Node id="31" bw="0" op_0_bw="1" op_1_bw="0" op_2_bw="0">
<![CDATA[
:5  br i1 %exitcond_i, label %4, label %3

]]></Node>
<StgValue><ssdm name=""/></StgValue>
</operation>
</state>

<state id="4" st_id="4">

<operation id="30" st_id="4" stage="1" lat="1">
<core>NULL</core>
<MemPortIdVec></MemPortIdVec>
<condition id="0">
<or_exp><and_exp><literal name="exitcond_i" val="0"/>
</and_exp></or_exp>
</condition>

<Node id="33" bw="0" op_0_bw="0" op_1_bw="0">
<![CDATA[
:0  call void (...)* @_ssdm_op_SpecLoopName([11 x i8]* @p_str12) nounwind

]]></Node>
<StgValue><ssdm name=""/></StgValue>
</operation>

<operation id="31" st_id="4" stage="1" lat="1">
<core>NULL</core>
<MemPortIdVec></MemPortIdVec>
<condition id="0">
<or_exp><and_exp><literal name="exitcond_i" val="0"/>
</and_exp></or_exp>
</condition>

<Node id="34" bw="32" op_0_bw="32" op_1_bw="0">
<![CDATA[
:1  %tmp_99_i = call i32 (...)* @_ssdm_op_SpecRegionBegin([11 x i8]* @p_str12)

]]></Node>
<StgValue><ssdm name="tmp_99_i"/></StgValue>
</operation>

<operation id="32" st_id="4" stage="1" lat="1">
<core>NULL</core>
<MemPortIdVec></MemPortIdVec>
<condition id="0">
<or_exp><and_exp><literal name="exitcond_i" val="0"/>
</and_exp></or_exp>
</condition>

<Node id="35" bw="0" op_0_bw="0" op_1_bw="32" op_2_bw="32" op_3_bw="32" op_4_bw="32" op_5_bw="0">
<![CDATA[
:2  call void (...)* @_ssdm_op_SpecPipeline(i32 1, i32 1, i32 1, i32 0, [1 x i8]* @p_str3) nounwind

]]></Node>
<StgValue><ssdm name=""/></StgValue>
</operation>

<operation id="33" st_id="4" stage="1" lat="1">
<core>NULL</core>
<MemPortIdVec></MemPortIdVec>
<condition id="0">
<or_exp><and_exp><literal name="exitcond_i" val="0"/>
</and_exp></or_exp>
</condition>

<Node id="36" bw="32" op_0_bw="32" op_1_bw="0">
<![CDATA[
:3  %tmp_100_i = call i32 (...)* @_ssdm_op_SpecRegionBegin([13 x i8]* @p_str16)

]]></Node>
<StgValue><ssdm name="tmp_100_i"/></StgValue>
</operation>

<operation id="34" st_id="4" stage="1" lat="1">
<core>NULL</core>
<MemPortIdVec></MemPortIdVec>
<condition id="0">
<or_exp><and_exp><literal name="exitcond_i" val="0"/>
</and_exp></or_exp>
</condition>

<Node id="37" bw="0" op_0_bw="0" op_1_bw="32" op_2_bw="0">
<![CDATA[
:4  call void (...)* @_ssdm_op_SpecProtocol(i32 0, [1 x i8]* @p_str3) nounwind

]]></Node>
<StgValue><ssdm name=""/></StgValue>
</operation>

<operation id="35" st_id="4" stage="1" lat="1">
<core>FIFO</core>
<MemPortIdVec></MemPortIdVec>
<condition id="0">
<or_exp><and_exp><literal name="exitcond_i" val="0"/>
</and_exp></or_exp>
</condition>

<Node id="38" bw="8" op_0_bw="8" op_1_bw="8">
<![CDATA[
:5  %tmp = call i8 @_ssdm_op_Read.ap_fifo.volatile.i8P(i8* %src_data_stream_V)

]]></Node>
<StgValue><ssdm name="tmp"/></StgValue>
</operation>

<operation id="36" st_id="4" stage="1" lat="1">
<core>NULL</core>
<MemPortIdVec></MemPortIdVec>
<condition id="0">
<or_exp><and_exp><literal name="exitcond_i" val="0"/>
</and_exp></or_exp>
</condition>

<Node id="39" bw="32" op_0_bw="32" op_1_bw="0" op_2_bw="32">
<![CDATA[
:6  %empty = call i32 (...)* @_ssdm_op_SpecRegionEnd([13 x i8]* @p_str16, i32 %tmp_100_i)

]]></Node>
<StgValue><ssdm name="empty"/></StgValue>
</operation>

<operation id="37" st_id="4" stage="1" lat="1">
<core>NULL</core>
<MemPortIdVec></MemPortIdVec>
<condition id="0">
<or_exp><and_exp><literal name="exitcond_i" val="0"/>
</and_exp></or_exp>
</condition>

<Node id="40" bw="32" op_0_bw="32" op_1_bw="0">
<![CDATA[
:7  %tmp_101_i = call i32 (...)* @_ssdm_op_SpecRegionBegin([13 x i8]* @p_str21)

]]></Node>
<StgValue><ssdm name="tmp_101_i"/></StgValue>
</operation>

<operation id="38" st_id="4" stage="1" lat="1">
<core>NULL</core>
<MemPortIdVec></MemPortIdVec>
<condition id="0">
<or_exp><and_exp><literal name="exitcond_i" val="0"/>
</and_exp></or_exp>
</condition>

<Node id="41" bw="0" op_0_bw="0" op_1_bw="32" op_2_bw="0">
<![CDATA[
:8  call void (...)* @_ssdm_op_SpecProtocol(i32 0, [1 x i8]* @p_str3) nounwind

]]></Node>
<StgValue><ssdm name=""/></StgValue>
</operation>

<operation id="39" st_id="4" stage="1" lat="1">
<core>FIFO</core>
<MemPortIdVec></MemPortIdVec>
<condition id="0">
<or_exp><and_exp><literal name="exitcond_i" val="0"/>
</and_exp></or_exp>
</condition>

<Node id="42" bw="0" op_0_bw="0" op_1_bw="8" op_2_bw="8">
<![CDATA[
:9  call void @_ssdm_op_Write.ap_fifo.volatile.i8P(i8* %dst1_data_stream_V, i8 %tmp)

]]></Node>
<StgValue><ssdm name=""/></StgValue>
</operation>

<operation id="40" st_id="4" stage="1" lat="1">
<core>NULL</core>
<MemPortIdVec></MemPortIdVec>
<condition id="0">
<or_exp><and_exp><literal name="exitcond_i" val="0"/>
</and_exp></or_exp>
</condition>

<Node id="43" bw="32" op_0_bw="32" op_1_bw="0" op_2_bw="32">
<![CDATA[
:10  %empty_94 = call i32 (...)* @_ssdm_op_SpecRegionEnd([13 x i8]* @p_str21, i32 %tmp_101_i)

]]></Node>
<StgValue><ssdm name="empty_94"/></StgValue>
</operation>

<operation id="41" st_id="4" stage="1" lat="1">
<core>NULL</core>
<MemPortIdVec></MemPortIdVec>
<condition id="0">
<or_exp><and_exp><literal name="exitcond_i" val="0"/>
</and_exp></or_exp>
</condition>

<Node id="44" bw="32" op_0_bw="32" op_1_bw="0">
<![CDATA[
:11  %tmp_103_i = call i32 (...)* @_ssdm_op_SpecRegionBegin([13 x i8]* @p_str21)

]]></Node>
<StgValue><ssdm name="tmp_103_i"/></StgValue>
</operation>

<operation id="42" st_id="4" stage="1" lat="1">
<core>NULL</core>
<MemPortIdVec></MemPortIdVec>
<condition id="0">
<or_exp><and_exp><literal name="exitcond_i" val="0"/>
</and_exp></or_exp>
</condition>

<Node id="45" bw="0" op_0_bw="0" op_1_bw="32" op_2_bw="0">
<![CDATA[
:12  call void (...)* @_ssdm_op_SpecProtocol(i32 0, [1 x i8]* @p_str3) nounwind

]]></Node>
<StgValue><ssdm name=""/></StgValue>
</operation>

<operation id="43" st_id="4" stage="1" lat="1">
<core>FIFO</core>
<MemPortIdVec></MemPortIdVec>
<condition id="0">
<or_exp><and_exp><literal name="exitcond_i" val="0"/>
</and_exp></or_exp>
</condition>

<Node id="46" bw="0" op_0_bw="0" op_1_bw="8" op_2_bw="8">
<![CDATA[
:13  call void @_ssdm_op_Write.ap_fifo.volatile.i8P(i8* %dst2_data_stream_V, i8 %tmp)

]]></Node>
<StgValue><ssdm name=""/></StgValue>
</operation>

<operation id="44" st_id="4" stage="1" lat="1">
<core>NULL</core>
<MemPortIdVec></MemPortIdVec>
<condition id="0">
<or_exp><and_exp><literal name="exitcond_i" val="0"/>
</and_exp></or_exp>
</condition>

<Node id="47" bw="32" op_0_bw="32" op_1_bw="0" op_2_bw="32">
<![CDATA[
:14  %empty_95 = call i32 (...)* @_ssdm_op_SpecRegionEnd([13 x i8]* @p_str21, i32 %tmp_103_i)

]]></Node>
<StgValue><ssdm name="empty_95"/></StgValue>
</operation>

<operation id="45" st_id="4" stage="1" lat="1">
<core>NULL</core>
<MemPortIdVec></MemPortIdVec>
<condition id="0">
<or_exp><and_exp><literal name="exitcond_i" val="0"/>
</and_exp></or_exp>
</condition>

<Node id="48" bw="32" op_0_bw="32" op_1_bw="0" op_2_bw="32">
<![CDATA[
:15  %empty_96 = call i32 (...)* @_ssdm_op_SpecRegionEnd([11 x i8]* @p_str12, i32 %tmp_99_i)

]]></Node>
<StgValue><ssdm name="empty_96"/></StgValue>
</operation>

<operation id="46" st_id="4" stage="1" lat="1">
<core>NULL</core>
<MemPortIdVec></MemPortIdVec>
<condition id="0">
<or_exp><and_exp><literal name="exitcond_i" val="0"/>
</and_exp></or_exp>
</condition>

<Node id="49" bw="0" op_0_bw="0">
<![CDATA[
:16  br label %2

]]></Node>
<StgValue><ssdm name=""/></StgValue>
</operation>
</state>

<state id="5" st_id="5">

<operation id="47" st_id="5" stage="1" lat="1">
<core>NULL</core>
<MemPortIdVec></MemPortIdVec>
<condition id="15">
<or_exp><and_exp></and_exp></or_exp>
</condition>

<Node id="51" bw="32" op_0_bw="32" op_1_bw="0" op_2_bw="32">
<![CDATA[
:0  %empty_97 = call i32 (...)* @_ssdm_op_SpecRegionEnd([12 x i8]* @p_str11, i32 %tmp_i)

]]></Node>
<StgValue><ssdm name="empty_97"/></StgValue>
</operation>

<operation id="48" st_id="5" stage="1" lat="1">
<core>NULL</core>
<MemPortIdVec></MemPortIdVec>
<condition id="15">
<or_exp><and_exp></and_exp></or_exp>
</condition>

<Node id="52" bw="0" op_0_bw="0">
<![CDATA[
:1  br label %0

]]></Node>
<StgValue><ssdm name=""/></StgValue>
</operation>
</state>
</state_list>


<ports>
<port id="59" name="src_rows_V" dir="0" iftype="3">
<core>FIFO</core><StgValue><ssdm name="src_rows_V"/></StgValue>
</port>
<port id="60" name="src_cols_V" dir="0" iftype="3">
<core>FIFO</core><StgValue><ssdm name="src_cols_V"/></StgValue>
</port>
<port id="61" name="src_data_stream_V" dir="0" iftype="3">
<core>FIFO</core><StgValue><ssdm name="src_data_stream_V"/></StgValue>
</port>
<port id="62" name="dst1_data_stream_V" dir="1" iftype="3">
<core>FIFO</core><StgValue><ssdm name="dst1_data_stream_V"/></StgValue>
</port>
<port id="63" name="dst2_data_stream_V" dir="1" iftype="3">
<core>FIFO</core><StgValue><ssdm name="dst2_data_stream_V"/></StgValue>
</port>
</ports>


<dataflows>
<dataflow id="65" from="_ssdm_op_SpecInterface" to="StgValue_6" fromId="64" toId="6">
</dataflow>
<dataflow id="66" from="dst2_data_stream_V" to="StgValue_6" fromId="63" toId="6">
</dataflow>
<dataflow id="68" from="ap_fifo_str" to="StgValue_6" fromId="67" toId="6">
</dataflow>
<dataflow id="70" from="StgValue_69" to="StgValue_6" fromId="69" toId="6">
</dataflow>
<dataflow id="71" from="StgValue_69" to="StgValue_6" fromId="69" toId="6">
</dataflow>
<dataflow id="73" from="p_str206" to="StgValue_6" fromId="72" toId="6">
</dataflow>
<dataflow id="74" from="StgValue_69" to="StgValue_6" fromId="69" toId="6">
</dataflow>
<dataflow id="75" from="StgValue_69" to="StgValue_6" fromId="69" toId="6">
</dataflow>
<dataflow id="77" from="p_str207" to="StgValue_6" fromId="76" toId="6">
</dataflow>
<dataflow id="79" from="p_str208" to="StgValue_6" fromId="78" toId="6">
</dataflow>
<dataflow id="81" from="p_str209" to="StgValue_6" fromId="80" toId="6">
</dataflow>
<dataflow id="83" from="StgValue_82" to="StgValue_6" fromId="82" toId="6">
</dataflow>
<dataflow id="84" from="StgValue_82" to="StgValue_6" fromId="82" toId="6">
</dataflow>
<dataflow id="86" from="StgValue_85" to="StgValue_6" fromId="85" toId="6">
</dataflow>
<dataflow id="87" from="StgValue_85" to="StgValue_6" fromId="85" toId="6">
</dataflow>
<dataflow id="89" from="p_str210" to="StgValue_6" fromId="88" toId="6">
</dataflow>
<dataflow id="91" from="p_str211" to="StgValue_6" fromId="90" toId="6">
</dataflow>
<dataflow id="92" from="_ssdm_op_SpecInterface" to="StgValue_7" fromId="64" toId="7">
</dataflow>
<dataflow id="93" from="dst1_data_stream_V" to="StgValue_7" fromId="62" toId="7">
</dataflow>
<dataflow id="94" from="ap_fifo_str" to="StgValue_7" fromId="67" toId="7">
</dataflow>
<dataflow id="95" from="StgValue_69" to="StgValue_7" fromId="69" toId="7">
</dataflow>
<dataflow id="96" from="StgValue_69" to="StgValue_7" fromId="69" toId="7">
</dataflow>
<dataflow id="98" from="p_str199" to="StgValue_7" fromId="97" toId="7">
</dataflow>
<dataflow id="99" from="StgValue_69" to="StgValue_7" fromId="69" toId="7">
</dataflow>
<dataflow id="100" from="StgValue_69" to="StgValue_7" fromId="69" toId="7">
</dataflow>
<dataflow id="102" from="p_str200" to="StgValue_7" fromId="101" toId="7">
</dataflow>
<dataflow id="104" from="p_str201" to="StgValue_7" fromId="103" toId="7">
</dataflow>
<dataflow id="106" from="p_str202" to="StgValue_7" fromId="105" toId="7">
</dataflow>
<dataflow id="107" from="StgValue_82" to="StgValue_7" fromId="82" toId="7">
</dataflow>
<dataflow id="108" from="StgValue_82" to="StgValue_7" fromId="82" toId="7">
</dataflow>
<dataflow id="109" from="StgValue_85" to="StgValue_7" fromId="85" toId="7">
</dataflow>
<dataflow id="110" from="StgValue_85" to="StgValue_7" fromId="85" toId="7">
</dataflow>
<dataflow id="112" from="p_str203" to="StgValue_7" fromId="111" toId="7">
</dataflow>
<dataflow id="114" from="p_str204" to="StgValue_7" fromId="113" toId="7">
</dataflow>
<dataflow id="115" from="_ssdm_op_SpecInterface" to="StgValue_8" fromId="64" toId="8">
</dataflow>
<dataflow id="116" from="src_data_stream_V" to="StgValue_8" fromId="61" toId="8">
</dataflow>
<dataflow id="117" from="ap_fifo_str" to="StgValue_8" fromId="67" toId="8">
</dataflow>
<dataflow id="118" from="StgValue_69" to="StgValue_8" fromId="69" toId="8">
</dataflow>
<dataflow id="119" from="StgValue_69" to="StgValue_8" fromId="69" toId="8">
</dataflow>
<dataflow id="121" from="p_str192" to="StgValue_8" fromId="120" toId="8">
</dataflow>
<dataflow id="122" from="StgValue_69" to="StgValue_8" fromId="69" toId="8">
</dataflow>
<dataflow id="123" from="StgValue_69" to="StgValue_8" fromId="69" toId="8">
</dataflow>
<dataflow id="125" from="p_str193" to="StgValue_8" fromId="124" toId="8">
</dataflow>
<dataflow id="127" from="p_str194" to="StgValue_8" fromId="126" toId="8">
</dataflow>
<dataflow id="129" from="p_str195" to="StgValue_8" fromId="128" toId="8">
</dataflow>
<dataflow id="130" from="StgValue_82" to="StgValue_8" fromId="82" toId="8">
</dataflow>
<dataflow id="131" from="StgValue_82" to="StgValue_8" fromId="82" toId="8">
</dataflow>
<dataflow id="132" from="StgValue_85" to="StgValue_8" fromId="85" toId="8">
</dataflow>
<dataflow id="133" from="StgValue_85" to="StgValue_8" fromId="85" toId="8">
</dataflow>
<dataflow id="135" from="p_str196" to="StgValue_8" fromId="134" toId="8">
</dataflow>
<dataflow id="137" from="p_str197" to="StgValue_8" fromId="136" toId="8">
</dataflow>
<dataflow id="138" from="_ssdm_op_SpecInterface" to="StgValue_9" fromId="64" toId="9">
</dataflow>
<dataflow id="139" from="src_rows_V" to="StgValue_9" fromId="59" toId="9">
</dataflow>
<dataflow id="140" from="ap_fifo_str" to="StgValue_9" fromId="67" toId="9">
</dataflow>
<dataflow id="141" from="StgValue_69" to="StgValue_9" fromId="69" toId="9">
</dataflow>
<dataflow id="142" from="StgValue_69" to="StgValue_9" fromId="69" toId="9">
</dataflow>
<dataflow id="144" from="p_str378" to="StgValue_9" fromId="143" toId="9">
</dataflow>
<dataflow id="145" from="StgValue_69" to="StgValue_9" fromId="69" toId="9">
</dataflow>
<dataflow id="146" from="StgValue_69" to="StgValue_9" fromId="69" toId="9">
</dataflow>
<dataflow id="148" from="p_str379" to="StgValue_9" fromId="147" toId="9">
</dataflow>
<dataflow id="150" from="p_str380" to="StgValue_9" fromId="149" toId="9">
</dataflow>
<dataflow id="152" from="p_str381" to="StgValue_9" fromId="151" toId="9">
</dataflow>
<dataflow id="153" from="StgValue_82" to="StgValue_9" fromId="82" toId="9">
</dataflow>
<dataflow id="154" from="StgValue_82" to="StgValue_9" fromId="82" toId="9">
</dataflow>
<dataflow id="155" from="StgValue_85" to="StgValue_9" fromId="85" toId="9">
</dataflow>
<dataflow id="156" from="StgValue_85" to="StgValue_9" fromId="85" toId="9">
</dataflow>
<dataflow id="158" from="p_str382" to="StgValue_9" fromId="157" toId="9">
</dataflow>
<dataflow id="160" from="p_str383" to="StgValue_9" fromId="159" toId="9">
</dataflow>
<dataflow id="161" from="_ssdm_op_SpecInterface" to="StgValue_10" fromId="64" toId="10">
</dataflow>
<dataflow id="162" from="src_cols_V" to="StgValue_10" fromId="60" toId="10">
</dataflow>
<dataflow id="163" from="ap_fifo_str" to="StgValue_10" fromId="67" toId="10">
</dataflow>
<dataflow id="164" from="StgValue_69" to="StgValue_10" fromId="69" toId="10">
</dataflow>
<dataflow id="165" from="StgValue_69" to="StgValue_10" fromId="69" toId="10">
</dataflow>
<dataflow id="167" from="p_str384" to="StgValue_10" fromId="166" toId="10">
</dataflow>
<dataflow id="168" from="StgValue_69" to="StgValue_10" fromId="69" toId="10">
</dataflow>
<dataflow id="169" from="StgValue_69" to="StgValue_10" fromId="69" toId="10">
</dataflow>
<dataflow id="171" from="p_str385" to="StgValue_10" fromId="170" toId="10">
</dataflow>
<dataflow id="173" from="p_str386" to="StgValue_10" fromId="172" toId="10">
</dataflow>
<dataflow id="175" from="p_str387" to="StgValue_10" fromId="174" toId="10">
</dataflow>
<dataflow id="176" from="StgValue_82" to="StgValue_10" fromId="82" toId="10">
</dataflow>
<dataflow id="177" from="StgValue_82" to="StgValue_10" fromId="82" toId="10">
</dataflow>
<dataflow id="178" from="StgValue_85" to="StgValue_10" fromId="85" toId="10">
</dataflow>
<dataflow id="179" from="StgValue_85" to="StgValue_10" fromId="85" toId="10">
</dataflow>
<dataflow id="181" from="p_str388" to="StgValue_10" fromId="180" toId="10">
</dataflow>
<dataflow id="183" from="p_str389" to="StgValue_10" fromId="182" toId="10">
</dataflow>
<dataflow id="185" from="_ssdm_op_Read.ap_fifo.i11P" to="src_rows_V_read" fromId="184" toId="11">
</dataflow>
<dataflow id="186" from="src_rows_V" to="src_rows_V_read" fromId="59" toId="11">
</dataflow>
<dataflow id="187" from="_ssdm_op_Read.ap_fifo.i11P" to="src_cols_V_read" fromId="184" toId="12">
</dataflow>
<dataflow id="188" from="src_cols_V" to="src_cols_V_read" fromId="60" toId="12">
</dataflow>
<dataflow id="190" from="StgValue_189" to="t_V" fromId="189" toId="14">
<condition id="50">
<or_exp><and_exp></and_exp></or_exp>
</condition>
</dataflow>
<dataflow id="191" from="StgValue_13" to="t_V" fromId="13" toId="14">
</dataflow>
<dataflow id="192" from="i_V" to="t_V" fromId="18" toId="14">
<BackEdge/>
<condition id="51">
<or_exp><and_exp></and_exp></or_exp>
</condition>
</dataflow>
<dataflow id="193" from="StgValue_48" to="t_V" fromId="48" toId="14">
<BackEdge/>
</dataflow>
<dataflow id="194" from="t_V" to="t_V_cast_i" fromId="14" toId="15">
</dataflow>
<dataflow id="195" from="t_V_cast_i" to="exitcond7_i" fromId="15" toId="16">
</dataflow>
<dataflow id="196" from="src_rows_V_read" to="exitcond7_i" fromId="11" toId="16">
</dataflow>
<dataflow id="198" from="_ssdm_op_SpecLoopTripCount" to="StgValue_17" fromId="197" toId="17">
</dataflow>
<dataflow id="200" from="StgValue_199" to="StgValue_17" fromId="199" toId="17">
</dataflow>
<dataflow id="202" from="StgValue_201" to="StgValue_17" fromId="201" toId="17">
</dataflow>
<dataflow id="203" from="StgValue_199" to="StgValue_17" fromId="199" toId="17">
</dataflow>
<dataflow id="204" from="t_V" to="i_V" fromId="14" toId="18">
</dataflow>
<dataflow id="206" from="StgValue_205" to="i_V" fromId="205" toId="18">
</dataflow>
<dataflow id="207" from="exitcond7_i" to="StgValue_19" fromId="16" toId="19">
</dataflow>
<dataflow id="209" from="_ssdm_op_SpecLoopName" to="StgValue_20" fromId="208" toId="20">
</dataflow>
<dataflow id="211" from="p_str11" to="StgValue_20" fromId="210" toId="20">
</dataflow>
<dataflow id="213" from="_ssdm_op_SpecRegionBegin" to="tmp_i" fromId="212" toId="21">
</dataflow>
<dataflow id="214" from="p_str11" to="tmp_i" fromId="210" toId="21">
</dataflow>
<dataflow id="215" from="StgValue_189" to="t_V_4" fromId="189" toId="24">
<condition id="52">
<or_exp><and_exp><literal name="exitcond7_i" val="0"/>
</and_exp></or_exp>
</condition>
</dataflow>
<dataflow id="216" from="StgValue_22" to="t_V_4" fromId="22" toId="24">
</dataflow>
<dataflow id="217" from="j_V" to="t_V_4" fromId="28" toId="24">
<BackEdge/>
<condition id="53">
<or_exp><and_exp><literal name="exitcond_i" val="0"/>
</and_exp></or_exp>
</condition>
</dataflow>
<dataflow id="218" from="StgValue_46" to="t_V_4" fromId="46" toId="24">
<BackEdge/>
</dataflow>
<dataflow id="219" from="t_V_4" to="t_V_5_cast_i" fromId="24" toId="25">
</dataflow>
<dataflow id="220" from="t_V_5_cast_i" to="exitcond_i" fromId="25" toId="26">
</dataflow>
<dataflow id="221" from="src_cols_V_read" to="exitcond_i" fromId="12" toId="26">
</dataflow>
<dataflow id="222" from="_ssdm_op_SpecLoopTripCount" to="StgValue_27" fromId="197" toId="27">
</dataflow>
<dataflow id="223" from="StgValue_199" to="StgValue_27" fromId="199" toId="27">
</dataflow>
<dataflow id="224" from="StgValue_201" to="StgValue_27" fromId="201" toId="27">
</dataflow>
<dataflow id="225" from="StgValue_199" to="StgValue_27" fromId="199" toId="27">
</dataflow>
<dataflow id="226" from="t_V_4" to="j_V" fromId="24" toId="28">
</dataflow>
<dataflow id="227" from="StgValue_205" to="j_V" fromId="205" toId="28">
</dataflow>
<dataflow id="228" from="exitcond_i" to="StgValue_29" fromId="26" toId="29">
</dataflow>
<dataflow id="229" from="_ssdm_op_SpecLoopName" to="StgValue_30" fromId="208" toId="30">
</dataflow>
<dataflow id="231" from="p_str12" to="StgValue_30" fromId="230" toId="30">
</dataflow>
<dataflow id="232" from="_ssdm_op_SpecRegionBegin" to="tmp_99_i" fromId="212" toId="31">
</dataflow>
<dataflow id="233" from="p_str12" to="tmp_99_i" fromId="230" toId="31">
</dataflow>
<dataflow id="235" from="_ssdm_op_SpecPipeline" to="StgValue_32" fromId="234" toId="32">
</dataflow>
<dataflow id="237" from="StgValue_236" to="StgValue_32" fromId="236" toId="32">
</dataflow>
<dataflow id="238" from="StgValue_236" to="StgValue_32" fromId="236" toId="32">
</dataflow>
<dataflow id="239" from="StgValue_236" to="StgValue_32" fromId="236" toId="32">
</dataflow>
<dataflow id="240" from="StgValue_69" to="StgValue_32" fromId="69" toId="32">
</dataflow>
<dataflow id="242" from="p_str3" to="StgValue_32" fromId="241" toId="32">
</dataflow>
<dataflow id="243" from="_ssdm_op_SpecRegionBegin" to="tmp_100_i" fromId="212" toId="33">
</dataflow>
<dataflow id="245" from="p_str16" to="tmp_100_i" fromId="244" toId="33">
</dataflow>
<dataflow id="247" from="_ssdm_op_SpecProtocol" to="StgValue_34" fromId="246" toId="34">
</dataflow>
<dataflow id="248" from="StgValue_69" to="StgValue_34" fromId="69" toId="34">
</dataflow>
<dataflow id="249" from="p_str3" to="StgValue_34" fromId="241" toId="34">
</dataflow>
<dataflow id="251" from="_ssdm_op_Read.ap_fifo.volatile.i8P" to="tmp" fromId="250" toId="35">
</dataflow>
<dataflow id="252" from="src_data_stream_V" to="tmp" fromId="61" toId="35">
</dataflow>
<dataflow id="254" from="_ssdm_op_SpecRegionEnd" to="empty" fromId="253" toId="36">
</dataflow>
<dataflow id="255" from="p_str16" to="empty" fromId="244" toId="36">
</dataflow>
<dataflow id="256" from="tmp_100_i" to="empty" fromId="33" toId="36">
</dataflow>
<dataflow id="257" from="_ssdm_op_SpecRegionBegin" to="tmp_101_i" fromId="212" toId="37">
</dataflow>
<dataflow id="259" from="p_str21" to="tmp_101_i" fromId="258" toId="37">
</dataflow>
<dataflow id="260" from="_ssdm_op_SpecProtocol" to="StgValue_38" fromId="246" toId="38">
</dataflow>
<dataflow id="261" from="StgValue_69" to="StgValue_38" fromId="69" toId="38">
</dataflow>
<dataflow id="262" from="p_str3" to="StgValue_38" fromId="241" toId="38">
</dataflow>
<dataflow id="264" from="_ssdm_op_Write.ap_fifo.volatile.i8P" to="StgValue_39" fromId="263" toId="39">
</dataflow>
<dataflow id="265" from="dst1_data_stream_V" to="StgValue_39" fromId="62" toId="39">
</dataflow>
<dataflow id="266" from="tmp" to="StgValue_39" fromId="35" toId="39">
</dataflow>
<dataflow id="267" from="_ssdm_op_SpecRegionEnd" to="empty_94" fromId="253" toId="40">
</dataflow>
<dataflow id="268" from="p_str21" to="empty_94" fromId="258" toId="40">
</dataflow>
<dataflow id="269" from="tmp_101_i" to="empty_94" fromId="37" toId="40">
</dataflow>
<dataflow id="270" from="_ssdm_op_SpecRegionBegin" to="tmp_103_i" fromId="212" toId="41">
</dataflow>
<dataflow id="271" from="p_str21" to="tmp_103_i" fromId="258" toId="41">
</dataflow>
<dataflow id="272" from="_ssdm_op_SpecProtocol" to="StgValue_42" fromId="246" toId="42">
</dataflow>
<dataflow id="273" from="StgValue_69" to="StgValue_42" fromId="69" toId="42">
</dataflow>
<dataflow id="274" from="p_str3" to="StgValue_42" fromId="241" toId="42">
</dataflow>
<dataflow id="275" from="_ssdm_op_Write.ap_fifo.volatile.i8P" to="StgValue_43" fromId="263" toId="43">
</dataflow>
<dataflow id="276" from="dst2_data_stream_V" to="StgValue_43" fromId="63" toId="43">
</dataflow>
<dataflow id="277" from="tmp" to="StgValue_43" fromId="35" toId="43">
</dataflow>
<dataflow id="278" from="_ssdm_op_SpecRegionEnd" to="empty_95" fromId="253" toId="44">
</dataflow>
<dataflow id="279" from="p_str21" to="empty_95" fromId="258" toId="44">
</dataflow>
<dataflow id="280" from="tmp_103_i" to="empty_95" fromId="41" toId="44">
</dataflow>
<dataflow id="281" from="_ssdm_op_SpecRegionEnd" to="empty_96" fromId="253" toId="45">
</dataflow>
<dataflow id="282" from="p_str12" to="empty_96" fromId="230" toId="45">
</dataflow>
<dataflow id="283" from="tmp_99_i" to="empty_96" fromId="31" toId="45">
</dataflow>
<dataflow id="284" from="_ssdm_op_SpecRegionEnd" to="empty_97" fromId="253" toId="47">
</dataflow>
<dataflow id="285" from="p_str11" to="empty_97" fromId="210" toId="47">
</dataflow>
<dataflow id="286" from="tmp_i" to="empty_97" fromId="21" toId="47">
</dataflow>
<dataflow id="287" from="exitcond7_i" to="StgValue_2" fromId="16" toId="2">
</dataflow>
<dataflow id="288" from="exitcond_i" to="StgValue_4" fromId="26" toId="4">
</dataflow>
<dataflow id="289" from="exitcond_i" to="StgValue_3" fromId="26" toId="3">
</dataflow>
<dataflow id="290" from="exitcond7_i" to="StgValue_3" fromId="16" toId="3">
</dataflow>
<dataflow id="291" from="exitcond7_i" to="StgValue_4" fromId="16" toId="4">
</dataflow>
</dataflows>


</stg>
