<stg><name>Duplicate</name>


<trans_list>

<trans id="49" from="1" to="2">
<condition id="17">
<or_exp><and_exp></and_exp></or_exp>
</condition>
</trans>

<trans id="50" from="2" to="3">
<condition id="19">
<or_exp><and_exp><literal name="exitcond7_i" val="0"/>
</and_exp></or_exp>
</condition>
</trans>

<trans id="57" from="3" to="5">
<condition id="27">
<or_exp><and_exp><literal name="exitcond_i" val="1"/>
</and_exp></or_exp>
</condition>
</trans>

<trans id="58" from="3" to="4">
<condition id="29">
<or_exp><and_exp><literal name="exitcond_i" val="0"/>
</and_exp></or_exp>
</condition>
</trans>

<trans id="56" from="4" to="3">
<condition id="28">
<or_exp><and_exp></and_exp></or_exp>
</condition>
</trans>

<trans id="54" from="5" to="2">
<condition id="26">
<or_exp><and_exp></and_exp></or_exp>
</condition>
</trans>
</trans_list>



<state_list>

<state id="1" st_id="1">

<operation id="6" st_id="1" stage="1" lat="1">
<core>NULL</core>
<MemPortIdVec></MemPortIdVec>
<condition id="9">
<or_exp><and_exp></and_exp></or_exp>
</condition>

<Node id="6" bw="0" op_0_bw="0" op_1_bw="8" op_2_bw="0" op_3_bw="32" op_4_bw="32" op_5_bw="0" op_6_bw="32" op_7_bw="32" op_8_bw="0" op_9_bw="0" op_10_bw="0" op_11_bw="32" op_12_bw="32" op_13_bw="32" op_14_bw="32" op_15_bw="0" op_16_bw="0">
<![CDATA[
entry:0  call void (...)* @_ssdm_op_SpecInterface(i8* %dst2_data_stream_V, [8 x i8]* @ap_fifo_str, i32 0, i32 0, [1 x i8]* @p_str206, i32 0, i32 0, [1 x i8]* @p_str207, [1 x i8]* @p_str208, [1 x i8]* @p_str209, i32 2, i32 2, i32 16, i32 16, [1 x i8]* @p_str210, [1 x i8]* @p_str211)

]]></Node>
<StgValue><ssdm name=""/></StgValue>
</operation>

<operation id="7" st_id="1" stage="1" lat="1">
<core>NULL</core>
<MemPortIdVec></MemPortIdVec>
<condition id="9">
<or_exp><and_exp></and_exp></or_exp>
</condition>

<Node id="7" bw="0" op_0_bw="0" op_1_bw="8" op_2_bw="0" op_3_bw="32" op_4_bw="32" op_5_bw="0" op_6_bw="32" op_7_bw="32" op_8_bw="0" op_9_bw="0" op_10_bw="0" op_11_bw="32" op_12_bw="32" op_13_bw="32" op_14_bw="32" op_15_bw="0" op_16_bw="0">
<![CDATA[
entry:1  call void (...)* @_ssdm_op_SpecInterface(i8* %dst1_data_stream_V, [8 x i8]* @ap_fifo_str, i32 0, i32 0, [1 x i8]* @p_str199, i32 0, i32 0, [1 x i8]* @p_str200, [1 x i8]* @p_str201, [1 x i8]* @p_str202, i32 2, i32 2, i32 16, i32 16, [1 x i8]* @p_str203, [1 x i8]* @p_str204)

]]></Node>
<StgValue><ssdm name=""/></StgValue>
</operation>

<operation id="8" st_id="1" stage="1" lat="1">
<core>NULL</core>
<MemPortIdVec></MemPortIdVec>
<condition id="9">
<or_exp><and_exp></and_exp></or_exp>
</condition>

<Node id="8" bw="0" op_0_bw="0" op_1_bw="8" op_2_bw="0" op_3_bw="32" op_4_bw="32" op_5_bw="0" op_6_bw="32" op_7_bw="32" op_8_bw="0" op_9_bw="0" op_10_bw="0" op_11_bw="32" op_12_bw="32" op_13_bw="32" op_14_bw="32" op_15_bw="0" op_16_bw="0">
<![CDATA[
entry:2  call void (...)* @_ssdm_op_SpecInterface(i8* %src_data_stream_V, [8 x i8]* @ap_fifo_str, i32 0, i32 0, [1 x i8]* @p_str192, i32 0, i32 0, [1 x i8]* @p_str193, [1 x i8]* @p_str194, [1 x i8]* @p_str195, i32 2, i32 2, i32 16, i32 16, [1 x i8]* @p_str196, [1 x i8]* @p_str197)

]]></Node>
<StgValue><ssdm name=""/></StgValue>
</operation>

<operation id="9" st_id="1" stage="1" lat="1">
<core>NULL</core>
<MemPortIdVec></MemPortIdVec>
<condition id="9">
<or_exp><and_exp></and_exp></or_exp>
</condition>

<Node id="9" bw="0" op_0_bw="0" op_1_bw="11" op_2_bw="0" op_3_bw="32" op_4_bw="32" op_5_bw="0" op_6_bw="32" op_7_bw="32" op_8_bw="0" op_9_bw="0" op_10_bw="0" op_11_bw="32" op_12_bw="32" op_13_bw="32" op_14_bw="32" op_15_bw="0" op_16_bw="0">
<![CDATA[
entry:3  call void (...)* @_ssdm_op_SpecInterface(i11* %src_rows_V, [8 x i8]* @ap_fifo_str, i32 0, i32 0, [1 x i8]* @p_str378, i32 0, i32 0, [1 x i8]* @p_str379, [1 x i8]* @p_str380, [1 x i8]* @p_str381, i32 2, i32 2, i32 16, i32 16, [1 x i8]* @p_str382, [1 x i8]* @p_str383)

]]></Node>
<StgValue><ssdm name=""/></StgValue>
</operation>

<operation id="10" st_id="1" stage="1" lat="1">
<core>NULL</core>
<MemPortIdVec></MemPortIdVec>
<condition id="9">
<or_exp><and_exp></and_exp></or_exp>
</condition>

<Node id="10" bw="0" op_0_bw="0" op_1_bw="11" op_2_bw="0" op_3_bw="32" op_4_bw="32" op_5_bw="0" op_6_bw="32" op_7_bw="32" op_8_bw="0" op_9_bw="0" op_10_bw="0" op_11_bw="32" op_12_bw="32" op_13_bw="32" op_14_bw="32" op_15_bw="0" op_16_bw="0">
<![CDATA[
entry:4  call void (...)* @_ssdm_op_SpecInterface(i11* %src_cols_V, [8 x i8]* @ap_fifo_str, i32 0, i32 0, [1 x i8]* @p_str384, i32 0, i32 0, [1 x i8]* @p_str385, [1 x i8]* @p_str386, [1 x i8]* @p_str387, i32 2, i32 2, i32 16, i32 16, [1 x i8]* @p_str388, [1 x i8]* @p_str389)

]]></Node>
<StgValue><ssdm name=""/></StgValue>
</operation>

<operation id="11" st_id="1" stage="1" lat="1">
<core>FIFO</core>
<MemPortIdVec></MemPortIdVec>
<condition id="9">
<or_exp><and_exp></and_exp></or_exp>
</condition>

<Node id="11" bw="11" op_0_bw="11" op_1_bw="11">
<![CDATA[
entry:5  %src_rows_V_read = call i11 @_ssdm_op_Read.ap_fifo.i11P(i11* %src_rows_V)

]]></Node>
<StgValue><ssdm name="src_rows_V_read"/></StgValue>
</operation>

<operation id="12" st_id="1" stage="1" lat="1">
<core>FIFO</core>
<MemPortIdVec></MemPortIdVec>
<condition id="9">
<or_exp><and_exp></and_exp></or_exp>
</condition>

<Node id="12" bw="11" op_0_bw="11" op_1_bw="11">
<![CDATA[
entry:6  %src_cols_V_read = call i11 @_ssdm_op_Read.ap_fifo.i11P(i11* %src_cols_V)

]]></Node>
<StgValue><ssdm name="src_cols_V_read"/></StgValue>
</operation>

<operation id="13" st_id="1" stage="1" lat="1">
<core>NULL</core>
<MemPortIdVec></MemPortIdVec>
<condition id="9">
<or_exp><and_exp></and_exp></or_exp>
</condition>

<Node id="13" bw="0" op_0_bw="0">
<![CDATA[
entry:7  br label %0

]]></Node>
<StgValue><ssdm name=""/></StgValue>
</operation>
</state>

<state id="2" st_id="2">

<operation id="14" st_id="2" stage="1" lat="1">
<core>NULL</core>
<MemPortIdVec></MemPortIdVec>
<condition id="10">
<or_exp><and_exp></and_exp></or_exp>
</condition>

<Node id="15" bw="10" op_0_bw="10" op_1_bw="0">
<![CDATA[
:0  %t_V = phi i10 [ 0, %entry ], [ %i_V, %4 ]

]]></Node>
<StgValue><ssdm name="t_V"/></StgValue>
</operation>

<operation id="15" st_id="2" stage="1" lat="1">
<core>NULL</core>
<MemPortIdVec></MemPortIdVec>
<condition id="10">
<or_exp><and_exp></and_exp></or_exp>
</condition>

<Node id="16" bw="11" op_0_bw="10">
<![CDATA[
:1  %t_V_cast_i = zext i10 %t_V to i11

]]></Node>
<StgValue><ssdm name="t_V_cast_i"/></StgValue>
</operation>

<operation id="16" st_id="2" stage="1" lat="1">
<core>Cmp</core>
<MemPortIdVec></MemPortIdVec>
<condition id="10">
<or_exp><and_exp></and_exp></or_exp>
</condition>

<Node id="17" bw="1" op_0_bw="11" op_1_bw="11">
<![CDATA[
:2  %exitcond7_i = icmp eq i11 %t_V_cast_i, %src_rows_V_read

]]></Node>
<StgValue><ssdm name="exitcond7_i"/></StgValue>
</operation>

<operation id="17" st_id="2" stage="1" lat="1">
<core>NULL</core>
<MemPortIdVec></MemPortIdVec>
<condition id="10">
<or_exp><and_exp></and_exp></or_exp>
</condition>

<Node id="18" bw="0" op_0_bw="0" op_1_bw="64" op_2_bw="64" op_3_bw="64">
<![CDATA[
:3  call void (...)* @_ssdm_op_SpecLoopTripCount(i64 0, i64 640, i64 0)

]]></Node>
<StgValue><ssdm name=""/></StgValue>
</operation>

<operation id="18" st_id="2" stage="1" lat="1">
<core>AddSub</core>
<MemPortIdVec></MemPortIdVec>
<condition id="10">
<or_exp><and_exp></and_exp></or_exp>
</condition>

<Node id="19" bw="10" op_0_bw="10" op_1_bw="10">
<![CDATA[
:4  %i_V = add i10 %t_V, 1

]]></Node>
<StgValue><ssdm name="i_V"/></StgValue>
</operation>

<operation id="19" st_id="2" stage="1" lat="1">
<core>NULL</core>
<MemPortIdVec></MemPortIdVec>
<condition id="10">
<or_exp><and_exp></and_exp></or_exp>
</condition>

<Node id="20" bw="0" op_0_bw="1" op_1_bw="0" op_2_bw="0">
<![CDATA[
:5  br i1 %exitcond7_i, label %.exit, label %1

]]></Node>
<StgValue><ssdm name=""/></StgValue>
</operation>

<operation id="20" st_id="2" stage="1" lat="1">
<core>NULL</core>
<MemPortIdVec></MemPortIdVec>
<condition id="12">
<or_exp><and_exp><literal name="exitcond7_i" val="0"/>
</and_exp></or_exp>
</condition>

<Node id="22" bw="0" op_0_bw="0" op_1_bw="0">
<![CDATA[
:0  call void (...)* @_ssdm_op_SpecLoopName([12 x i8]* @p_str11) nounwind

]]></Node>
<StgValue><ssdm name=""/></StgValue>
</operation>

<operation id="21" st_id="2" stage="1" lat="1">
<core>NULL</core>
<MemPortIdVec></MemPortIdVec>
<condition id="12">
<or_exp><and_exp><literal name="exitcond7_i" val="0"/>
</and_exp></or_exp>
</condition>

<Node id="23" bw="32" op_0_bw="32" op_1_bw="0">
<![CDATA[
:1  %tmp_i = call i32 (...)* @_ssdm_op_SpecRegionBegin([12 x i8]* @p_str11)

]]></Node>
<StgValue><ssdm name="tmp_i"/></StgValue>
</operation>

<operation id="22" st_id="2" stage="1" lat="1">
<core>NULL</core>
<MemPortIdVec></MemPortIdVec>
<condition id="12">
<or_exp><and_exp><literal name="exitcond7_i" val="0"/>
</and_exp></or_exp>
</condition>

<Node id="24" bw="0" op_0_bw="0">
<![CDATA[
:2  br label %2

]]></Node>
<StgValue><ssdm name=""/></StgValue>
</operation>

<operation id="23" st_id="2" stage="1" lat="1">
<core>NULL</core>
<MemPortIdVec></MemPortIdVec>
<condition id="14">
<or_exp><and_exp><literal name="exitcond7_i" val="1"/>
</and_exp></or_exp>
</condition>

<Node id="54" bw="0">
<![CDATA[
.exit:0  ret void

]]></Node>
<StgValue><ssdm name=""/></StgValue>
</operation>
</state>

<state id="3" st_id="3">

<operation id="24" st_id="3" stage="1" lat="1">
<core>NULL</core>
<MemPortIdVec></MemPortIdVec>
<condition id="-1">
<or_exp><and_exp></and_exp></or_exp>
</condition>

<Node id="26" bw="10" op_0_bw="10" op_1_bw="0">
<![CDATA[
:0  %t_V_4 = phi i10 [ 0, %1 ], [ %j_V, %3 ]

]]></Node>
<StgValue><ssdm name="t_V_4"/></StgValue>
</operation>

<operation id="25" st_id="3" stage="1" lat="1">
<core>NULL</core>
<MemPortIdVec></MemPortIdVec>
<condition id="-1">
<or_exp><and_exp></and_exp></or_exp>
</condition>

<Node id="27" bw="11" op_0_bw="10">
<![CDATA[
:1  %t_V_5_cast_i = zext i10 %t_V_4 to i11

]]></Node>
<StgValue><ssdm name="t_V_5_cast_i"/></StgValue>
</operation>

<operation id="26" st_id="3" stage="1" lat="1">
<core>Cmp</core>
<MemPortIdVec></MemPortIdVec>
<condition id="-1">
<or_exp><and_exp></and_exp></or_exp>
</condition>

<Node id="28" bw="1" op_0_bw="11" op_1_bw="11">
<![CDATA[
:2  %exitcond_i = icmp eq i11 %t_V_5_cast_i, %src_cols_V_read

]]></Node>
<StgValue><ssdm name="exitcond_i"/></StgValue>
</operation>

<operation id="27" st_id="3" stage="1" lat="1">
<core>NULL</core>
<MemPortIdVec></MemPortIdVec>
<condition id="-1">
<or_exp><and_exp></and_exp></or_exp>
</condition>

<Node id="29" bw="0" op_0_bw="0" op_1_bw="64" op_2_bw="64" op_3_bw="64">
<![CDATA[
:3  call void (...)* @_ssdm_op_SpecLoopTripCount(i64 0, i64 640, i64 0)

]]></Node>
<StgValue><ssdm name=""/></StgValue>
</operation>

<operation id="28" st_id="3" stage="1" lat="1">
<core>AddSub</core>
<MemPortIdVec></MemPortIdVec>
<condition id="-1">
<or_exp><and_exp></and_exp></or_exp>
</condition>

<Node id="30" bw="10" op_0_bw="10" op_1_bw="10">
<![CDATA[
:4  %j_V = add i10 %t_V_4, 1

]]></Node>
<StgValue><ssdm name="j_V"/></StgValue>
</operation>

<operation id="29" st_id="3" stage="1" lat="1">
<core>NULL</core>
<MemPortIdVec></MemPortIdVec>
<condition id="-1">
<or_exp><and_exp></and_exp></or_exp>
</condition>

<Node id="31" bw="0" op_0_bw="1" op_1_bw="0" op_2_bw="0">
<![CDATA[
:5  br i1 %exitcond_i, label %4, label %3

]]></Node>
<StgValue><ssdm name=""/></StgValue>
</operation>
</state>

<state id="4" st_id="4">

<operation id="30" st_id="4" stage="1" lat="1">
<core>NULL</core>
<MemPortIdVec></MemPortIdVec>
<condition id="0">
<or_exp><and_exp><literal name="exitcond_i" val="0"/>
</and_exp></or_exp>
</condition>

<Node id="33" bw="0" op_0_bw="0" op_1_bw="0">
<![CDATA[
:0  call void (...)* @_ssdm_op_SpecLoopName([11 x i8]* @p_str12) nounwind

]]></Node>
<StgValue><ssdm name=""/></StgValue>
</operation>

<operation id="31" st_id="4" stage="1" lat="1">
<core>NULL</core>
<MemPortIdVec></MemPortIdVec>
<condition id="0">
<or_exp><and_exp><literal name="exitcond_i" val="0"/>
</and_exp></or_exp>
</condition>

<Node id="34" bw="32" op_0_bw="32" op_1_bw="0">
<![CDATA[
:1  %tmp_99_i = call i32 (...)* @_ssdm_op_SpecRegionBegin([11 x i8]* @p_str12)

]]></Node>
<StgValue><ssdm name="tmp_99_i"/></StgValue>
</operation>

<operation id="32" st_id="4" stage="1" lat="1">
<core>NULL</core>
<MemPortIdVec></MemPortIdVec>
<condition id="0">
<or_exp><and_exp><literal name="exitcond_i" val="0"/>
</and_exp></or_exp>
</condition>

<Node id="35" bw="0" op_0_bw="0" op_1_bw="32" op_2_bw="32" op_3_bw="32" op_4_bw="32" op_5_bw="0">
<![CDATA[
:2  call void (...)* @_ssdm_op_SpecPipeline(i32 1, i32 1, i32 1, i32 0, [1 x i8]* @p_str3) nounwind

]]></Node>
<StgValue><ssdm name=""/></StgValue>
</operation>

<operation id="33" st_id="4" stage="1" lat="1">
<core>NULL</core>
<MemPortIdVec></MemPortIdVec>
<condition id="0">
<or_exp><and_exp><literal name="exitcond_i" val="0"/>
</and_exp></or_exp>
</condition>

<Node id="36" bw="32" op_0_bw="32" op_1_bw="0">
<![CDATA[
:3  %tmp_100_i = call i32 (...)* @_ssdm_op_SpecRegionBegin([13 x i8]* @p_str16)

]]></Node>
<StgValue><ssdm name="tmp_100_i"/></StgValue>
</operation>

<operation id="34" st_id="4" stage="1" lat="1">
<core>NULL</core>
<MemPortIdVec></MemPortIdVec>
<condition id="0">
<or_exp><and_exp><literal name="exitcond_i" val="0"/>
</and_exp></or_exp>
</condition>

<Node id="37" bw="0" op_0_bw="0" op_1_bw="32" op_2_bw="0">
<![CDATA[
:4  call void (...)* @_ssdm_op_SpecProtocol(i32 0, [1 x i8]* @p_str3) nounwind

]]></Node>
<StgValue><ssdm name=""/></StgValue>
</operation>

<operation id="35" st_id="4" stage="1" lat="1">
<core>FIFO</core>
<MemPortIdVec></MemPortIdVec>
<condition id="0">
<or_exp><and_exp><literal name="exitcond_i" val="0"/>
</and_exp></or_exp>
</condition>

<Node id="38" bw="8" op_0_bw="8" op_1_bw="8">
<![CDATA[
:5  %tmp = call i8 @_ssdm_op_Read.ap_fifo.volatile.i8P(i8* %src_data_stream_V)

]]></Node>
<StgValue><ssdm name="tmp"/></StgValue>
</operation>

<operation id="36" st_id="4" stage="1" lat="1">
<core>NULL</core>
<MemPortIdVec></MemPortIdVec>
<condition id="0">
<or_exp><and_exp><literal name="exitcond_i" val="0"/>
</and_exp></or_exp>
</condition>

<Node id="39" bw="32" op_0_bw="32" op_1_bw="0" op_2_bw="32">
<![CDATA[
:6  %empty = call i32 (...)* @_ssdm_op_SpecRegionEnd([13 x i8]* @p_str16, i32 %tmp_100_i)

]]></Node>
<StgValue><ssdm name="empty"/></StgValue>
</operation>

<operation id="37" st_id="4" stage="1" lat="1">
<core>NULL</core>
<MemPortIdVec></MemPortIdVec>
<condition id="0">
<or_exp><and_exp><literal name="exitcond_i" val="0"/>
</and_exp></or_exp>
</condition>

<Node id="40" bw="32" op_0_bw="32" op_1_bw="0">
<![CDATA[
:7  %tmp_101_i = call i32 (...)* @_ssdm_op_SpecRegionBegin([13 x i8]* @p_str21)

]]></Node>
<StgValue><ssdm name="tmp_101_i"/></StgValue>
</operation>

<operation id="38" st_id="4" stage="1" lat="1">
<core>NULL</core>
<MemPortIdVec></MemPortIdVec>
<condition id="0">
<or_exp><and_exp><literal name="exitcond_i" val="0"/>
</and_exp></or_exp>
</condition>

<Node id="41" bw="0" op_0_bw="0" op_1_bw="32" op_2_bw="0">
<![CDATA[
:8  call void (...)* @_ssdm_op_SpecProtocol(i32 0, [1 x i8]* @p_str3) nounwind

]]></Node>
<StgValue><ssdm name=""/></StgValue>
</operation>

<operation id="39" st_id="4" stage="1" lat="1">
<core>FIFO</core>
<MemPortIdVec></MemPortIdVec>
<condition id="0">
<or_exp><and_exp><literal name="exitcond_i" val="0"/>
</and_exp></or_exp>
</condition>

<Node id="42" bw="0" op_0_bw="0" op_1_bw="8" op_2_bw="8">
<![CDATA[
:9  call void @_ssdm_op_Write.ap_fifo.volatile.i8P(i8* %dst1_data_stream_V, i8 %tmp)

]]></Node>
<StgValue><ssdm name=""/></StgValue>
</operation>

<operation id="40" st_id="4" stage="1" lat="1">
<core>NULL</core>
<MemPortIdVec></MemPortIdVec>
<condition id="0">
<or_exp><and_exp><literal name="exitcond_i" val="0"/>
</and_exp></or_exp>
</condition>

<Node id="43" bw="32" op_0_bw="32" op_1_bw="0" op_2_bw="32">
<![CDATA[
:10  %empty_94 = call i32 (...)* @_ssdm_op_SpecRegionEnd([13 x i8]* @p_str21, i32 %tmp_101_i)

]]></Node>
<StgValue><ssdm name="empty_94"/></StgValue>
</operation>

<operation id="41" st_id="4" stage="1" lat="1">
<core>NULL</core>
<MemPortIdVec></MemPortIdVec>
<condition id="0">
<or_exp><and_exp><literal name="exitcond_i" val="0"/>
</and_exp></or_exp>
</condition>

<Node id="44" bw="32" op_0_bw="32" op_1_bw="0">
<![CDATA[
:11  %tmp_103_i = call i32 (...)* @_ssdm_op_SpecRegionBegin([13 x i8]* @p_str21)

]]></Node>
<StgValue><ssdm name="tmp_103_i"/></StgValue>
</operation>

<operation id="42" st_id="4" stage="1" lat="1">
<core>NULL</core>
<MemPortIdVec></MemPortIdVec>
<condition id="0">
<or_exp><and_exp><literal name="exitcond_i" val="0"/>
</and_exp></or_exp>
</condition>

<Node id="45" bw="0" op_0_bw="0" op_1_bw="32" op_2_bw="0">
<![CDATA[
:12  call void (...)* @_ssdm_op_SpecProtocol(i32 0, [1 x i8]* @p_str3) nounwind

]]></Node>
<StgValue><ssdm name=""/></StgValue>
</operation>

<operation id="43" st_id="4" stage="1" lat="1">
<core>FIFO</core>
<MemPortIdVec></MemPortIdVec>
<condition id="0">
<or_exp><and_exp><literal name="exitcond_i" val="0"/>
</and_exp></or_exp>
</condition>

<Node id="46" bw="0" op_0_bw="0" op_1_bw="8" op_2_bw="8">
<![CDATA[
:13  call void @_ssdm_op_Write.ap_fifo.volatile.i8P(i8* %dst2_data_stream_V, i8 %tmp)

]]></Node>
<StgValue><ssdm name=""/></StgValue>
</operation>

<operation id="44" st_id="4" stage="1" lat="1">
<core>NULL</core>
<MemPortIdVec></MemPortIdVec>
<condition id="0">
<or_exp><and_exp><literal name="exitcond_i" val="0"/>
</and_exp></or_exp>
</condition>

<Node id="47" bw="32" op_0_bw="32" op_1_bw="0" op_2_bw="32">
<![CDATA[
:14  %empty_95 = call i32 (...)* @_ssdm_op_SpecRegionEnd([13 x i8]* @p_str21, i32 %tmp_103_i)

]]></Node>
<StgValue><ssdm name="empty_95"/></StgValue>
</operation>

<operation id="45" st_id="4" stage="1" lat="1">
<core>NULL</core>
<MemPortIdVec></MemPortIdVec>
<condition id="0">
<or_exp><and_exp><literal name="exitcond_i" val="0"/>
</and_exp></or_exp>
</condition>

<Node id="48" bw="32" op_0_bw="32" op_1_bw="0" op_2_bw="32">
<![CDATA[
:15  %empty_96 = call i32 (...)* @_ssdm_op_SpecRegionEnd([11 x i8]* @p_str12, i32 %tmp_99_i)

]]></Node>
<StgValue><ssdm name="empty_96"/></StgValue>
</operation>

<operation id="46" st_id="4" stage="1" lat="1">
<core>NULL</core>
<MemPortIdVec></MemPortIdVec>
<condition id="0">
<or_exp><and_exp><literal name="exitcond_i" val="0"/>
</and_exp></or_exp>
</condition>

<Node id="49" bw="0" op_0_bw="0">
<![CDATA[
:16  br label %2

]]></Node>
<StgValue><ssdm name=""/></StgValue>
</operation>
</state>

<state id="5" st_id="5">

<operation id="47" st_id="5" stage="1" lat="1">
<core>NULL</core>
<MemPortIdVec></MemPortIdVec>
<condition id="15">
<or_exp><and_exp></and_exp></or_exp>
</condition>

<Node id="51" bw="32" op_0_bw="32" op_1_bw="0" op_2_bw="32">
<![CDATA[
:0  %empty_97 = call i32 (...)* @_ssdm_op_SpecRegionEnd([12 x i8]* @p_str11, i32 %tmp_i)

]]></Node>
<StgValue><ssdm name="empty_97"/></StgValue>
</operation>

<operation id="48" st_id="5" stage="1" lat="1">
<core>NULL</core>
<MemPortIdVec></MemPortIdVec>
<condition id="15">
<or_exp><and_exp></and_exp></or_exp>
</condition>

<Node id="52" bw="0" op_0_bw="0">
<![CDATA[
:1  br label %0

]]></Node>
<StgValue><ssdm name=""/></StgValue>
</operation>
</state>
</state_list>


<ports>
</ports>


<dataflows>
</dataflows>


</stg>
