<profile>

<section name = "Vivado HLS Report for 'DVS'" level="0">
<item name = "Date">Wed Mar  4 09:34:16 2020
</item>
<item name = "Version">2017.4 (Build 2086221 on Fri Dec 15 21:13:33 MST 2017)</item>
<item name = "Project">DVS_classication</item>
<item name = "Solution">solution1</item>
<item name = "Product family">zynq</item>
<item name = "Target device">xc7z020clg484-1</item>
</section>

<section name = "Performance Estimates" level="0">
<item name = "Timing (ns)">
<section name = "" level="1">
<item name = "Target clock period (ns)">10.00</item>
<item name = "Clock uncertainty (ns)">1.25</item>
<item name = "Estimated clock period (ns)">9.40</item>
</section>
</item>
<item name = "Latency (clock cycles)">
<section name = "" level="1">
<item name = "Summary"><table name="" hasTotal="0">
<keys size="6">, min, max, min, max, Type</keys>
<column name="">951171, 951171, 951171, 951171, dataflow</column>
</table>
</item>
<item name = "Detail">
<section name = "" level="1">
<item name = "Instance"><table name="" hasTotal="0">
<keys size="7">Instance, Module, min, max, min, max, Type</keys>
<column name="Resize_U0">Resize, 951170, 951170, 951170, 951170, none</column>
<column name="AXIvideo2Mat_U0">AXIvideo2Mat, 3, 926643, 3, 926643, none</column>
<column name="CvtColor_U0">CvtColor, 1, 925921, 1, 925921, none</column>
<column name="Array2Mat_1_U0">Array2Mat_1, 411522, 411522, 411522, 411522, none</column>
<column name="Mat2Array_1_U0">Mat2Array_1, 411522, 411522, 411522, 411522, none</column>
<column name="AbsDiff_U0">AbsDiff, 412161, 412161, 412161, 412161, none</column>
<column name="Mat2AXIvideo_U0">Mat2AXIvideo, 412161, 412161, 412161, 412161, none</column>
<column name="Duplicate_U0">Duplicate, 1, 411521, 1, 411521, none</column>
<column name="Threshold_U0">Threshold, 412161, 412161, 412161, 412161, none</column>
<column name="Block_proc_U0">Block_proc, 0, 0, 0, 0, none</column>
</table>
</item>
<item name = "Loop"><table name="" hasTotal="0">
<keys size="8">Loop Name, min, max, Latency, achieved, target, Count, Pipelined</keys>
</table>
</item>
</section>
</item>
</section>
</item>
</section>

<section name = "Utilization Estimates" level="0">
<item name = "Summary"><table name="" hasTotal="1">
<keys size="5">Name, BRAM_18K, DSP48E, FF, LUT</keys>
<column name="DSP">-, -, -, -</column>
<column name="Expression">-, -, 0, 76</column>
<column name="FIFO">0, -, 90, 386</column>
<column name="Instance">2, 25, 9298, 9699</column>
<column name="Memory">-, -, -, -</column>
<column name="Multiplexer">-, -, -, 36</column>
<column name="Register">-, -, 6, -</column>
<specialColumn name="Available">280, 220, 106400, 53200</specialColumn>
<specialColumn name="Utilization (%)">~0, 11, 8, 19</specialColumn>
</table>
</item>
<item name = "Detail">
<section name = "" level="1">
<item name = "Instance"><table name="" hasTotal="1">
<keys size="6">Instance, Module, BRAM_18K, DSP48E, FF, LUT</keys>
<column name="AXIvideo2Mat_U0">AXIvideo2Mat, 0, 0, 239, 590</column>
<column name="AbsDiff_U0">AbsDiff, 0, 0, 49, 276</column>
<column name="Array2Mat_1_U0">Array2Mat_1, 0, 0, 62, 262</column>
<column name="Block_proc_U0">Block_proc, 0, 0, 2, 53</column>
<column name="CvtColor_U0">CvtColor, 0, 3, 238, 315</column>
<column name="Duplicate_U0">Duplicate, 0, 0, 61, 223</column>
<column name="Mat2AXIvideo_U0">Mat2AXIvideo, 0, 0, 118, 439</column>
<column name="Mat2Array_1_U0">Mat2Array_1, 0, 0, 80, 253</column>
<column name="Resize_U0">Resize, 2, 22, 8407, 7068</column>
<column name="Threshold_U0">Threshold, 0, 0, 42, 220</column>
</table>
</item>
<item name = "DSP48"><table name="" hasTotal="0">
<keys size="3">Instance, Module, Expression</keys>
</table>
</item>
<item name = "Memory"><table name="" hasTotal="1">
<keys size="9">Memory, Module, BRAM_18K, FF, LUT, Words, Bits, Banks, W*Bits*Banks</keys>
</table>
</item>
<item name = "FIFO"><table name="" hasTotal="1">
<keys size="7">Name, BRAM_18K, FF, LUT, Depth, Bits, Size:D*B</keys>
<column name="img_abs_data_stream_s_U">0, 5, 20, 1, 8, 8</column>
<column name="img_d2_data_stream_0_U">0, 5, 20, 1, 8, 8</column>
<column name="img_dl_data_stream_0_U">0, 5, 20, 1, 8, 8</column>
<column name="img_final_data_strea_U">0, 5, 20, 1, 8, 8</column>
<column name="img_grey_data_stream_U">0, 5, 20, 1, 8, 8</column>
<column name="img_in_cols_V_c22_U">0, 5, 24, 1, 12, 12</column>
<column name="img_in_cols_V_c_U">0, 5, 24, 1, 12, 12</column>
<column name="img_in_data_stream_0_U">0, 5, 20, 1, 8, 8</column>
<column name="img_in_data_stream_1_U">0, 5, 20, 1, 8, 8</column>
<column name="img_in_data_stream_2_U">0, 5, 20, 1, 8, 8</column>
<column name="img_in_rows_V_c21_U">0, 5, 23, 1, 11, 11</column>
<column name="img_in_rows_V_c_U">0, 5, 23, 1, 11, 11</column>
<column name="img_read_data_stream_U">0, 5, 20, 1, 8, 8</column>
<column name="img_resize_cols_V_c2_U">0, 5, 23, 1, 11, 11</column>
<column name="img_resize_cols_V_c_U">0, 5, 23, 3, 11, 33</column>
<column name="img_resize_data_stre_U">0, 5, 20, 1, 8, 8</column>
<column name="img_resize_rows_V_c2_U">0, 5, 23, 1, 11, 11</column>
<column name="img_resize_rows_V_c_U">0, 5, 23, 3, 11, 33</column>
</table>
</item>
<item name = "Expression"><table name="" hasTotal="1">
<keys size="7">Variable Name, Operation, DSP48E, FF, LUT, Bitwidth P0, Bitwidth P1</keys>
<column name="AXIvideo2Mat_U0_ap_ready_count">+, 0, 0, 10, 2, 1</column>
<column name="Array2Mat_1_U0_ap_ready_count">+, 0, 0, 10, 2, 1</column>
<column name="AXIvideo2Mat_U0_ap_start">and, 0, 0, 8, 1, 1</column>
<column name="Array2Mat_1_U0_ap_start">and, 0, 0, 8, 1, 1</column>
<column name="ap_idle">and, 0, 0, 8, 1, 1</column>
<column name="ap_sync_done">and, 0, 0, 8, 1, 1</column>
<column name="ap_sync_ready">and, 0, 0, 8, 1, 1</column>
<column name="ap_sync_AXIvideo2Mat_U0_ap_ready">or, 0, 0, 8, 1, 1</column>
<column name="ap_sync_Array2Mat_1_U0_ap_ready">or, 0, 0, 8, 1, 1</column>
</table>
</item>
<item name = "Multiplexer"><table name="" hasTotal="1">
<keys size="5">Name, LUT, Input Size, Bits, Total Bits</keys>
<column name="AXIvideo2Mat_U0_ap_ready_count">9, 2, 2, 4</column>
<column name="Array2Mat_1_U0_ap_ready_count">9, 2, 2, 4</column>
<column name="ap_sync_reg_AXIvideo2Mat_U0_ap_ready">9, 2, 1, 2</column>
<column name="ap_sync_reg_Array2Mat_1_U0_ap_ready">9, 2, 1, 2</column>
</table>
</item>
<item name = "Register"><table name="" hasTotal="1">
<keys size="5">Name, FF, LUT, Bits, Const Bits</keys>
<column name="AXIvideo2Mat_U0_ap_ready_count">2, 0, 2, 0</column>
<column name="Array2Mat_1_U0_ap_ready_count">2, 0, 2, 0</column>
<column name="ap_sync_reg_AXIvideo2Mat_U0_ap_ready">1, 0, 1, 0</column>
<column name="ap_sync_reg_Array2Mat_1_U0_ap_ready">1, 0, 1, 0</column>
</table>
</item>
</section>
</item>
</section>

<section name = "Interface" level="0">
<item name = "Summary"><table name="" hasTotal="0">
<keys size="6">RTL Ports, Dir, Bits, Protocol, Source Object, C Type</keys>
<column name="INPUT_STREAM_TDATA">in, 24, axis, INPUT_STREAM_V_data_V, pointer</column>
<column name="INPUT_STREAM_TKEEP">in, 3, axis, INPUT_STREAM_V_keep_V, pointer</column>
<column name="INPUT_STREAM_TSTRB">in, 3, axis, INPUT_STREAM_V_strb_V, pointer</column>
<column name="INPUT_STREAM_TUSER">in, 1, axis, INPUT_STREAM_V_user_V, pointer</column>
<column name="INPUT_STREAM_TLAST">in, 1, axis, INPUT_STREAM_V_last_V, pointer</column>
<column name="INPUT_STREAM_TID">in, 1, axis, INPUT_STREAM_V_id_V, pointer</column>
<column name="INPUT_STREAM_TDEST">in, 1, axis, INPUT_STREAM_V_dest_V, pointer</column>
<column name="INPUT_STREAM_TVALID">in, 1, axis, INPUT_STREAM_V_dest_V, pointer</column>
<column name="INPUT_STREAM_TREADY">out, 1, axis, INPUT_STREAM_V_dest_V, pointer</column>
<column name="OUTPUT_STREAM_TDATA">out, 24, axis, OUTPUT_STREAM_V_data_V, pointer</column>
<column name="OUTPUT_STREAM_TKEEP">out, 3, axis, OUTPUT_STREAM_V_keep_V, pointer</column>
<column name="OUTPUT_STREAM_TSTRB">out, 3, axis, OUTPUT_STREAM_V_strb_V, pointer</column>
<column name="OUTPUT_STREAM_TUSER">out, 1, axis, OUTPUT_STREAM_V_user_V, pointer</column>
<column name="OUTPUT_STREAM_TLAST">out, 1, axis, OUTPUT_STREAM_V_last_V, pointer</column>
<column name="OUTPUT_STREAM_TID">out, 1, axis, OUTPUT_STREAM_V_id_V, pointer</column>
<column name="OUTPUT_STREAM_TDEST">out, 1, axis, OUTPUT_STREAM_V_dest_V, pointer</column>
<column name="OUTPUT_STREAM_TVALID">out, 1, axis, OUTPUT_STREAM_V_dest_V, pointer</column>
<column name="OUTPUT_STREAM_TREADY">in, 1, axis, OUTPUT_STREAM_V_dest_V, pointer</column>
<column name="readImage_Addr_A">out, 32, bram, readImage, array</column>
<column name="readImage_EN_A">out, 1, bram, readImage, array</column>
<column name="readImage_Din_A">out, 8, bram, readImage, array</column>
<column name="readImage_Dout_A">in, 8, bram, readImage, array</column>
<column name="readImage_WEN_A">out, 1, bram, readImage, array</column>
<column name="readImage_Clk_A">out, 1, bram, readImage, array</column>
<column name="readImage_Rst_A">out, 1, bram, readImage, array</column>
<column name="ap_clk">in, 1, ap_ctrl_hs, DVS, return value</column>
<column name="ap_rst_n">in, 1, ap_ctrl_hs, DVS, return value</column>
<column name="ap_start">in, 1, ap_ctrl_hs, DVS, return value</column>
<column name="ap_done">out, 1, ap_ctrl_hs, DVS, return value</column>
<column name="ap_ready">out, 1, ap_ctrl_hs, DVS, return value</column>
<column name="ap_idle">out, 1, ap_ctrl_hs, DVS, return value</column>
<column name="writeImage_Addr_A">out, 32, bram, writeImage, array</column>
<column name="writeImage_EN_A">out, 1, bram, writeImage, array</column>
<column name="writeImage_Din_A">out, 8, bram, writeImage, array</column>
<column name="writeImage_Dout_A">in, 8, bram, writeImage, array</column>
<column name="writeImage_WEN_A">out, 1, bram, writeImage, array</column>
<column name="writeImage_Clk_A">out, 1, bram, writeImage, array</column>
<column name="writeImage_Rst_A">out, 1, bram, writeImage, array</column>
</table>
</item>
</section>

<section name = "Critical Path" level="0">
<item name = "Max Delay">0.00</item>
<item name = "Critical Path Table"><table name="Critical Path Table" hasTotal="0">
<keys size="15">Name, Operator, Delay, Accumulated Delay, Store Source, Resource, Core, Interface, Type, Port, Array, Scope, Pointer, Callee, Phi Node</keys>
</table>
</item>
</section>
</profile>
