<stg><name>DVS</name>


<trans_list>

<trans id="115" from="1" to="2">
<condition id="0">
<or_exp><and_exp></and_exp></or_exp>
</condition>
</trans>

<trans id="116" from="2" to="3">
<condition id="1">
<or_exp><and_exp></and_exp></or_exp>
</condition>
</trans>

<trans id="117" from="3" to="4">
<condition id="2">
<or_exp><and_exp></and_exp></or_exp>
</condition>
</trans>

<trans id="118" from="4" to="5">
<condition id="3">
<or_exp><and_exp></and_exp></or_exp>
</condition>
</trans>

<trans id="119" from="5" to="6">
<condition id="4">
<or_exp><and_exp></and_exp></or_exp>
</condition>
</trans>

<trans id="120" from="6" to="7">
<condition id="5">
<or_exp><and_exp></and_exp></or_exp>
</condition>
</trans>

<trans id="121" from="7" to="8">
<condition id="6">
<or_exp><and_exp></and_exp></or_exp>
</condition>
</trans>

<trans id="122" from="8" to="9">
<condition id="7">
<or_exp><and_exp></and_exp></or_exp>
</condition>
</trans>

<trans id="123" from="9" to="10">
<condition id="8">
<or_exp><and_exp></and_exp></or_exp>
</condition>
</trans>

<trans id="124" from="10" to="11">
<condition id="9">
<or_exp><and_exp></and_exp></or_exp>
</condition>
</trans>

<trans id="125" from="11" to="12">
<condition id="10">
<or_exp><and_exp></and_exp></or_exp>
</condition>
</trans>

<trans id="126" from="12" to="13">
<condition id="11">
<or_exp><and_exp></and_exp></or_exp>
</condition>
</trans>

<trans id="127" from="13" to="14">
<condition id="12">
<or_exp><and_exp></and_exp></or_exp>
</condition>
</trans>

<trans id="128" from="14" to="15">
<condition id="13">
<or_exp><and_exp></and_exp></or_exp>
</condition>
</trans>

<trans id="129" from="15" to="16">
<condition id="14">
<or_exp><and_exp></and_exp></or_exp>
</condition>
</trans>
</trans_list>



<state_list>

<state id="1" st_id="1">

<operation id="17" st_id="1" stage="1" lat="1">
<core>FIFO</core>
<MemPortIdVec></MemPortIdVec>
<condition id="-1">
<or_exp><and_exp></and_exp></or_exp>
</condition>

<Node id="17" bw="11" op_0_bw="64">
<![CDATA[
codeRepl:0  %img_resize_cols_V_c2 = alloca i11, align 2

]]></Node>
<StgValue><ssdm name="img_resize_cols_V_c2"/></StgValue>
</operation>

<operation id="18" st_id="1" stage="1" lat="1">
<core>FIFO</core>
<MemPortIdVec></MemPortIdVec>
<condition id="-1">
<or_exp><and_exp></and_exp></or_exp>
</condition>

<Node id="18" bw="11" op_0_bw="64">
<![CDATA[
codeRepl:1  %img_resize_rows_V_c2 = alloca i11, align 2

]]></Node>
<StgValue><ssdm name="img_resize_rows_V_c2"/></StgValue>
</operation>

<operation id="19" st_id="1" stage="1" lat="1">
<core>FIFO</core>
<MemPortIdVec></MemPortIdVec>
<condition id="-1">
<or_exp><and_exp></and_exp></or_exp>
</condition>

<Node id="19" bw="12" op_0_bw="64">
<![CDATA[
codeRepl:2  %img_in_cols_V_c22 = alloca i12, align 2

]]></Node>
<StgValue><ssdm name="img_in_cols_V_c22"/></StgValue>
</operation>

<operation id="20" st_id="1" stage="1" lat="1">
<core>FIFO</core>
<MemPortIdVec></MemPortIdVec>
<condition id="-1">
<or_exp><and_exp></and_exp></or_exp>
</condition>

<Node id="20" bw="11" op_0_bw="64">
<![CDATA[
codeRepl:3  %img_in_rows_V_c21 = alloca i11, align 2

]]></Node>
<StgValue><ssdm name="img_in_rows_V_c21"/></StgValue>
</operation>

<operation id="21" st_id="1" stage="1" lat="1">
<core>FIFO</core>
<MemPortIdVec></MemPortIdVec>
<condition id="-1">
<or_exp><and_exp></and_exp></or_exp>
</condition>

<Node id="21" bw="11" op_0_bw="64">
<![CDATA[
codeRepl:4  %img_resize_cols_V_c = alloca i11, align 2

]]></Node>
<StgValue><ssdm name="img_resize_cols_V_c"/></StgValue>
</operation>

<operation id="22" st_id="1" stage="1" lat="1">
<core>FIFO</core>
<MemPortIdVec></MemPortIdVec>
<condition id="-1">
<or_exp><and_exp></and_exp></or_exp>
</condition>

<Node id="22" bw="11" op_0_bw="64">
<![CDATA[
codeRepl:5  %img_resize_rows_V_c = alloca i11, align 2

]]></Node>
<StgValue><ssdm name="img_resize_rows_V_c"/></StgValue>
</operation>

<operation id="23" st_id="1" stage="1" lat="1">
<core>FIFO</core>
<MemPortIdVec></MemPortIdVec>
<condition id="-1">
<or_exp><and_exp></and_exp></or_exp>
</condition>

<Node id="23" bw="12" op_0_bw="64">
<![CDATA[
codeRepl:6  %img_in_cols_V_c = alloca i12, align 2

]]></Node>
<StgValue><ssdm name="img_in_cols_V_c"/></StgValue>
</operation>

<operation id="24" st_id="1" stage="1" lat="1">
<core>FIFO</core>
<MemPortIdVec></MemPortIdVec>
<condition id="-1">
<or_exp><and_exp></and_exp></or_exp>
</condition>

<Node id="24" bw="11" op_0_bw="64">
<![CDATA[
codeRepl:7  %img_in_rows_V_c = alloca i11, align 2

]]></Node>
<StgValue><ssdm name="img_in_rows_V_c"/></StgValue>
</operation>

<operation id="25" st_id="1" stage="1" lat="1">
<core>FIFO</core>
<MemPortIdVec></MemPortIdVec>
<condition id="-1">
<or_exp><and_exp></and_exp></or_exp>
</condition>

<Node id="43" bw="8" op_0_bw="64">
<![CDATA[
codeRepl:26  %img_in_data_stream_0 = alloca i8, align 1

]]></Node>
<StgValue><ssdm name="img_in_data_stream_0"/></StgValue>
</operation>

<operation id="26" st_id="1" stage="1" lat="1">
<core>FIFO</core>
<MemPortIdVec></MemPortIdVec>
<condition id="-1">
<or_exp><and_exp></and_exp></or_exp>
</condition>

<Node id="46" bw="8" op_0_bw="64">
<![CDATA[
codeRepl:29  %img_in_data_stream_1 = alloca i8, align 1

]]></Node>
<StgValue><ssdm name="img_in_data_stream_1"/></StgValue>
</operation>

<operation id="27" st_id="1" stage="1" lat="1">
<core>FIFO</core>
<MemPortIdVec></MemPortIdVec>
<condition id="-1">
<or_exp><and_exp></and_exp></or_exp>
</condition>

<Node id="49" bw="8" op_0_bw="64">
<![CDATA[
codeRepl:32  %img_in_data_stream_2 = alloca i8, align 1

]]></Node>
<StgValue><ssdm name="img_in_data_stream_2"/></StgValue>
</operation>

<operation id="28" st_id="1" stage="1" lat="1">
<core>FIFO</core>
<MemPortIdVec></MemPortIdVec>
<condition id="-1">
<or_exp><and_exp></and_exp></or_exp>
</condition>

<Node id="52" bw="8" op_0_bw="64">
<![CDATA[
codeRepl:35  %img_grey_data_stream = alloca i8, align 1

]]></Node>
<StgValue><ssdm name="img_grey_data_stream"/></StgValue>
</operation>

<operation id="29" st_id="1" stage="1" lat="1">
<core>FIFO</core>
<MemPortIdVec></MemPortIdVec>
<condition id="-1">
<or_exp><and_exp></and_exp></or_exp>
</condition>

<Node id="55" bw="8" op_0_bw="64">
<![CDATA[
codeRepl:38  %img_resize_data_stre = alloca i8, align 1

]]></Node>
<StgValue><ssdm name="img_resize_data_stre"/></StgValue>
</operation>

<operation id="30" st_id="1" stage="1" lat="1">
<core>FIFO</core>
<MemPortIdVec></MemPortIdVec>
<condition id="-1">
<or_exp><and_exp></and_exp></or_exp>
</condition>

<Node id="58" bw="8" op_0_bw="64">
<![CDATA[
codeRepl:41  %img_dl_data_stream_0 = alloca i8, align 1

]]></Node>
<StgValue><ssdm name="img_dl_data_stream_0"/></StgValue>
</operation>

<operation id="31" st_id="1" stage="1" lat="1">
<core>FIFO</core>
<MemPortIdVec></MemPortIdVec>
<condition id="-1">
<or_exp><and_exp></and_exp></or_exp>
</condition>

<Node id="61" bw="8" op_0_bw="64">
<![CDATA[
codeRepl:44  %img_d2_data_stream_0 = alloca i8, align 1

]]></Node>
<StgValue><ssdm name="img_d2_data_stream_0"/></StgValue>
</operation>

<operation id="32" st_id="1" stage="1" lat="1">
<core>FIFO</core>
<MemPortIdVec></MemPortIdVec>
<condition id="-1">
<or_exp><and_exp></and_exp></or_exp>
</condition>

<Node id="64" bw="8" op_0_bw="64">
<![CDATA[
codeRepl:47  %img_read_data_stream = alloca i8, align 1

]]></Node>
<StgValue><ssdm name="img_read_data_stream"/></StgValue>
</operation>

<operation id="33" st_id="1" stage="1" lat="1">
<core>FIFO</core>
<MemPortIdVec></MemPortIdVec>
<condition id="-1">
<or_exp><and_exp></and_exp></or_exp>
</condition>

<Node id="67" bw="8" op_0_bw="64">
<![CDATA[
codeRepl:50  %img_abs_data_stream_s = alloca i8, align 1

]]></Node>
<StgValue><ssdm name="img_abs_data_stream_s"/></StgValue>
</operation>

<operation id="34" st_id="1" stage="1" lat="1">
<core>FIFO</core>
<MemPortIdVec></MemPortIdVec>
<condition id="-1">
<or_exp><and_exp></and_exp></or_exp>
</condition>

<Node id="70" bw="8" op_0_bw="64">
<![CDATA[
codeRepl:53  %img_final_data_strea = alloca i8, align 1

]]></Node>
<StgValue><ssdm name="img_final_data_strea"/></StgValue>
</operation>

<operation id="35" st_id="1" stage="1" lat="1">
<core></core>
<MemPortIdVec></MemPortIdVec>
<condition id="-1">
<or_exp><and_exp></and_exp></or_exp>
</condition>

<Node id="87" bw="0" op_0_bw="0" op_1_bw="11" op_2_bw="12" op_3_bw="11" op_4_bw="11">
<![CDATA[
codeRepl:70  call fastcc void @Block__proc(i11* %img_in_rows_V_c, i12* %img_in_cols_V_c, i11* %img_resize_rows_V_c, i11* %img_resize_cols_V_c)

]]></Node>
<StgValue><ssdm name=""/></StgValue>
</operation>
</state>

<state id="2" st_id="2">

<operation id="36" st_id="2" stage="2" lat="2">
<core></core>
<MemPortIdVec></MemPortIdVec>
<condition id="-1">
<or_exp><and_exp></and_exp></or_exp>
</condition>

<Node id="92" bw="0" op_0_bw="0" op_1_bw="24" op_2_bw="3" op_3_bw="3" op_4_bw="1" op_5_bw="1" op_6_bw="1" op_7_bw="1" op_8_bw="11" op_9_bw="12" op_10_bw="8" op_11_bw="8" op_12_bw="8" op_13_bw="11" op_14_bw="12">
<![CDATA[
codeRepl:75  call fastcc void @AXIvideo2Mat(i24* %INPUT_STREAM_V_data_V, i3* %INPUT_STREAM_V_keep_V, i3* %INPUT_STREAM_V_strb_V, i1* %INPUT_STREAM_V_user_V, i1* %INPUT_STREAM_V_last_V, i1* %INPUT_STREAM_V_id_V, i1* %INPUT_STREAM_V_dest_V, i11* nocapture %img_in_rows_V_c, i12* nocapture %img_in_cols_V_c, i8* %img_in_data_stream_0, i8* %img_in_data_stream_1, i8* %img_in_data_stream_2, i11* %img_in_rows_V_c21, i12* %img_in_cols_V_c22)

]]></Node>
<StgValue><ssdm name=""/></StgValue>
</operation>

<operation id="37" st_id="2" stage="2" lat="2">
<core></core>
<MemPortIdVec></MemPortIdVec>
<condition id="-1">
<or_exp><and_exp></and_exp></or_exp>
</condition>

<Node id="100" bw="0" op_0_bw="0" op_1_bw="8" op_2_bw="8">
<![CDATA[
codeRepl:83  call fastcc void @Array2Mat.1([409600 x i8]* %readImage, i8* %img_read_data_stream)

]]></Node>
<StgValue><ssdm name=""/></StgValue>
</operation>
</state>

<state id="3" st_id="3">

<operation id="38" st_id="3" stage="1" lat="2">
<core></core>
<MemPortIdVec></MemPortIdVec>
<condition id="-1">
<or_exp><and_exp></and_exp></or_exp>
</condition>

<Node id="92" bw="0" op_0_bw="0" op_1_bw="24" op_2_bw="3" op_3_bw="3" op_4_bw="1" op_5_bw="1" op_6_bw="1" op_7_bw="1" op_8_bw="11" op_9_bw="12" op_10_bw="8" op_11_bw="8" op_12_bw="8" op_13_bw="11" op_14_bw="12">
<![CDATA[
codeRepl:75  call fastcc void @AXIvideo2Mat(i24* %INPUT_STREAM_V_data_V, i3* %INPUT_STREAM_V_keep_V, i3* %INPUT_STREAM_V_strb_V, i1* %INPUT_STREAM_V_user_V, i1* %INPUT_STREAM_V_last_V, i1* %INPUT_STREAM_V_id_V, i1* %INPUT_STREAM_V_dest_V, i11* nocapture %img_in_rows_V_c, i12* nocapture %img_in_cols_V_c, i8* %img_in_data_stream_0, i8* %img_in_data_stream_1, i8* %img_in_data_stream_2, i11* %img_in_rows_V_c21, i12* %img_in_cols_V_c22)

]]></Node>
<StgValue><ssdm name=""/></StgValue>
</operation>

<operation id="39" st_id="3" stage="1" lat="2">
<core></core>
<MemPortIdVec></MemPortIdVec>
<condition id="-1">
<or_exp><and_exp></and_exp></or_exp>
</condition>

<Node id="100" bw="0" op_0_bw="0" op_1_bw="8" op_2_bw="8">
<![CDATA[
codeRepl:83  call fastcc void @Array2Mat.1([409600 x i8]* %readImage, i8* %img_read_data_stream)

]]></Node>
<StgValue><ssdm name=""/></StgValue>
</operation>
</state>

<state id="4" st_id="4">

<operation id="40" st_id="4" stage="2" lat="2">
<core></core>
<MemPortIdVec></MemPortIdVec>
<condition id="-1">
<or_exp><and_exp></and_exp></or_exp>
</condition>

<Node id="93" bw="0" op_0_bw="0" op_1_bw="11" op_2_bw="12" op_3_bw="8" op_4_bw="8" op_5_bw="8" op_6_bw="8">
<![CDATA[
codeRepl:76  call fastcc void @CvtColor(i11* nocapture %img_in_rows_V_c21, i12* nocapture %img_in_cols_V_c22, i8* %img_in_data_stream_0, i8* %img_in_data_stream_1, i8* %img_in_data_stream_2, i8* %img_grey_data_stream)

]]></Node>
<StgValue><ssdm name=""/></StgValue>
</operation>
</state>

<state id="5" st_id="5">

<operation id="41" st_id="5" stage="1" lat="2">
<core></core>
<MemPortIdVec></MemPortIdVec>
<condition id="-1">
<or_exp><and_exp></and_exp></or_exp>
</condition>

<Node id="93" bw="0" op_0_bw="0" op_1_bw="11" op_2_bw="12" op_3_bw="8" op_4_bw="8" op_5_bw="8" op_6_bw="8">
<![CDATA[
codeRepl:76  call fastcc void @CvtColor(i11* nocapture %img_in_rows_V_c21, i12* nocapture %img_in_cols_V_c22, i8* %img_in_data_stream_0, i8* %img_in_data_stream_1, i8* %img_in_data_stream_2, i8* %img_grey_data_stream)

]]></Node>
<StgValue><ssdm name=""/></StgValue>
</operation>
</state>

<state id="6" st_id="6">

<operation id="42" st_id="6" stage="2" lat="2">
<core></core>
<MemPortIdVec></MemPortIdVec>
<condition id="-1">
<or_exp><and_exp></and_exp></or_exp>
</condition>

<Node id="98" bw="0" op_0_bw="0" op_1_bw="8" op_2_bw="11" op_3_bw="11" op_4_bw="8" op_5_bw="11" op_6_bw="11">
<![CDATA[
codeRepl:81  call fastcc void @Resize(i8* %img_grey_data_stream, i11* nocapture %img_resize_rows_V_c, i11* nocapture %img_resize_cols_V_c, i8* %img_resize_data_stre, i11* %img_resize_rows_V_c2, i11* %img_resize_cols_V_c2)

]]></Node>
<StgValue><ssdm name=""/></StgValue>
</operation>
</state>

<state id="7" st_id="7">

<operation id="43" st_id="7" stage="1" lat="2">
<core></core>
<MemPortIdVec></MemPortIdVec>
<condition id="-1">
<or_exp><and_exp></and_exp></or_exp>
</condition>

<Node id="98" bw="0" op_0_bw="0" op_1_bw="8" op_2_bw="11" op_3_bw="11" op_4_bw="8" op_5_bw="11" op_6_bw="11">
<![CDATA[
codeRepl:81  call fastcc void @Resize(i8* %img_grey_data_stream, i11* nocapture %img_resize_rows_V_c, i11* nocapture %img_resize_cols_V_c, i8* %img_resize_data_stre, i11* %img_resize_rows_V_c2, i11* %img_resize_cols_V_c2)

]]></Node>
<StgValue><ssdm name=""/></StgValue>
</operation>
</state>

<state id="8" st_id="8">

<operation id="44" st_id="8" stage="2" lat="2">
<core></core>
<MemPortIdVec></MemPortIdVec>
<condition id="-1">
<or_exp><and_exp></and_exp></or_exp>
</condition>

<Node id="99" bw="0" op_0_bw="0" op_1_bw="11" op_2_bw="11" op_3_bw="8" op_4_bw="8" op_5_bw="8">
<![CDATA[
codeRepl:82  call fastcc void @Duplicate(i11* nocapture %img_resize_rows_V_c2, i11* nocapture %img_resize_cols_V_c2, i8* %img_resize_data_stre, i8* %img_dl_data_stream_0, i8* %img_d2_data_stream_0)

]]></Node>
<StgValue><ssdm name=""/></StgValue>
</operation>
</state>

<state id="9" st_id="9">

<operation id="45" st_id="9" stage="1" lat="2">
<core></core>
<MemPortIdVec></MemPortIdVec>
<condition id="-1">
<or_exp><and_exp></and_exp></or_exp>
</condition>

<Node id="99" bw="0" op_0_bw="0" op_1_bw="11" op_2_bw="11" op_3_bw="8" op_4_bw="8" op_5_bw="8">
<![CDATA[
codeRepl:82  call fastcc void @Duplicate(i11* nocapture %img_resize_rows_V_c2, i11* nocapture %img_resize_cols_V_c2, i8* %img_resize_data_stre, i8* %img_dl_data_stream_0, i8* %img_d2_data_stream_0)

]]></Node>
<StgValue><ssdm name=""/></StgValue>
</operation>
</state>

<state id="10" st_id="10">

<operation id="46" st_id="10" stage="2" lat="2">
<core></core>
<MemPortIdVec></MemPortIdVec>
<condition id="-1">
<or_exp><and_exp></and_exp></or_exp>
</condition>

<Node id="101" bw="0" op_0_bw="0" op_1_bw="8" op_2_bw="8">
<![CDATA[
codeRepl:84  call fastcc void @Mat2Array.1(i8* %img_d2_data_stream_0, [409600 x i8]* %writeImage)

]]></Node>
<StgValue><ssdm name=""/></StgValue>
</operation>

<operation id="47" st_id="10" stage="2" lat="2">
<core></core>
<MemPortIdVec></MemPortIdVec>
<condition id="-1">
<or_exp><and_exp></and_exp></or_exp>
</condition>

<Node id="102" bw="0" op_0_bw="0" op_1_bw="8" op_2_bw="8" op_3_bw="8">
<![CDATA[
codeRepl:85  call fastcc void @AbsDiff(i8* %img_dl_data_stream_0, i8* %img_read_data_stream, i8* %img_abs_data_stream_s)

]]></Node>
<StgValue><ssdm name=""/></StgValue>
</operation>
</state>

<state id="11" st_id="11">

<operation id="48" st_id="11" stage="1" lat="2">
<core></core>
<MemPortIdVec></MemPortIdVec>
<condition id="-1">
<or_exp><and_exp></and_exp></or_exp>
</condition>

<Node id="101" bw="0" op_0_bw="0" op_1_bw="8" op_2_bw="8">
<![CDATA[
codeRepl:84  call fastcc void @Mat2Array.1(i8* %img_d2_data_stream_0, [409600 x i8]* %writeImage)

]]></Node>
<StgValue><ssdm name=""/></StgValue>
</operation>

<operation id="49" st_id="11" stage="1" lat="2">
<core></core>
<MemPortIdVec></MemPortIdVec>
<condition id="-1">
<or_exp><and_exp></and_exp></or_exp>
</condition>

<Node id="102" bw="0" op_0_bw="0" op_1_bw="8" op_2_bw="8" op_3_bw="8">
<![CDATA[
codeRepl:85  call fastcc void @AbsDiff(i8* %img_dl_data_stream_0, i8* %img_read_data_stream, i8* %img_abs_data_stream_s)

]]></Node>
<StgValue><ssdm name=""/></StgValue>
</operation>
</state>

<state id="12" st_id="12">

<operation id="50" st_id="12" stage="2" lat="2">
<core></core>
<MemPortIdVec></MemPortIdVec>
<condition id="-1">
<or_exp><and_exp></and_exp></or_exp>
</condition>

<Node id="103" bw="0" op_0_bw="0" op_1_bw="8" op_2_bw="8">
<![CDATA[
codeRepl:86  call fastcc void @Threshold(i8* %img_abs_data_stream_s, i8* %img_final_data_strea)

]]></Node>
<StgValue><ssdm name=""/></StgValue>
</operation>
</state>

<state id="13" st_id="13">

<operation id="51" st_id="13" stage="1" lat="2">
<core></core>
<MemPortIdVec></MemPortIdVec>
<condition id="-1">
<or_exp><and_exp></and_exp></or_exp>
</condition>

<Node id="103" bw="0" op_0_bw="0" op_1_bw="8" op_2_bw="8">
<![CDATA[
codeRepl:86  call fastcc void @Threshold(i8* %img_abs_data_stream_s, i8* %img_final_data_strea)

]]></Node>
<StgValue><ssdm name=""/></StgValue>
</operation>
</state>

<state id="14" st_id="14">

<operation id="52" st_id="14" stage="2" lat="2">
<core></core>
<MemPortIdVec></MemPortIdVec>
<condition id="-1">
<or_exp><and_exp></and_exp></or_exp>
</condition>

<Node id="104" bw="0" op_0_bw="0" op_1_bw="8" op_2_bw="24" op_3_bw="3" op_4_bw="3" op_5_bw="1" op_6_bw="1" op_7_bw="1" op_8_bw="1">
<![CDATA[
codeRepl:87  call fastcc void @Mat2AXIvideo(i8* %img_final_data_strea, i24* %OUTPUT_STREAM_V_data_V, i3* %OUTPUT_STREAM_V_keep_V, i3* %OUTPUT_STREAM_V_strb_V, i1* %OUTPUT_STREAM_V_user_V, i1* %OUTPUT_STREAM_V_last_V, i1* %OUTPUT_STREAM_V_id_V, i1* %OUTPUT_STREAM_V_dest_V)

]]></Node>
<StgValue><ssdm name=""/></StgValue>
</operation>
</state>

<state id="15" st_id="15">

<operation id="53" st_id="15" stage="1" lat="2">
<core></core>
<MemPortIdVec></MemPortIdVec>
<condition id="-1">
<or_exp><and_exp></and_exp></or_exp>
</condition>

<Node id="104" bw="0" op_0_bw="0" op_1_bw="8" op_2_bw="24" op_3_bw="3" op_4_bw="3" op_5_bw="1" op_6_bw="1" op_7_bw="1" op_8_bw="1">
<![CDATA[
codeRepl:87  call fastcc void @Mat2AXIvideo(i8* %img_final_data_strea, i24* %OUTPUT_STREAM_V_data_V, i3* %OUTPUT_STREAM_V_keep_V, i3* %OUTPUT_STREAM_V_strb_V, i1* %OUTPUT_STREAM_V_user_V, i1* %OUTPUT_STREAM_V_last_V, i1* %OUTPUT_STREAM_V_id_V, i1* %OUTPUT_STREAM_V_dest_V)

]]></Node>
<StgValue><ssdm name=""/></StgValue>
</operation>
</state>

<state id="16" st_id="16">

<operation id="54" st_id="16" stage="1" lat="1">
<core>NULL</core>
<MemPortIdVec></MemPortIdVec>
<condition id="-1">
<or_exp><and_exp></and_exp></or_exp>
</condition>

<Node id="25" bw="0" op_0_bw="0" op_1_bw="32" op_2_bw="0">
<![CDATA[
codeRepl:8  call void (...)* @_ssdm_op_SpecDataflowPipeline(i32 -1, [1 x i8]* @p_str3) nounwind

]]></Node>
<StgValue><ssdm name=""/></StgValue>
</operation>

<operation id="55" st_id="16" stage="1" lat="1">
<core>NULL</core>
<MemPortIdVec></MemPortIdVec>
<condition id="-1">
<or_exp><and_exp></and_exp></or_exp>
</condition>

<Node id="26" bw="0" op_0_bw="0" op_1_bw="24">
<![CDATA[
codeRepl:9  call void (...)* @_ssdm_op_SpecBitsMap(i24* %INPUT_STREAM_V_data_V), !map !399

]]></Node>
<StgValue><ssdm name=""/></StgValue>
</operation>

<operation id="56" st_id="16" stage="1" lat="1">
<core>NULL</core>
<MemPortIdVec></MemPortIdVec>
<condition id="-1">
<or_exp><and_exp></and_exp></or_exp>
</condition>

<Node id="27" bw="0" op_0_bw="0" op_1_bw="3">
<![CDATA[
codeRepl:10  call void (...)* @_ssdm_op_SpecBitsMap(i3* %INPUT_STREAM_V_keep_V), !map !403

]]></Node>
<StgValue><ssdm name=""/></StgValue>
</operation>

<operation id="57" st_id="16" stage="1" lat="1">
<core>NULL</core>
<MemPortIdVec></MemPortIdVec>
<condition id="-1">
<or_exp><and_exp></and_exp></or_exp>
</condition>

<Node id="28" bw="0" op_0_bw="0" op_1_bw="3">
<![CDATA[
codeRepl:11  call void (...)* @_ssdm_op_SpecBitsMap(i3* %INPUT_STREAM_V_strb_V), !map !407

]]></Node>
<StgValue><ssdm name=""/></StgValue>
</operation>

<operation id="58" st_id="16" stage="1" lat="1">
<core>NULL</core>
<MemPortIdVec></MemPortIdVec>
<condition id="-1">
<or_exp><and_exp></and_exp></or_exp>
</condition>

<Node id="29" bw="0" op_0_bw="0" op_1_bw="1">
<![CDATA[
codeRepl:12  call void (...)* @_ssdm_op_SpecBitsMap(i1* %INPUT_STREAM_V_user_V), !map !411

]]></Node>
<StgValue><ssdm name=""/></StgValue>
</operation>

<operation id="59" st_id="16" stage="1" lat="1">
<core>NULL</core>
<MemPortIdVec></MemPortIdVec>
<condition id="-1">
<or_exp><and_exp></and_exp></or_exp>
</condition>

<Node id="30" bw="0" op_0_bw="0" op_1_bw="1">
<![CDATA[
codeRepl:13  call void (...)* @_ssdm_op_SpecBitsMap(i1* %INPUT_STREAM_V_last_V), !map !415

]]></Node>
<StgValue><ssdm name=""/></StgValue>
</operation>

<operation id="60" st_id="16" stage="1" lat="1">
<core>NULL</core>
<MemPortIdVec></MemPortIdVec>
<condition id="-1">
<or_exp><and_exp></and_exp></or_exp>
</condition>

<Node id="31" bw="0" op_0_bw="0" op_1_bw="1">
<![CDATA[
codeRepl:14  call void (...)* @_ssdm_op_SpecBitsMap(i1* %INPUT_STREAM_V_id_V), !map !419

]]></Node>
<StgValue><ssdm name=""/></StgValue>
</operation>

<operation id="61" st_id="16" stage="1" lat="1">
<core>NULL</core>
<MemPortIdVec></MemPortIdVec>
<condition id="-1">
<or_exp><and_exp></and_exp></or_exp>
</condition>

<Node id="32" bw="0" op_0_bw="0" op_1_bw="1">
<![CDATA[
codeRepl:15  call void (...)* @_ssdm_op_SpecBitsMap(i1* %INPUT_STREAM_V_dest_V), !map !423

]]></Node>
<StgValue><ssdm name=""/></StgValue>
</operation>

<operation id="62" st_id="16" stage="1" lat="1">
<core>NULL</core>
<MemPortIdVec></MemPortIdVec>
<condition id="-1">
<or_exp><and_exp></and_exp></or_exp>
</condition>

<Node id="33" bw="0" op_0_bw="0" op_1_bw="24">
<![CDATA[
codeRepl:16  call void (...)* @_ssdm_op_SpecBitsMap(i24* %OUTPUT_STREAM_V_data_V), !map !427

]]></Node>
<StgValue><ssdm name=""/></StgValue>
</operation>

<operation id="63" st_id="16" stage="1" lat="1">
<core>NULL</core>
<MemPortIdVec></MemPortIdVec>
<condition id="-1">
<or_exp><and_exp></and_exp></or_exp>
</condition>

<Node id="34" bw="0" op_0_bw="0" op_1_bw="3">
<![CDATA[
codeRepl:17  call void (...)* @_ssdm_op_SpecBitsMap(i3* %OUTPUT_STREAM_V_keep_V), !map !431

]]></Node>
<StgValue><ssdm name=""/></StgValue>
</operation>

<operation id="64" st_id="16" stage="1" lat="1">
<core>NULL</core>
<MemPortIdVec></MemPortIdVec>
<condition id="-1">
<or_exp><and_exp></and_exp></or_exp>
</condition>

<Node id="35" bw="0" op_0_bw="0" op_1_bw="3">
<![CDATA[
codeRepl:18  call void (...)* @_ssdm_op_SpecBitsMap(i3* %OUTPUT_STREAM_V_strb_V), !map !435

]]></Node>
<StgValue><ssdm name=""/></StgValue>
</operation>

<operation id="65" st_id="16" stage="1" lat="1">
<core>NULL</core>
<MemPortIdVec></MemPortIdVec>
<condition id="-1">
<or_exp><and_exp></and_exp></or_exp>
</condition>

<Node id="36" bw="0" op_0_bw="0" op_1_bw="1">
<![CDATA[
codeRepl:19  call void (...)* @_ssdm_op_SpecBitsMap(i1* %OUTPUT_STREAM_V_user_V), !map !439

]]></Node>
<StgValue><ssdm name=""/></StgValue>
</operation>

<operation id="66" st_id="16" stage="1" lat="1">
<core>NULL</core>
<MemPortIdVec></MemPortIdVec>
<condition id="-1">
<or_exp><and_exp></and_exp></or_exp>
</condition>

<Node id="37" bw="0" op_0_bw="0" op_1_bw="1">
<![CDATA[
codeRepl:20  call void (...)* @_ssdm_op_SpecBitsMap(i1* %OUTPUT_STREAM_V_last_V), !map !443

]]></Node>
<StgValue><ssdm name=""/></StgValue>
</operation>

<operation id="67" st_id="16" stage="1" lat="1">
<core>NULL</core>
<MemPortIdVec></MemPortIdVec>
<condition id="-1">
<or_exp><and_exp></and_exp></or_exp>
</condition>

<Node id="38" bw="0" op_0_bw="0" op_1_bw="1">
<![CDATA[
codeRepl:21  call void (...)* @_ssdm_op_SpecBitsMap(i1* %OUTPUT_STREAM_V_id_V), !map !447

]]></Node>
<StgValue><ssdm name=""/></StgValue>
</operation>

<operation id="68" st_id="16" stage="1" lat="1">
<core>NULL</core>
<MemPortIdVec></MemPortIdVec>
<condition id="-1">
<or_exp><and_exp></and_exp></or_exp>
</condition>

<Node id="39" bw="0" op_0_bw="0" op_1_bw="1">
<![CDATA[
codeRepl:22  call void (...)* @_ssdm_op_SpecBitsMap(i1* %OUTPUT_STREAM_V_dest_V), !map !451

]]></Node>
<StgValue><ssdm name=""/></StgValue>
</operation>

<operation id="69" st_id="16" stage="1" lat="1">
<core>NULL</core>
<MemPortIdVec></MemPortIdVec>
<condition id="-1">
<or_exp><and_exp></and_exp></or_exp>
</condition>

<Node id="40" bw="0" op_0_bw="0" op_1_bw="8">
<![CDATA[
codeRepl:23  call void (...)* @_ssdm_op_SpecBitsMap([409600 x i8]* %readImage), !map !455

]]></Node>
<StgValue><ssdm name=""/></StgValue>
</operation>

<operation id="70" st_id="16" stage="1" lat="1">
<core>NULL</core>
<MemPortIdVec></MemPortIdVec>
<condition id="-1">
<or_exp><and_exp></and_exp></or_exp>
</condition>

<Node id="41" bw="0" op_0_bw="0" op_1_bw="8">
<![CDATA[
codeRepl:24  call void (...)* @_ssdm_op_SpecBitsMap([409600 x i8]* %writeImage), !map !461

]]></Node>
<StgValue><ssdm name=""/></StgValue>
</operation>

<operation id="71" st_id="16" stage="1" lat="1">
<core>NULL</core>
<MemPortIdVec></MemPortIdVec>
<condition id="-1">
<or_exp><and_exp></and_exp></or_exp>
</condition>

<Node id="42" bw="0" op_0_bw="0" op_1_bw="0">
<![CDATA[
codeRepl:25  call void (...)* @_ssdm_op_SpecTopModule([4 x i8]* @DVS_str) nounwind

]]></Node>
<StgValue><ssdm name=""/></StgValue>
</operation>

<operation id="72" st_id="16" stage="1" lat="1">
<core>NULL</core>
<MemPortIdVec></MemPortIdVec>
<condition id="-1">
<or_exp><and_exp></and_exp></or_exp>
</condition>

<Node id="44" bw="32" op_0_bw="32" op_1_bw="0" op_2_bw="32" op_3_bw="0" op_4_bw="0" op_5_bw="32" op_6_bw="32" op_7_bw="8" op_8_bw="8">
<![CDATA[
codeRepl:27  %empty = call i32 (...)* @_ssdm_op_SpecChannel([24 x i8]* @img_in_OC_data_strea_2, i32 1, [1 x i8]* @p_str163, [1 x i8]* @p_str163, i32 1, i32 1, i8* %img_in_data_stream_0, i8* %img_in_data_stream_0)

]]></Node>
<StgValue><ssdm name="empty"/></StgValue>
</operation>

<operation id="73" st_id="16" stage="1" lat="1">
<core>NULL</core>
<MemPortIdVec></MemPortIdVec>
<condition id="-1">
<or_exp><and_exp></and_exp></or_exp>
</condition>

<Node id="45" bw="0" op_0_bw="0" op_1_bw="8" op_2_bw="0" op_3_bw="32" op_4_bw="32" op_5_bw="0" op_6_bw="32" op_7_bw="32" op_8_bw="0" op_9_bw="0" op_10_bw="0" op_11_bw="32" op_12_bw="32" op_13_bw="32" op_14_bw="32" op_15_bw="0" op_16_bw="0">
<![CDATA[
codeRepl:28  call void (...)* @_ssdm_op_SpecInterface(i8* %img_in_data_stream_0, [8 x i8]* @ap_fifo_str, i32 0, i32 0, [1 x i8]* @p_str164, i32 0, i32 0, [1 x i8]* @p_str165, [1 x i8]* @p_str166, [1 x i8]* @p_str167, i32 2, i32 2, i32 16, i32 16, [1 x i8]* @p_str168, [1 x i8]* @p_str169)

]]></Node>
<StgValue><ssdm name=""/></StgValue>
</operation>

<operation id="74" st_id="16" stage="1" lat="1">
<core>NULL</core>
<MemPortIdVec></MemPortIdVec>
<condition id="-1">
<or_exp><and_exp></and_exp></or_exp>
</condition>

<Node id="47" bw="32" op_0_bw="32" op_1_bw="0" op_2_bw="32" op_3_bw="0" op_4_bw="0" op_5_bw="32" op_6_bw="32" op_7_bw="8" op_8_bw="8">
<![CDATA[
codeRepl:30  %empty_98 = call i32 (...)* @_ssdm_op_SpecChannel([24 x i8]* @img_in_OC_data_strea_1, i32 1, [1 x i8]* @p_str170, [1 x i8]* @p_str170, i32 1, i32 1, i8* %img_in_data_stream_1, i8* %img_in_data_stream_1)

]]></Node>
<StgValue><ssdm name="empty_98"/></StgValue>
</operation>

<operation id="75" st_id="16" stage="1" lat="1">
<core>NULL</core>
<MemPortIdVec></MemPortIdVec>
<condition id="-1">
<or_exp><and_exp></and_exp></or_exp>
</condition>

<Node id="48" bw="0" op_0_bw="0" op_1_bw="8" op_2_bw="0" op_3_bw="32" op_4_bw="32" op_5_bw="0" op_6_bw="32" op_7_bw="32" op_8_bw="0" op_9_bw="0" op_10_bw="0" op_11_bw="32" op_12_bw="32" op_13_bw="32" op_14_bw="32" op_15_bw="0" op_16_bw="0">
<![CDATA[
codeRepl:31  call void (...)* @_ssdm_op_SpecInterface(i8* %img_in_data_stream_1, [8 x i8]* @ap_fifo_str, i32 0, i32 0, [1 x i8]* @p_str171, i32 0, i32 0, [1 x i8]* @p_str172, [1 x i8]* @p_str173, [1 x i8]* @p_str174, i32 2, i32 2, i32 16, i32 16, [1 x i8]* @p_str175, [1 x i8]* @p_str176)

]]></Node>
<StgValue><ssdm name=""/></StgValue>
</operation>

<operation id="76" st_id="16" stage="1" lat="1">
<core>NULL</core>
<MemPortIdVec></MemPortIdVec>
<condition id="-1">
<or_exp><and_exp></and_exp></or_exp>
</condition>

<Node id="50" bw="32" op_0_bw="32" op_1_bw="0" op_2_bw="32" op_3_bw="0" op_4_bw="0" op_5_bw="32" op_6_bw="32" op_7_bw="8" op_8_bw="8">
<![CDATA[
codeRepl:33  %empty_99 = call i32 (...)* @_ssdm_op_SpecChannel([24 x i8]* @img_in_OC_data_strea, i32 1, [1 x i8]* @p_str177, [1 x i8]* @p_str177, i32 1, i32 1, i8* %img_in_data_stream_2, i8* %img_in_data_stream_2)

]]></Node>
<StgValue><ssdm name="empty_99"/></StgValue>
</operation>

<operation id="77" st_id="16" stage="1" lat="1">
<core>NULL</core>
<MemPortIdVec></MemPortIdVec>
<condition id="-1">
<or_exp><and_exp></and_exp></or_exp>
</condition>

<Node id="51" bw="0" op_0_bw="0" op_1_bw="8" op_2_bw="0" op_3_bw="32" op_4_bw="32" op_5_bw="0" op_6_bw="32" op_7_bw="32" op_8_bw="0" op_9_bw="0" op_10_bw="0" op_11_bw="32" op_12_bw="32" op_13_bw="32" op_14_bw="32" op_15_bw="0" op_16_bw="0">
<![CDATA[
codeRepl:34  call void (...)* @_ssdm_op_SpecInterface(i8* %img_in_data_stream_2, [8 x i8]* @ap_fifo_str, i32 0, i32 0, [1 x i8]* @p_str178, i32 0, i32 0, [1 x i8]* @p_str179, [1 x i8]* @p_str180, [1 x i8]* @p_str181, i32 2, i32 2, i32 16, i32 16, [1 x i8]* @p_str182, [1 x i8]* @p_str183)

]]></Node>
<StgValue><ssdm name=""/></StgValue>
</operation>

<operation id="78" st_id="16" stage="1" lat="1">
<core>NULL</core>
<MemPortIdVec></MemPortIdVec>
<condition id="-1">
<or_exp><and_exp></and_exp></or_exp>
</condition>

<Node id="53" bw="32" op_0_bw="32" op_1_bw="0" op_2_bw="32" op_3_bw="0" op_4_bw="0" op_5_bw="32" op_6_bw="32" op_7_bw="8" op_8_bw="8">
<![CDATA[
codeRepl:36  %empty_100 = call i32 (...)* @_ssdm_op_SpecChannel([26 x i8]* @img_grey_OC_data_str, i32 1, [1 x i8]* @p_str184, [1 x i8]* @p_str184, i32 1, i32 1, i8* %img_grey_data_stream, i8* %img_grey_data_stream)

]]></Node>
<StgValue><ssdm name="empty_100"/></StgValue>
</operation>

<operation id="79" st_id="16" stage="1" lat="1">
<core>NULL</core>
<MemPortIdVec></MemPortIdVec>
<condition id="-1">
<or_exp><and_exp></and_exp></or_exp>
</condition>

<Node id="54" bw="0" op_0_bw="0" op_1_bw="8" op_2_bw="0" op_3_bw="32" op_4_bw="32" op_5_bw="0" op_6_bw="32" op_7_bw="32" op_8_bw="0" op_9_bw="0" op_10_bw="0" op_11_bw="32" op_12_bw="32" op_13_bw="32" op_14_bw="32" op_15_bw="0" op_16_bw="0">
<![CDATA[
codeRepl:37  call void (...)* @_ssdm_op_SpecInterface(i8* %img_grey_data_stream, [8 x i8]* @ap_fifo_str, i32 0, i32 0, [1 x i8]* @p_str185, i32 0, i32 0, [1 x i8]* @p_str186, [1 x i8]* @p_str187, [1 x i8]* @p_str188, i32 2, i32 2, i32 16, i32 16, [1 x i8]* @p_str189, [1 x i8]* @p_str190)

]]></Node>
<StgValue><ssdm name=""/></StgValue>
</operation>

<operation id="80" st_id="16" stage="1" lat="1">
<core>NULL</core>
<MemPortIdVec></MemPortIdVec>
<condition id="-1">
<or_exp><and_exp></and_exp></or_exp>
</condition>

<Node id="56" bw="32" op_0_bw="32" op_1_bw="0" op_2_bw="32" op_3_bw="0" op_4_bw="0" op_5_bw="32" op_6_bw="32" op_7_bw="8" op_8_bw="8">
<![CDATA[
codeRepl:39  %empty_101 = call i32 (...)* @_ssdm_op_SpecChannel([28 x i8]* @img_resize_OC_data_s, i32 1, [1 x i8]* @p_str191, [1 x i8]* @p_str191, i32 1, i32 1, i8* %img_resize_data_stre, i8* %img_resize_data_stre)

]]></Node>
<StgValue><ssdm name="empty_101"/></StgValue>
</operation>

<operation id="81" st_id="16" stage="1" lat="1">
<core>NULL</core>
<MemPortIdVec></MemPortIdVec>
<condition id="-1">
<or_exp><and_exp></and_exp></or_exp>
</condition>

<Node id="57" bw="0" op_0_bw="0" op_1_bw="8" op_2_bw="0" op_3_bw="32" op_4_bw="32" op_5_bw="0" op_6_bw="32" op_7_bw="32" op_8_bw="0" op_9_bw="0" op_10_bw="0" op_11_bw="32" op_12_bw="32" op_13_bw="32" op_14_bw="32" op_15_bw="0" op_16_bw="0">
<![CDATA[
codeRepl:40  call void (...)* @_ssdm_op_SpecInterface(i8* %img_resize_data_stre, [8 x i8]* @ap_fifo_str, i32 0, i32 0, [1 x i8]* @p_str192, i32 0, i32 0, [1 x i8]* @p_str193, [1 x i8]* @p_str194, [1 x i8]* @p_str195, i32 2, i32 2, i32 16, i32 16, [1 x i8]* @p_str196, [1 x i8]* @p_str197)

]]></Node>
<StgValue><ssdm name=""/></StgValue>
</operation>

<operation id="82" st_id="16" stage="1" lat="1">
<core>NULL</core>
<MemPortIdVec></MemPortIdVec>
<condition id="-1">
<or_exp><and_exp></and_exp></or_exp>
</condition>

<Node id="59" bw="32" op_0_bw="32" op_1_bw="0" op_2_bw="32" op_3_bw="0" op_4_bw="0" op_5_bw="32" op_6_bw="32" op_7_bw="8" op_8_bw="8">
<![CDATA[
codeRepl:42  %empty_102 = call i32 (...)* @_ssdm_op_SpecChannel([24 x i8]* @img_dl_OC_data_strea, i32 1, [1 x i8]* @p_str198, [1 x i8]* @p_str198, i32 1, i32 1, i8* %img_dl_data_stream_0, i8* %img_dl_data_stream_0)

]]></Node>
<StgValue><ssdm name="empty_102"/></StgValue>
</operation>

<operation id="83" st_id="16" stage="1" lat="1">
<core>NULL</core>
<MemPortIdVec></MemPortIdVec>
<condition id="-1">
<or_exp><and_exp></and_exp></or_exp>
</condition>

<Node id="60" bw="0" op_0_bw="0" op_1_bw="8" op_2_bw="0" op_3_bw="32" op_4_bw="32" op_5_bw="0" op_6_bw="32" op_7_bw="32" op_8_bw="0" op_9_bw="0" op_10_bw="0" op_11_bw="32" op_12_bw="32" op_13_bw="32" op_14_bw="32" op_15_bw="0" op_16_bw="0">
<![CDATA[
codeRepl:43  call void (...)* @_ssdm_op_SpecInterface(i8* %img_dl_data_stream_0, [8 x i8]* @ap_fifo_str, i32 0, i32 0, [1 x i8]* @p_str199, i32 0, i32 0, [1 x i8]* @p_str200, [1 x i8]* @p_str201, [1 x i8]* @p_str202, i32 2, i32 2, i32 16, i32 16, [1 x i8]* @p_str203, [1 x i8]* @p_str204)

]]></Node>
<StgValue><ssdm name=""/></StgValue>
</operation>

<operation id="84" st_id="16" stage="1" lat="1">
<core>NULL</core>
<MemPortIdVec></MemPortIdVec>
<condition id="-1">
<or_exp><and_exp></and_exp></or_exp>
</condition>

<Node id="62" bw="32" op_0_bw="32" op_1_bw="0" op_2_bw="32" op_3_bw="0" op_4_bw="0" op_5_bw="32" op_6_bw="32" op_7_bw="8" op_8_bw="8">
<![CDATA[
codeRepl:45  %empty_103 = call i32 (...)* @_ssdm_op_SpecChannel([24 x i8]* @img_d2_OC_data_strea, i32 1, [1 x i8]* @p_str205, [1 x i8]* @p_str205, i32 1, i32 1, i8* %img_d2_data_stream_0, i8* %img_d2_data_stream_0)

]]></Node>
<StgValue><ssdm name="empty_103"/></StgValue>
</operation>

<operation id="85" st_id="16" stage="1" lat="1">
<core>NULL</core>
<MemPortIdVec></MemPortIdVec>
<condition id="-1">
<or_exp><and_exp></and_exp></or_exp>
</condition>

<Node id="63" bw="0" op_0_bw="0" op_1_bw="8" op_2_bw="0" op_3_bw="32" op_4_bw="32" op_5_bw="0" op_6_bw="32" op_7_bw="32" op_8_bw="0" op_9_bw="0" op_10_bw="0" op_11_bw="32" op_12_bw="32" op_13_bw="32" op_14_bw="32" op_15_bw="0" op_16_bw="0">
<![CDATA[
codeRepl:46  call void (...)* @_ssdm_op_SpecInterface(i8* %img_d2_data_stream_0, [8 x i8]* @ap_fifo_str, i32 0, i32 0, [1 x i8]* @p_str206, i32 0, i32 0, [1 x i8]* @p_str207, [1 x i8]* @p_str208, [1 x i8]* @p_str209, i32 2, i32 2, i32 16, i32 16, [1 x i8]* @p_str210, [1 x i8]* @p_str211)

]]></Node>
<StgValue><ssdm name=""/></StgValue>
</operation>

<operation id="86" st_id="16" stage="1" lat="1">
<core>NULL</core>
<MemPortIdVec></MemPortIdVec>
<condition id="-1">
<or_exp><and_exp></and_exp></or_exp>
</condition>

<Node id="65" bw="32" op_0_bw="32" op_1_bw="0" op_2_bw="32" op_3_bw="0" op_4_bw="0" op_5_bw="32" op_6_bw="32" op_7_bw="8" op_8_bw="8">
<![CDATA[
codeRepl:48  %empty_104 = call i32 (...)* @_ssdm_op_SpecChannel([26 x i8]* @img_read_OC_data_str, i32 1, [1 x i8]* @p_str212, [1 x i8]* @p_str212, i32 1, i32 1, i8* %img_read_data_stream, i8* %img_read_data_stream)

]]></Node>
<StgValue><ssdm name="empty_104"/></StgValue>
</operation>

<operation id="87" st_id="16" stage="1" lat="1">
<core>NULL</core>
<MemPortIdVec></MemPortIdVec>
<condition id="-1">
<or_exp><and_exp></and_exp></or_exp>
</condition>

<Node id="66" bw="0" op_0_bw="0" op_1_bw="8" op_2_bw="0" op_3_bw="32" op_4_bw="32" op_5_bw="0" op_6_bw="32" op_7_bw="32" op_8_bw="0" op_9_bw="0" op_10_bw="0" op_11_bw="32" op_12_bw="32" op_13_bw="32" op_14_bw="32" op_15_bw="0" op_16_bw="0">
<![CDATA[
codeRepl:49  call void (...)* @_ssdm_op_SpecInterface(i8* %img_read_data_stream, [8 x i8]* @ap_fifo_str, i32 0, i32 0, [1 x i8]* @p_str213, i32 0, i32 0, [1 x i8]* @p_str214, [1 x i8]* @p_str215, [1 x i8]* @p_str216, i32 2, i32 2, i32 16, i32 16, [1 x i8]* @p_str217, [1 x i8]* @p_str218)

]]></Node>
<StgValue><ssdm name=""/></StgValue>
</operation>

<operation id="88" st_id="16" stage="1" lat="1">
<core>NULL</core>
<MemPortIdVec></MemPortIdVec>
<condition id="-1">
<or_exp><and_exp></and_exp></or_exp>
</condition>

<Node id="68" bw="32" op_0_bw="32" op_1_bw="0" op_2_bw="32" op_3_bw="0" op_4_bw="0" op_5_bw="32" op_6_bw="32" op_7_bw="8" op_8_bw="8">
<![CDATA[
codeRepl:51  %empty_105 = call i32 (...)* @_ssdm_op_SpecChannel([25 x i8]* @img_abs_OC_data_stre, i32 1, [1 x i8]* @p_str219, [1 x i8]* @p_str219, i32 1, i32 1, i8* %img_abs_data_stream_s, i8* %img_abs_data_stream_s)

]]></Node>
<StgValue><ssdm name="empty_105"/></StgValue>
</operation>

<operation id="89" st_id="16" stage="1" lat="1">
<core>NULL</core>
<MemPortIdVec></MemPortIdVec>
<condition id="-1">
<or_exp><and_exp></and_exp></or_exp>
</condition>

<Node id="69" bw="0" op_0_bw="0" op_1_bw="8" op_2_bw="0" op_3_bw="32" op_4_bw="32" op_5_bw="0" op_6_bw="32" op_7_bw="32" op_8_bw="0" op_9_bw="0" op_10_bw="0" op_11_bw="32" op_12_bw="32" op_13_bw="32" op_14_bw="32" op_15_bw="0" op_16_bw="0">
<![CDATA[
codeRepl:52  call void (...)* @_ssdm_op_SpecInterface(i8* %img_abs_data_stream_s, [8 x i8]* @ap_fifo_str, i32 0, i32 0, [1 x i8]* @p_str220, i32 0, i32 0, [1 x i8]* @p_str221, [1 x i8]* @p_str222, [1 x i8]* @p_str223, i32 2, i32 2, i32 16, i32 16, [1 x i8]* @p_str224, [1 x i8]* @p_str225)

]]></Node>
<StgValue><ssdm name=""/></StgValue>
</operation>

<operation id="90" st_id="16" stage="1" lat="1">
<core>NULL</core>
<MemPortIdVec></MemPortIdVec>
<condition id="-1">
<or_exp><and_exp></and_exp></or_exp>
</condition>

<Node id="71" bw="32" op_0_bw="32" op_1_bw="0" op_2_bw="32" op_3_bw="0" op_4_bw="0" op_5_bw="32" op_6_bw="32" op_7_bw="8" op_8_bw="8">
<![CDATA[
codeRepl:54  %empty_106 = call i32 (...)* @_ssdm_op_SpecChannel([27 x i8]* @img_final_OC_data_st, i32 1, [1 x i8]* @p_str226, [1 x i8]* @p_str226, i32 1, i32 1, i8* %img_final_data_strea, i8* %img_final_data_strea)

]]></Node>
<StgValue><ssdm name="empty_106"/></StgValue>
</operation>

<operation id="91" st_id="16" stage="1" lat="1">
<core>NULL</core>
<MemPortIdVec></MemPortIdVec>
<condition id="-1">
<or_exp><and_exp></and_exp></or_exp>
</condition>

<Node id="72" bw="0" op_0_bw="0" op_1_bw="8" op_2_bw="0" op_3_bw="32" op_4_bw="32" op_5_bw="0" op_6_bw="32" op_7_bw="32" op_8_bw="0" op_9_bw="0" op_10_bw="0" op_11_bw="32" op_12_bw="32" op_13_bw="32" op_14_bw="32" op_15_bw="0" op_16_bw="0">
<![CDATA[
codeRepl:55  call void (...)* @_ssdm_op_SpecInterface(i8* %img_final_data_strea, [8 x i8]* @ap_fifo_str, i32 0, i32 0, [1 x i8]* @p_str227, i32 0, i32 0, [1 x i8]* @p_str228, [1 x i8]* @p_str229, [1 x i8]* @p_str230, i32 2, i32 2, i32 16, i32 16, [1 x i8]* @p_str231, [1 x i8]* @p_str232)

]]></Node>
<StgValue><ssdm name=""/></StgValue>
</operation>

<operation id="92" st_id="16" stage="1" lat="1">
<core>NULL</core>
<MemPortIdVec></MemPortIdVec>
<condition id="-1">
<or_exp><and_exp></and_exp></or_exp>
</condition>

<Node id="73" bw="0" op_0_bw="0" op_1_bw="24" op_2_bw="3" op_3_bw="3" op_4_bw="1" op_5_bw="1" op_6_bw="1" op_7_bw="1" op_8_bw="0" op_9_bw="32" op_10_bw="32" op_11_bw="0" op_12_bw="32" op_13_bw="32" op_14_bw="0" op_15_bw="0" op_16_bw="0" op_17_bw="32" op_18_bw="32" op_19_bw="32" op_20_bw="32" op_21_bw="0" op_22_bw="0">
<![CDATA[
codeRepl:56  call void (...)* @_ssdm_op_SpecInterface(i24* %INPUT_STREAM_V_data_V, i3* %INPUT_STREAM_V_keep_V, i3* %INPUT_STREAM_V_strb_V, i1* %INPUT_STREAM_V_user_V, i1* %INPUT_STREAM_V_last_V, i1* %INPUT_STREAM_V_id_V, i1* %INPUT_STREAM_V_dest_V, [5 x i8]* @p_str, i32 1, i32 1, [5 x i8]* @p_str2, i32 0, i32 0, [1 x i8]* @p_str3, [1 x i8]* @p_str3, [1 x i8]* @p_str3, i32 0, i32 0, i32 0, i32 0, [1 x i8]* @p_str3, [1 x i8]* @p_str3) nounwind

]]></Node>
<StgValue><ssdm name=""/></StgValue>
</operation>

<operation id="93" st_id="16" stage="1" lat="1">
<core>NULL</core>
<MemPortIdVec></MemPortIdVec>
<condition id="-1">
<or_exp><and_exp></and_exp></or_exp>
</condition>

<Node id="74" bw="0" op_0_bw="0" op_1_bw="24" op_2_bw="3" op_3_bw="3" op_4_bw="1" op_5_bw="1" op_6_bw="1" op_7_bw="1" op_8_bw="0" op_9_bw="32" op_10_bw="32" op_11_bw="0" op_12_bw="32" op_13_bw="32" op_14_bw="0" op_15_bw="0" op_16_bw="0" op_17_bw="32" op_18_bw="32" op_19_bw="32" op_20_bw="32" op_21_bw="0" op_22_bw="0">
<![CDATA[
codeRepl:57  call void (...)* @_ssdm_op_SpecInterface(i24* %OUTPUT_STREAM_V_data_V, i3* %OUTPUT_STREAM_V_keep_V, i3* %OUTPUT_STREAM_V_strb_V, i1* %OUTPUT_STREAM_V_user_V, i1* %OUTPUT_STREAM_V_last_V, i1* %OUTPUT_STREAM_V_id_V, i1* %OUTPUT_STREAM_V_dest_V, [5 x i8]* @p_str, i32 1, i32 1, [5 x i8]* @p_str2, i32 0, i32 0, [1 x i8]* @p_str3, [1 x i8]* @p_str3, [1 x i8]* @p_str3, i32 0, i32 0, i32 0, i32 0, [1 x i8]* @p_str3, [1 x i8]* @p_str3) nounwind

]]></Node>
<StgValue><ssdm name=""/></StgValue>
</operation>

<operation id="94" st_id="16" stage="1" lat="1">
<core>NULL</core>
<MemPortIdVec></MemPortIdVec>
<condition id="-1">
<or_exp><and_exp></and_exp></or_exp>
</condition>

<Node id="75" bw="0" op_0_bw="0" op_1_bw="8" op_2_bw="0" op_3_bw="32" op_4_bw="32" op_5_bw="0" op_6_bw="32" op_7_bw="32" op_8_bw="0" op_9_bw="0" op_10_bw="0" op_11_bw="32" op_12_bw="32" op_13_bw="32" op_14_bw="32" op_15_bw="0" op_16_bw="0">
<![CDATA[
codeRepl:58  call void (...)* @_ssdm_op_SpecInterface([409600 x i8]* %writeImage, [5 x i8]* @p_str4, i32 0, i32 0, [1 x i8]* @p_str3, i32 0, i32 0, [1 x i8]* @p_str3, [1 x i8]* @p_str3, [1 x i8]* @p_str3, i32 0, i32 0, i32 0, i32 0, [1 x i8]* @p_str3, [1 x i8]* @p_str3) nounwind

]]></Node>
<StgValue><ssdm name=""/></StgValue>
</operation>

<operation id="95" st_id="16" stage="1" lat="1">
<core>NULL</core>
<MemPortIdVec></MemPortIdVec>
<condition id="-1">
<or_exp><and_exp></and_exp></or_exp>
</condition>

<Node id="76" bw="0" op_0_bw="0" op_1_bw="8" op_2_bw="0" op_3_bw="32" op_4_bw="32" op_5_bw="0" op_6_bw="32" op_7_bw="32" op_8_bw="0" op_9_bw="0" op_10_bw="0" op_11_bw="32" op_12_bw="32" op_13_bw="32" op_14_bw="32" op_15_bw="0" op_16_bw="0">
<![CDATA[
codeRepl:59  call void (...)* @_ssdm_op_SpecInterface([409600 x i8]* %readImage, [5 x i8]* @p_str4, i32 0, i32 0, [1 x i8]* @p_str3, i32 0, i32 0, [1 x i8]* @p_str3, [1 x i8]* @p_str3, [1 x i8]* @p_str3, i32 0, i32 0, i32 0, i32 0, [1 x i8]* @p_str3, [1 x i8]* @p_str3) nounwind

]]></Node>
<StgValue><ssdm name=""/></StgValue>
</operation>

<operation id="96" st_id="16" stage="1" lat="1">
<core>NULL</core>
<MemPortIdVec></MemPortIdVec>
<condition id="-1">
<or_exp><and_exp></and_exp></or_exp>
</condition>

<Node id="77" bw="0" op_0_bw="0" op_1_bw="8" op_2_bw="0" op_3_bw="0" op_4_bw="0" op_5_bw="32" op_6_bw="0" op_7_bw="0" op_8_bw="0" op_9_bw="0" op_10_bw="0">
<![CDATA[
codeRepl:60  call void (...)* @_ssdm_op_SpecMemCore([409600 x i8]* %writeImage, [1 x i8]* @p_str3, [12 x i8]* @p_str5, [1 x i8]* @p_str3, i32 -1, [1 x i8]* @p_str3, [1 x i8]* @p_str3, [1 x i8]* @p_str3, [1 x i8]* @p_str3, [1 x i8]* @p_str3)

]]></Node>
<StgValue><ssdm name=""/></StgValue>
</operation>

<operation id="97" st_id="16" stage="1" lat="1">
<core>NULL</core>
<MemPortIdVec></MemPortIdVec>
<condition id="-1">
<or_exp><and_exp></and_exp></or_exp>
</condition>

<Node id="78" bw="0" op_0_bw="0" op_1_bw="8" op_2_bw="0" op_3_bw="0" op_4_bw="0" op_5_bw="32" op_6_bw="0" op_7_bw="0" op_8_bw="0" op_9_bw="0" op_10_bw="0">
<![CDATA[
codeRepl:61  call void (...)* @_ssdm_op_SpecMemCore([409600 x i8]* %readImage, [1 x i8]* @p_str3, [12 x i8]* @p_str5, [1 x i8]* @p_str3, i32 -1, [1 x i8]* @p_str3, [1 x i8]* @p_str3, [1 x i8]* @p_str3, [1 x i8]* @p_str3, [1 x i8]* @p_str3)

]]></Node>
<StgValue><ssdm name=""/></StgValue>
</operation>

<operation id="98" st_id="16" stage="1" lat="1">
<core>NULL</core>
<MemPortIdVec></MemPortIdVec>
<condition id="-1">
<or_exp><and_exp></and_exp></or_exp>
</condition>

<Node id="79" bw="32" op_0_bw="32" op_1_bw="0" op_2_bw="32" op_3_bw="0" op_4_bw="0" op_5_bw="32" op_6_bw="32" op_7_bw="11" op_8_bw="11">
<![CDATA[
codeRepl:62  %empty_107 = call i32 (...)* @_ssdm_op_SpecChannel([16 x i8]* @img_in_OC_rows_OC_V_1, i32 1, [1 x i8]* @p_str258, [1 x i8]* @p_str258, i32 1, i32 0, i11* %img_in_rows_V_c, i11* %img_in_rows_V_c)

]]></Node>
<StgValue><ssdm name="empty_107"/></StgValue>
</operation>

<operation id="99" st_id="16" stage="1" lat="1">
<core>NULL</core>
<MemPortIdVec></MemPortIdVec>
<condition id="-1">
<or_exp><and_exp></and_exp></or_exp>
</condition>

<Node id="80" bw="0" op_0_bw="0" op_1_bw="11" op_2_bw="0" op_3_bw="32" op_4_bw="32" op_5_bw="0" op_6_bw="32" op_7_bw="32" op_8_bw="0" op_9_bw="0" op_10_bw="0" op_11_bw="32" op_12_bw="32" op_13_bw="32" op_14_bw="32" op_15_bw="0" op_16_bw="0">
<![CDATA[
codeRepl:63  call void (...)* @_ssdm_op_SpecInterface(i11* %img_in_rows_V_c, [8 x i8]* @ap_fifo_str, i32 0, i32 0, [1 x i8]* @p_str259, i32 0, i32 0, [1 x i8]* @p_str260, [1 x i8]* @p_str261, [1 x i8]* @p_str262, i32 2, i32 2, i32 16, i32 16, [1 x i8]* @p_str263, [1 x i8]* @p_str264)

]]></Node>
<StgValue><ssdm name=""/></StgValue>
</operation>

<operation id="100" st_id="16" stage="1" lat="1">
<core>NULL</core>
<MemPortIdVec></MemPortIdVec>
<condition id="-1">
<or_exp><and_exp></and_exp></or_exp>
</condition>

<Node id="81" bw="32" op_0_bw="32" op_1_bw="0" op_2_bw="32" op_3_bw="0" op_4_bw="0" op_5_bw="32" op_6_bw="32" op_7_bw="12" op_8_bw="12">
<![CDATA[
codeRepl:64  %empty_108 = call i32 (...)* @_ssdm_op_SpecChannel([16 x i8]* @img_in_OC_cols_OC_V_1, i32 1, [1 x i8]* @p_str265, [1 x i8]* @p_str265, i32 1, i32 0, i12* %img_in_cols_V_c, i12* %img_in_cols_V_c)

]]></Node>
<StgValue><ssdm name="empty_108"/></StgValue>
</operation>

<operation id="101" st_id="16" stage="1" lat="1">
<core>NULL</core>
<MemPortIdVec></MemPortIdVec>
<condition id="-1">
<or_exp><and_exp></and_exp></or_exp>
</condition>

<Node id="82" bw="0" op_0_bw="0" op_1_bw="12" op_2_bw="0" op_3_bw="32" op_4_bw="32" op_5_bw="0" op_6_bw="32" op_7_bw="32" op_8_bw="0" op_9_bw="0" op_10_bw="0" op_11_bw="32" op_12_bw="32" op_13_bw="32" op_14_bw="32" op_15_bw="0" op_16_bw="0">
<![CDATA[
codeRepl:65  call void (...)* @_ssdm_op_SpecInterface(i12* %img_in_cols_V_c, [8 x i8]* @ap_fifo_str, i32 0, i32 0, [1 x i8]* @p_str266, i32 0, i32 0, [1 x i8]* @p_str267, [1 x i8]* @p_str268, [1 x i8]* @p_str269, i32 2, i32 2, i32 16, i32 16, [1 x i8]* @p_str270, [1 x i8]* @p_str271)

]]></Node>
<StgValue><ssdm name=""/></StgValue>
</operation>

<operation id="102" st_id="16" stage="1" lat="1">
<core>NULL</core>
<MemPortIdVec></MemPortIdVec>
<condition id="-1">
<or_exp><and_exp></and_exp></or_exp>
</condition>

<Node id="83" bw="32" op_0_bw="32" op_1_bw="0" op_2_bw="32" op_3_bw="0" op_4_bw="0" op_5_bw="32" op_6_bw="32" op_7_bw="11" op_8_bw="11">
<![CDATA[
codeRepl:66  %empty_109 = call i32 (...)* @_ssdm_op_SpecChannel([20 x i8]* @img_resize_OC_rows_O_1, i32 1, [1 x i8]* @p_str272, [1 x i8]* @p_str272, i32 3, i32 0, i11* %img_resize_rows_V_c, i11* %img_resize_rows_V_c)

]]></Node>
<StgValue><ssdm name="empty_109"/></StgValue>
</operation>

<operation id="103" st_id="16" stage="1" lat="1">
<core>NULL</core>
<MemPortIdVec></MemPortIdVec>
<condition id="-1">
<or_exp><and_exp></and_exp></or_exp>
</condition>

<Node id="84" bw="0" op_0_bw="0" op_1_bw="11" op_2_bw="0" op_3_bw="32" op_4_bw="32" op_5_bw="0" op_6_bw="32" op_7_bw="32" op_8_bw="0" op_9_bw="0" op_10_bw="0" op_11_bw="32" op_12_bw="32" op_13_bw="32" op_14_bw="32" op_15_bw="0" op_16_bw="0">
<![CDATA[
codeRepl:67  call void (...)* @_ssdm_op_SpecInterface(i11* %img_resize_rows_V_c, [8 x i8]* @ap_fifo_str, i32 0, i32 0, [1 x i8]* @p_str273, i32 0, i32 0, [1 x i8]* @p_str274, [1 x i8]* @p_str275, [1 x i8]* @p_str276, i32 2, i32 2, i32 16, i32 16, [1 x i8]* @p_str277, [1 x i8]* @p_str278)

]]></Node>
<StgValue><ssdm name=""/></StgValue>
</operation>

<operation id="104" st_id="16" stage="1" lat="1">
<core>NULL</core>
<MemPortIdVec></MemPortIdVec>
<condition id="-1">
<or_exp><and_exp></and_exp></or_exp>
</condition>

<Node id="85" bw="32" op_0_bw="32" op_1_bw="0" op_2_bw="32" op_3_bw="0" op_4_bw="0" op_5_bw="32" op_6_bw="32" op_7_bw="11" op_8_bw="11">
<![CDATA[
codeRepl:68  %empty_110 = call i32 (...)* @_ssdm_op_SpecChannel([20 x i8]* @img_resize_OC_cols_O_1, i32 1, [1 x i8]* @p_str279, [1 x i8]* @p_str279, i32 3, i32 0, i11* %img_resize_cols_V_c, i11* %img_resize_cols_V_c)

]]></Node>
<StgValue><ssdm name="empty_110"/></StgValue>
</operation>

<operation id="105" st_id="16" stage="1" lat="1">
<core>NULL</core>
<MemPortIdVec></MemPortIdVec>
<condition id="-1">
<or_exp><and_exp></and_exp></or_exp>
</condition>

<Node id="86" bw="0" op_0_bw="0" op_1_bw="11" op_2_bw="0" op_3_bw="32" op_4_bw="32" op_5_bw="0" op_6_bw="32" op_7_bw="32" op_8_bw="0" op_9_bw="0" op_10_bw="0" op_11_bw="32" op_12_bw="32" op_13_bw="32" op_14_bw="32" op_15_bw="0" op_16_bw="0">
<![CDATA[
codeRepl:69  call void (...)* @_ssdm_op_SpecInterface(i11* %img_resize_cols_V_c, [8 x i8]* @ap_fifo_str, i32 0, i32 0, [1 x i8]* @p_str280, i32 0, i32 0, [1 x i8]* @p_str281, [1 x i8]* @p_str282, [1 x i8]* @p_str283, i32 2, i32 2, i32 16, i32 16, [1 x i8]* @p_str284, [1 x i8]* @p_str285)

]]></Node>
<StgValue><ssdm name=""/></StgValue>
</operation>

<operation id="106" st_id="16" stage="1" lat="1">
<core>NULL</core>
<MemPortIdVec></MemPortIdVec>
<condition id="-1">
<or_exp><and_exp></and_exp></or_exp>
</condition>

<Node id="88" bw="32" op_0_bw="32" op_1_bw="0" op_2_bw="32" op_3_bw="0" op_4_bw="0" op_5_bw="32" op_6_bw="32" op_7_bw="11" op_8_bw="11">
<![CDATA[
codeRepl:71  %empty_111 = call i32 (...)* @_ssdm_op_SpecChannel([18 x i8]* @img_in_OC_rows_OC_V_s, i32 1, [1 x i8]* @p_str311, [1 x i8]* @p_str311, i32 1, i32 0, i11* %img_in_rows_V_c21, i11* %img_in_rows_V_c21)

]]></Node>
<StgValue><ssdm name="empty_111"/></StgValue>
</operation>

<operation id="107" st_id="16" stage="1" lat="1">
<core>NULL</core>
<MemPortIdVec></MemPortIdVec>
<condition id="-1">
<or_exp><and_exp></and_exp></or_exp>
</condition>

<Node id="89" bw="0" op_0_bw="0" op_1_bw="11" op_2_bw="0" op_3_bw="32" op_4_bw="32" op_5_bw="0" op_6_bw="32" op_7_bw="32" op_8_bw="0" op_9_bw="0" op_10_bw="0" op_11_bw="32" op_12_bw="32" op_13_bw="32" op_14_bw="32" op_15_bw="0" op_16_bw="0">
<![CDATA[
codeRepl:72  call void (...)* @_ssdm_op_SpecInterface(i11* %img_in_rows_V_c21, [8 x i8]* @ap_fifo_str, i32 0, i32 0, [1 x i8]* @p_str312, i32 0, i32 0, [1 x i8]* @p_str313, [1 x i8]* @p_str314, [1 x i8]* @p_str315, i32 2, i32 2, i32 16, i32 16, [1 x i8]* @p_str316, [1 x i8]* @p_str317)

]]></Node>
<StgValue><ssdm name=""/></StgValue>
</operation>

<operation id="108" st_id="16" stage="1" lat="1">
<core>NULL</core>
<MemPortIdVec></MemPortIdVec>
<condition id="-1">
<or_exp><and_exp></and_exp></or_exp>
</condition>

<Node id="90" bw="32" op_0_bw="32" op_1_bw="0" op_2_bw="32" op_3_bw="0" op_4_bw="0" op_5_bw="32" op_6_bw="32" op_7_bw="12" op_8_bw="12">
<![CDATA[
codeRepl:73  %empty_112 = call i32 (...)* @_ssdm_op_SpecChannel([18 x i8]* @img_in_OC_cols_OC_V_s, i32 1, [1 x i8]* @p_str318, [1 x i8]* @p_str318, i32 1, i32 0, i12* %img_in_cols_V_c22, i12* %img_in_cols_V_c22)

]]></Node>
<StgValue><ssdm name="empty_112"/></StgValue>
</operation>

<operation id="109" st_id="16" stage="1" lat="1">
<core>NULL</core>
<MemPortIdVec></MemPortIdVec>
<condition id="-1">
<or_exp><and_exp></and_exp></or_exp>
</condition>

<Node id="91" bw="0" op_0_bw="0" op_1_bw="12" op_2_bw="0" op_3_bw="32" op_4_bw="32" op_5_bw="0" op_6_bw="32" op_7_bw="32" op_8_bw="0" op_9_bw="0" op_10_bw="0" op_11_bw="32" op_12_bw="32" op_13_bw="32" op_14_bw="32" op_15_bw="0" op_16_bw="0">
<![CDATA[
codeRepl:74  call void (...)* @_ssdm_op_SpecInterface(i12* %img_in_cols_V_c22, [8 x i8]* @ap_fifo_str, i32 0, i32 0, [1 x i8]* @p_str319, i32 0, i32 0, [1 x i8]* @p_str320, [1 x i8]* @p_str321, [1 x i8]* @p_str322, i32 2, i32 2, i32 16, i32 16, [1 x i8]* @p_str323, [1 x i8]* @p_str324)

]]></Node>
<StgValue><ssdm name=""/></StgValue>
</operation>

<operation id="110" st_id="16" stage="1" lat="1">
<core>NULL</core>
<MemPortIdVec></MemPortIdVec>
<condition id="-1">
<or_exp><and_exp></and_exp></or_exp>
</condition>

<Node id="94" bw="32" op_0_bw="32" op_1_bw="0" op_2_bw="32" op_3_bw="0" op_4_bw="0" op_5_bw="32" op_6_bw="32" op_7_bw="11" op_8_bw="11">
<![CDATA[
codeRepl:77  %empty_113 = call i32 (...)* @_ssdm_op_SpecChannel([22 x i8]* @img_resize_OC_rows_O, i32 1, [1 x i8]* @p_str363, [1 x i8]* @p_str363, i32 1, i32 0, i11* %img_resize_rows_V_c2, i11* %img_resize_rows_V_c2)

]]></Node>
<StgValue><ssdm name="empty_113"/></StgValue>
</operation>

<operation id="111" st_id="16" stage="1" lat="1">
<core>NULL</core>
<MemPortIdVec></MemPortIdVec>
<condition id="-1">
<or_exp><and_exp></and_exp></or_exp>
</condition>

<Node id="95" bw="0" op_0_bw="0" op_1_bw="11" op_2_bw="0" op_3_bw="32" op_4_bw="32" op_5_bw="0" op_6_bw="32" op_7_bw="32" op_8_bw="0" op_9_bw="0" op_10_bw="0" op_11_bw="32" op_12_bw="32" op_13_bw="32" op_14_bw="32" op_15_bw="0" op_16_bw="0">
<![CDATA[
codeRepl:78  call void (...)* @_ssdm_op_SpecInterface(i11* %img_resize_rows_V_c2, [8 x i8]* @ap_fifo_str, i32 0, i32 0, [1 x i8]* @p_str364, i32 0, i32 0, [1 x i8]* @p_str365, [1 x i8]* @p_str366, [1 x i8]* @p_str367, i32 2, i32 2, i32 16, i32 16, [1 x i8]* @p_str368, [1 x i8]* @p_str369)

]]></Node>
<StgValue><ssdm name=""/></StgValue>
</operation>

<operation id="112" st_id="16" stage="1" lat="1">
<core>NULL</core>
<MemPortIdVec></MemPortIdVec>
<condition id="-1">
<or_exp><and_exp></and_exp></or_exp>
</condition>

<Node id="96" bw="32" op_0_bw="32" op_1_bw="0" op_2_bw="32" op_3_bw="0" op_4_bw="0" op_5_bw="32" op_6_bw="32" op_7_bw="11" op_8_bw="11">
<![CDATA[
codeRepl:79  %empty_114 = call i32 (...)* @_ssdm_op_SpecChannel([22 x i8]* @img_resize_OC_cols_O, i32 1, [1 x i8]* @p_str370, [1 x i8]* @p_str370, i32 1, i32 0, i11* %img_resize_cols_V_c2, i11* %img_resize_cols_V_c2)

]]></Node>
<StgValue><ssdm name="empty_114"/></StgValue>
</operation>

<operation id="113" st_id="16" stage="1" lat="1">
<core>NULL</core>
<MemPortIdVec></MemPortIdVec>
<condition id="-1">
<or_exp><and_exp></and_exp></or_exp>
</condition>

<Node id="97" bw="0" op_0_bw="0" op_1_bw="11" op_2_bw="0" op_3_bw="32" op_4_bw="32" op_5_bw="0" op_6_bw="32" op_7_bw="32" op_8_bw="0" op_9_bw="0" op_10_bw="0" op_11_bw="32" op_12_bw="32" op_13_bw="32" op_14_bw="32" op_15_bw="0" op_16_bw="0">
<![CDATA[
codeRepl:80  call void (...)* @_ssdm_op_SpecInterface(i11* %img_resize_cols_V_c2, [8 x i8]* @ap_fifo_str, i32 0, i32 0, [1 x i8]* @p_str371, i32 0, i32 0, [1 x i8]* @p_str372, [1 x i8]* @p_str373, [1 x i8]* @p_str374, i32 2, i32 2, i32 16, i32 16, [1 x i8]* @p_str375, [1 x i8]* @p_str376)

]]></Node>
<StgValue><ssdm name=""/></StgValue>
</operation>

<operation id="114" st_id="16" stage="1" lat="1">
<core>NULL</core>
<MemPortIdVec></MemPortIdVec>
<condition id="-1">
<or_exp><and_exp></and_exp></or_exp>
</condition>

<Node id="105" bw="0">
<![CDATA[
codeRepl:88  ret void

]]></Node>
<StgValue><ssdm name=""/></StgValue>
</operation>
</state>
</state_list>


<ports>
</ports>


<dataflows>
</dataflows>


</stg>
