<stg><name>Mat2Array.1</name>


<trans_list>

<trans id="9" from="1" to="2">
<condition id="2">
<or_exp><and_exp></and_exp></or_exp>
</condition>
</trans>
</trans_list>



<state_list>

<state id="1" st_id="1">

<operation id="3" st_id="1" stage="2" lat="2">
<core></core>
<MemPortIdVec></MemPortIdVec>
<condition id="0">
<or_exp><and_exp></and_exp></or_exp>
</condition>

<Node id="6" bw="0" op_0_bw="0" op_1_bw="8" op_2_bw="8">
<![CDATA[
:3  call fastcc void @Mat2Array(i8* %img_data_stream_V, [409600 x i8]* %fb)

]]></Node>
<StgValue><ssdm name=""/></StgValue>
</operation>
</state>

<state id="2" st_id="2">

<operation id="4" st_id="2" stage="1" lat="1">
<core>NULL</core>
<MemPortIdVec></MemPortIdVec>
<condition id="1">
<or_exp><and_exp></and_exp></or_exp>
</condition>

<Node id="3" bw="0" op_0_bw="0" op_1_bw="8" op_2_bw="0" op_3_bw="32" op_4_bw="32" op_5_bw="0" op_6_bw="32" op_7_bw="32" op_8_bw="0" op_9_bw="0" op_10_bw="0" op_11_bw="32" op_12_bw="32" op_13_bw="32" op_14_bw="32" op_15_bw="0" op_16_bw="0">
<![CDATA[
:0  call void (...)* @_ssdm_op_SpecInterface(i8* %img_data_stream_V, [8 x i8]* @ap_fifo_str, i32 0, i32 0, [1 x i8]* @p_str206, i32 0, i32 0, [1 x i8]* @p_str207, [1 x i8]* @p_str208, [1 x i8]* @p_str209, i32 2, i32 2, i32 16, i32 16, [1 x i8]* @p_str210, [1 x i8]* @p_str211)

]]></Node>
<StgValue><ssdm name=""/></StgValue>
</operation>

<operation id="5" st_id="2" stage="1" lat="1">
<core>NULL</core>
<MemPortIdVec></MemPortIdVec>
<condition id="1">
<or_exp><and_exp></and_exp></or_exp>
</condition>

<Node id="4" bw="0" op_0_bw="0" op_1_bw="8" op_2_bw="0" op_3_bw="0" op_4_bw="0" op_5_bw="32" op_6_bw="0" op_7_bw="0" op_8_bw="0" op_9_bw="0" op_10_bw="0">
<![CDATA[
:1  call void (...)* @_ssdm_op_SpecMemCore([409600 x i8]* %fb, [1 x i8]* @p_str3, [12 x i8]* @p_str5, [1 x i8]* @p_str3, i32 -1, [1 x i8]* @p_str3, [1 x i8]* @p_str3, [1 x i8]* @p_str3, [1 x i8]* @p_str3, [1 x i8]* @p_str3)

]]></Node>
<StgValue><ssdm name=""/></StgValue>
</operation>

<operation id="6" st_id="2" stage="1" lat="1">
<core>NULL</core>
<MemPortIdVec></MemPortIdVec>
<condition id="1">
<or_exp><and_exp></and_exp></or_exp>
</condition>

<Node id="5" bw="0" op_0_bw="0" op_1_bw="8" op_2_bw="0" op_3_bw="32" op_4_bw="32" op_5_bw="0" op_6_bw="32" op_7_bw="32" op_8_bw="0" op_9_bw="0" op_10_bw="0" op_11_bw="32" op_12_bw="32" op_13_bw="32" op_14_bw="32" op_15_bw="0" op_16_bw="0">
<![CDATA[
:2  call void (...)* @_ssdm_op_SpecInterface([409600 x i8]* %fb, [5 x i8]* @p_str4, i32 0, i32 0, [1 x i8]* @p_str3, i32 0, i32 0, [1 x i8]* @p_str3, [1 x i8]* @p_str3, [1 x i8]* @p_str3, i32 0, i32 0, i32 0, i32 0, [1 x i8]* @p_str3, [1 x i8]* @p_str3) nounwind

]]></Node>
<StgValue><ssdm name=""/></StgValue>
</operation>

<operation id="7" st_id="2" stage="1" lat="2">
<core></core>
<MemPortIdVec></MemPortIdVec>
<condition id="1">
<or_exp><and_exp></and_exp></or_exp>
</condition>

<Node id="6" bw="0" op_0_bw="0" op_1_bw="8" op_2_bw="8">
<![CDATA[
:3  call fastcc void @Mat2Array(i8* %img_data_stream_V, [409600 x i8]* %fb)

]]></Node>
<StgValue><ssdm name=""/></StgValue>
</operation>

<operation id="8" st_id="2" stage="1" lat="1">
<core>NULL</core>
<MemPortIdVec></MemPortIdVec>
<condition id="1">
<or_exp><and_exp></and_exp></or_exp>
</condition>

<Node id="7" bw="0">
<![CDATA[
:4  ret void

]]></Node>
<StgValue><ssdm name=""/></StgValue>
</operation>
</state>
</state_list>


<ports>
<port id="10" name="img_data_stream_V" dir="0" iftype="3">
<core>FIFO</core><StgValue><ssdm name="img_data_stream_V"/></StgValue>
</port>
<port id="11" name="fb" dir="1" iftype="1">
<core>RAM_1P_BRAM</core><StgValue><ssdm name="fb"/><MemPortTyVec>0 </MemPortTyVec>
</StgValue>
</port>
</ports>


<dataflows>
<dataflow id="13" from="Mat2Array" to="StgValue_3" fromId="12" toId="3">
</dataflow>
<dataflow id="14" from="img_data_stream_V" to="StgValue_3" fromId="10" toId="3">
</dataflow>
<dataflow id="15" from="fb" to="StgValue_3" fromId="11" toId="3">
</dataflow>
<dataflow id="17" from="_ssdm_op_SpecInterface" to="StgValue_4" fromId="16" toId="4">
</dataflow>
<dataflow id="18" from="img_data_stream_V" to="StgValue_4" fromId="10" toId="4">
</dataflow>
<dataflow id="20" from="ap_fifo_str" to="StgValue_4" fromId="19" toId="4">
</dataflow>
<dataflow id="22" from="StgValue_21" to="StgValue_4" fromId="21" toId="4">
</dataflow>
<dataflow id="23" from="StgValue_21" to="StgValue_4" fromId="21" toId="4">
</dataflow>
<dataflow id="25" from="p_str206" to="StgValue_4" fromId="24" toId="4">
</dataflow>
<dataflow id="26" from="StgValue_21" to="StgValue_4" fromId="21" toId="4">
</dataflow>
<dataflow id="27" from="StgValue_21" to="StgValue_4" fromId="21" toId="4">
</dataflow>
<dataflow id="29" from="p_str207" to="StgValue_4" fromId="28" toId="4">
</dataflow>
<dataflow id="31" from="p_str208" to="StgValue_4" fromId="30" toId="4">
</dataflow>
<dataflow id="33" from="p_str209" to="StgValue_4" fromId="32" toId="4">
</dataflow>
<dataflow id="35" from="StgValue_34" to="StgValue_4" fromId="34" toId="4">
</dataflow>
<dataflow id="36" from="StgValue_34" to="StgValue_4" fromId="34" toId="4">
</dataflow>
<dataflow id="38" from="StgValue_37" to="StgValue_4" fromId="37" toId="4">
</dataflow>
<dataflow id="39" from="StgValue_37" to="StgValue_4" fromId="37" toId="4">
</dataflow>
<dataflow id="41" from="p_str210" to="StgValue_4" fromId="40" toId="4">
</dataflow>
<dataflow id="43" from="p_str211" to="StgValue_4" fromId="42" toId="4">
</dataflow>
<dataflow id="45" from="_ssdm_op_SpecMemCore" to="StgValue_5" fromId="44" toId="5">
</dataflow>
<dataflow id="46" from="fb" to="StgValue_5" fromId="11" toId="5">
</dataflow>
<dataflow id="48" from="p_str3" to="StgValue_5" fromId="47" toId="5">
</dataflow>
<dataflow id="50" from="p_str5" to="StgValue_5" fromId="49" toId="5">
</dataflow>
<dataflow id="51" from="p_str3" to="StgValue_5" fromId="47" toId="5">
</dataflow>
<dataflow id="53" from="StgValue_52" to="StgValue_5" fromId="52" toId="5">
</dataflow>
<dataflow id="54" from="p_str3" to="StgValue_5" fromId="47" toId="5">
</dataflow>
<dataflow id="55" from="p_str3" to="StgValue_5" fromId="47" toId="5">
</dataflow>
<dataflow id="56" from="p_str3" to="StgValue_5" fromId="47" toId="5">
</dataflow>
<dataflow id="57" from="p_str3" to="StgValue_5" fromId="47" toId="5">
</dataflow>
<dataflow id="58" from="p_str3" to="StgValue_5" fromId="47" toId="5">
</dataflow>
<dataflow id="59" from="_ssdm_op_SpecInterface" to="StgValue_6" fromId="16" toId="6">
</dataflow>
<dataflow id="60" from="fb" to="StgValue_6" fromId="11" toId="6">
</dataflow>
<dataflow id="62" from="p_str4" to="StgValue_6" fromId="61" toId="6">
</dataflow>
<dataflow id="63" from="StgValue_21" to="StgValue_6" fromId="21" toId="6">
</dataflow>
<dataflow id="64" from="StgValue_21" to="StgValue_6" fromId="21" toId="6">
</dataflow>
<dataflow id="65" from="p_str3" to="StgValue_6" fromId="47" toId="6">
</dataflow>
<dataflow id="66" from="StgValue_21" to="StgValue_6" fromId="21" toId="6">
</dataflow>
<dataflow id="67" from="StgValue_21" to="StgValue_6" fromId="21" toId="6">
</dataflow>
<dataflow id="68" from="p_str3" to="StgValue_6" fromId="47" toId="6">
</dataflow>
<dataflow id="69" from="p_str3" to="StgValue_6" fromId="47" toId="6">
</dataflow>
<dataflow id="70" from="p_str3" to="StgValue_6" fromId="47" toId="6">
</dataflow>
<dataflow id="71" from="StgValue_21" to="StgValue_6" fromId="21" toId="6">
</dataflow>
<dataflow id="72" from="StgValue_21" to="StgValue_6" fromId="21" toId="6">
</dataflow>
<dataflow id="73" from="StgValue_21" to="StgValue_6" fromId="21" toId="6">
</dataflow>
<dataflow id="74" from="StgValue_21" to="StgValue_6" fromId="21" toId="6">
</dataflow>
<dataflow id="75" from="p_str3" to="StgValue_6" fromId="47" toId="6">
</dataflow>
<dataflow id="76" from="p_str3" to="StgValue_6" fromId="47" toId="6">
</dataflow>
<dataflow id="77" from="Mat2Array" to="StgValue_7" fromId="12" toId="7">
</dataflow>
<dataflow id="78" from="img_data_stream_V" to="StgValue_7" fromId="10" toId="7">
</dataflow>
<dataflow id="79" from="fb" to="StgValue_7" fromId="11" toId="7">
</dataflow>
</dataflows>


</stg>
