<profile>

<section name = "Vivado HLS Report for 'Mat2Array_1'" level="0">
<item name = "Date">Wed Mar  4 09:34:01 2020
</item>
<item name = "Version">2017.4 (Build 2086221 on Fri Dec 15 21:13:33 MST 2017)</item>
<item name = "Project">DVS_classication</item>
<item name = "Solution">solution1</item>
<item name = "Product family">zynq</item>
<item name = "Target device">xc7z020clg484-1</item>
</section>

<section name = "Performance Estimates" level="0">
<item name = "Timing (ns)">
<section name = "" level="1">
<item name = "Summary"><table name="" hasTotal="0">
<keys size="4">Clock, Target, Estimated, Uncertainty</keys>
<column name="ap_clk">10.00, 6.89, 1.25</column>
</table>
</item>
</section>
</item>
<item name = "Latency (clock cycles)">
<section name = "" level="1">
<item name = "Summary"><table name="" hasTotal="0">
<keys size="6">, min, max, min, max, Type</keys>
<column name="">411522, 411522, 411522, 411522, none</column>
</table>
</item>
<item name = "Detail">
<section name = "" level="1">
<item name = "Instance"><table name="" hasTotal="0">
<keys size="7">Instance, Module, min, max, min, max, Type</keys>
<column name="grp_Mat2Array_fu_38">Mat2Array, 411521, 411521, 411521, 411521, none</column>
</table>
</item>
<item name = "Loop"><table name="" hasTotal="0">
<keys size="8">Loop Name, min, max, Latency, achieved, target, Count, Pipelined</keys>
</table>
</item>
</section>
</item>
</section>
</item>
</section>

<section name = "Utilization Estimates" level="0">
<item name = "Summary"><table name="" hasTotal="1">
<keys size="5">Name, BRAM_18K, DSP48E, FF, LUT</keys>
<column name="DSP">-, -, -, -</column>
<column name="Expression">-, -, 0, 8</column>
<column name="FIFO">-, -, -, -</column>
<column name="Instance">-, -, 76, 212</column>
<column name="Memory">-, -, -, -</column>
<column name="Multiplexer">-, -, -, 33</column>
<column name="Register">-, -, 4, -</column>
<specialColumn name="Available">280, 220, 106400, 53200</specialColumn>
<specialColumn name="Utilization (%)">0, 0, ~0, ~0</specialColumn>
</table>
</item>
<item name = "Detail">
<section name = "" level="1">
<item name = "Instance"><table name="" hasTotal="1">
<keys size="6">Instance, Module, BRAM_18K, DSP48E, FF, LUT</keys>
<column name="grp_Mat2Array_fu_38">Mat2Array, 0, 0, 76, 212</column>
</table>
</item>
<item name = "DSP48"><table name="" hasTotal="0">
<keys size="3">Instance, Module, Expression</keys>
</table>
</item>
<item name = "Memory"><table name="" hasTotal="1">
<keys size="9">Memory, Module, BRAM_18K, FF, LUT, Words, Bits, Banks, W*Bits*Banks</keys>
</table>
</item>
<item name = "FIFO"><table name="" hasTotal="1">
<keys size="7">Name, BRAM_18K, FF, LUT, Depth, Bits, Size:D*B</keys>
</table>
</item>
<item name = "Expression"><table name="" hasTotal="1">
<keys size="7">Variable Name, Operation, DSP48E, FF, LUT, Bitwidth P0, Bitwidth P1</keys>
<column name="ap_block_state1">or, 0, 0, 8, 1, 1</column>
</table>
</item>
<item name = "Multiplexer"><table name="" hasTotal="1">
<keys size="5">Name, LUT, Input Size, Bits, Total Bits</keys>
<column name="ap_NS_fsm">15, 3, 1, 3</column>
<column name="ap_done">9, 2, 1, 2</column>
<column name="img_data_stream_V_read">9, 2, 1, 2</column>
</table>
</item>
<item name = "Register"><table name="" hasTotal="1">
<keys size="5">Name, FF, LUT, Bits, Const Bits</keys>
<column name="ap_CS_fsm">2, 0, 2, 0</column>
<column name="ap_done_reg">1, 0, 1, 0</column>
<column name="ap_reg_grp_Mat2Array_fu_38_ap_start">1, 0, 1, 0</column>
</table>
</item>
</section>
</item>
</section>

<section name = "Interface" level="0">
<item name = "Summary"><table name="" hasTotal="0">
<keys size="6">RTL Ports, Dir, Bits, Protocol, Source Object, C Type</keys>
<column name="ap_clk">in, 1, ap_ctrl_hs, Mat2Array.1, return value</column>
<column name="ap_rst">in, 1, ap_ctrl_hs, Mat2Array.1, return value</column>
<column name="ap_start">in, 1, ap_ctrl_hs, Mat2Array.1, return value</column>
<column name="ap_done">out, 1, ap_ctrl_hs, Mat2Array.1, return value</column>
<column name="ap_continue">in, 1, ap_ctrl_hs, Mat2Array.1, return value</column>
<column name="ap_idle">out, 1, ap_ctrl_hs, Mat2Array.1, return value</column>
<column name="ap_ready">out, 1, ap_ctrl_hs, Mat2Array.1, return value</column>
<column name="img_data_stream_V_dout">in, 8, ap_fifo, img_data_stream_V, pointer</column>
<column name="img_data_stream_V_empty_n">in, 1, ap_fifo, img_data_stream_V, pointer</column>
<column name="img_data_stream_V_read">out, 1, ap_fifo, img_data_stream_V, pointer</column>
<column name="fb_Addr_A">out, 32, bram, fb, array</column>
<column name="fb_EN_A">out, 1, bram, fb, array</column>
<column name="fb_WEN_A">out, 1, bram, fb, array</column>
<column name="fb_Din_A">out, 8, bram, fb, array</column>
<column name="fb_Dout_A">in, 8, bram, fb, array</column>
</table>
</item>
</section>
</profile>
