<profile>

<section name = "Vivado HLS Report for 'Resize_opr_linear'" level="0">
<item name = "Date">Wed Mar  4 09:33:44 2020
</item>
<item name = "Version">2017.4 (Build 2086221 on Fri Dec 15 21:13:33 MST 2017)</item>
<item name = "Project">DVS_classication</item>
<item name = "Solution">solution1</item>
<item name = "Product family">zynq</item>
<item name = "Target device">xc7z020clg484-1</item>
</section>

<section name = "Performance Estimates" level="0">
<item name = "Timing (ns)">
<section name = "" level="1">
<item name = "Summary"><table name="" hasTotal="0">
<keys size="4">Clock, Target, Estimated, Uncertainty</keys>
<column name="ap_clk">10.00, 8.58, 1.25</column>
</table>
</item>
</section>
</item>
<item name = "Latency (clock cycles)">
<section name = "" level="1">
<item name = "Summary"><table name="" hasTotal="0">
<keys size="6">, min, max, min, max, Type</keys>
<column name="">951169, 951169, 951169, 951169, none</column>
</table>
</item>
<item name = "Detail">
<section name = "" level="1">
<item name = "Instance"><table name="" hasTotal="0">
<keys size="7">Instance, Module, min, max, min, max, Type</keys>
</table>
</item>
<item name = "Loop"><table name="" hasTotal="0">
<keys size="8">Loop Name, min, max, Latency, achieved, target, Count, Pipelined</keys>
<column name="- Loop 1">951120, 951120, 1321, -, -, 720, no</column>
<column name=" + Loop 1.1">1318, 1318, 40, 1, 1, 1280, yes</column>
</table>
</item>
</section>
</item>
</section>
</item>
</section>

<section name = "Utilization Estimates" level="0">
<item name = "Summary"><table name="" hasTotal="1">
<keys size="5">Name, BRAM_18K, DSP48E, FF, LUT</keys>
<column name="DSP">-, 4, -, -</column>
<column name="Expression">-, 18, 0, 2073</column>
<column name="FIFO">-, -, -, -</column>
<column name="Instance">-, -, 5632, 4121</column>
<column name="Memory">2, -, 0, 0</column>
<column name="Multiplexer">-, -, -, 427</column>
<column name="Register">0, -, 2748, 352</column>
<specialColumn name="Available">280, 220, 106400, 53200</specialColumn>
<specialColumn name="Utilization (%)">~0, 10, 7, 13</specialColumn>
</table>
</item>
<item name = "Detail">
<section name = "" level="1">
<item name = "Instance"><table name="" hasTotal="1">
<keys size="6">Instance, Module, BRAM_18K, DSP48E, FF, LUT</keys>
<column name="DVS_sdiv_43ns_27shbi_U32">DVS_sdiv_43ns_27shbi, 0, 0, 527, 319</column>
<column name="DVS_sdiv_44ns_27sg8j_U31">DVS_sdiv_44ns_27sg8j, 0, 0, 539, 326</column>
<column name="DVS_udiv_26ns_32sibs_U33">DVS_udiv_26ns_32sibs, 0, 0, 2283, 1738</column>
<column name="DVS_udiv_27ns_32sjbC_U34">DVS_udiv_27ns_32sjbC, 0, 0, 2283, 1738</column>
</table>
</item>
<item name = "DSP48"><table name="" hasTotal="0">
<keys size="3">Instance, Module, Expression</keys>
<column name="DVS_mul_mul_20s_8kbM_U35">DVS_mul_mul_20s_8kbM, i0 * i1</column>
<column name="DVS_mul_mul_20s_8kbM_U36">DVS_mul_mul_20s_8kbM, i0 * i1</column>
<column name="DVS_mul_mul_20s_8kbM_U37">DVS_mul_mul_20s_8kbM, i0 * i1</column>
<column name="DVS_mul_mul_20s_8kbM_U38">DVS_mul_mul_20s_8kbM, i0 * i1</column>
</table>
</item>
<item name = "Memory"><table name="" hasTotal="1">
<keys size="9">Memory, Module, BRAM_18K, FF, LUT, Words, Bits, Banks, W*Bits*Banks</keys>
<column name="k_buf_val_val_0_0_U">Resize_opr_lineareOg, 1, 0, 0, 1281, 8, 1, 10248</column>
<column name="k_buf_val_val_1_0_U">Resize_opr_linearfYi, 1, 0, 0, 1281, 8, 1, 10248</column>
</table>
</item>
<item name = "FIFO"><table name="" hasTotal="1">
<keys size="7">Name, BRAM_18K, FF, LUT, Depth, Bits, Size:D*B</keys>
</table>
</item>
<item name = "Expression"><table name="" hasTotal="1">
<keys size="7">Variable Name, Operation, DSP48E, FF, LUT, Bitwidth P0, Bitwidth P1</keys>
<column name="p_Val2_1_fu_800_p2">*, 3, 0, 20, 32, 12</column>
<column name="p_Val2_24_fu_1334_p2">*, 3, 0, 36, 28, 20</column>
<column name="p_Val2_4_fu_1346_p2">*, 3, 0, 36, 28, 20</column>
<column name="p_Val2_5_fu_1381_p2">*, 3, 0, 36, 28, 20</column>
<column name="p_Val2_6_fu_1390_p2">*, 3, 0, 36, 28, 20</column>
<column name="p_Val2_s_fu_787_p2">*, 3, 0, 20, 32, 11</column>
<column name="i_fu_681_p2">+, 0, 0, 17, 10, 1</column>
<column name="j_fu_731_p2">+, 0, 0, 18, 11, 1</column>
<column name="p_Val2_11_fu_586_p2">+, 0, 0, 40, 17, 33</column>
<column name="p_Val2_16_fu_539_p2">+, 0, 0, 27, 20, 20</column>
<column name="p_Val2_17_fu_614_p2">+, 0, 0, 27, 20, 20</column>
<column name="p_Val2_25_fu_1369_p2">+, 0, 0, 55, 48, 48</column>
<column name="p_Val2_26_fu_1423_p2">+, 0, 0, 57, 50, 50</column>
<column name="p_Val2_28_fu_1470_p2">+, 0, 0, 15, 8, 8</column>
<column name="p_Val2_2_fu_855_p2">+, 0, 0, 39, 32, 32</column>
<column name="p_Val2_3_fu_792_p2">+, 0, 0, 39, 32, 32</column>
<column name="p_Val2_51_cast_fu_1435_p2">+, 0, 0, 48, 48, 48</column>
<column name="p_Val2_7_fu_511_p2">+, 0, 0, 40, 17, 33</column>
<column name="ret_V_1_fu_887_p2">+, 0, 0, 23, 1, 16</column>
<column name="ret_V_3_fu_833_p2">+, 0, 0, 23, 1, 16</column>
<column name="tmp3_fu_1413_p2">+, 0, 0, 56, 49, 49</column>
<column name="tmp4_fu_1429_p2">+, 0, 0, 48, 48, 48</column>
<column name="tmp_12_fu_625_p2">+, 0, 0, 18, 1, 11</column>
<column name="tmp_18_fu_687_p2">+, 0, 0, 18, 11, 2</column>
<column name="tmp_26_fu_774_p2">+, 0, 0, 19, 12, 2</column>
<column name="tmp_40_fu_1090_p2">+, 0, 0, 19, 2, 12</column>
<column name="x_1_fu_1170_p2">+, 0, 0, 23, 16, 1</column>
<column name="p_neg1_fu_438_p2">-, 0, 0, 39, 1, 32</column>
<column name="p_neg_fu_454_p2">-, 0, 0, 39, 1, 32</column>
<column name="p_neg_t1_fu_480_p2">-, 0, 0, 39, 1, 32</column>
<column name="p_neg_t_fu_555_p2">-, 0, 0, 39, 1, 32</column>
<column name="r_V_3_fu_973_p2">-, 0, 0, 40, 33, 33</column>
<column name="r_V_4_fu_923_p2">-, 0, 0, 40, 33, 33</column>
<column name="u1_V_fu_1260_p2">-, 0, 0, 27, 19, 20</column>
<column name="v1_V_fu_1265_p2">-, 0, 0, 27, 19, 20</column>
<column name="ap_block_state85_pp0_stage0_iter34">and, 0, 0, 8, 1, 1</column>
<column name="ap_block_state90_pp0_stage0_iter39">and, 0, 0, 8, 1, 1</column>
<column name="ap_condition_2395">and, 0, 0, 8, 1, 1</column>
<column name="ap_condition_324">and, 0, 0, 8, 1, 1</column>
<column name="ap_condition_860">and, 0, 0, 8, 1, 1</column>
<column name="ap_condition_939">and, 0, 0, 8, 1, 1</column>
<column name="ap_predicate_op456_read_state85">and, 0, 0, 8, 1, 1</column>
<column name="brmerge_demorgan_fu_1181_p2">and, 0, 0, 8, 1, 1</column>
<column name="brmerge_i_i_not_i_i_fu_1562_p2">and, 0, 0, 8, 1, 1</column>
<column name="carry_fu_1518_p2">and, 0, 0, 8, 1, 1</column>
<column name="neg_src_fu_1541_p2">and, 0, 0, 8, 1, 1</column>
<column name="or_cond_fu_1164_p2">and, 0, 0, 8, 1, 1</column>
<column name="p_38_i_i_i_fu_1530_p2">and, 0, 0, 8, 1, 1</column>
<column name="sel_tmp5_fu_1032_p2">and, 0, 0, 8, 1, 1</column>
<column name="Range1_all_ones_fu_1486_p2">icmp, 0, 0, 9, 4, 2</column>
<column name="Range1_all_zeros_fu_1492_p2">icmp, 0, 0, 9, 4, 1</column>
<column name="col_wr_1_fu_764_p2">icmp, 0, 0, 13, 11, 1</column>
<column name="col_wr_fu_1099_p2">icmp, 0, 0, 13, 16, 16</column>
<column name="exitcond_fu_725_p2">icmp, 0, 0, 13, 11, 11</column>
<column name="not_1_fu_1012_p2">icmp, 0, 0, 13, 16, 16</column>
<column name="not_s_fu_1105_p2">icmp, 0, 0, 13, 16, 16</column>
<column name="row_wr_1_fu_1007_p2">icmp, 0, 0, 13, 16, 16</column>
<column name="row_wr_2_fu_703_p2">icmp, 0, 0, 13, 10, 1</column>
<column name="tmp_11_fu_620_p2">icmp, 0, 0, 13, 11, 10</column>
<column name="tmp_13_fu_638_p2">icmp, 0, 0, 18, 32, 17</column>
<column name="tmp_14_fu_643_p2">icmp, 0, 0, 18, 32, 17</column>
<column name="tmp_17_fu_676_p2">icmp, 0, 0, 13, 11, 11</column>
<column name="tmp_19_fu_697_p2">icmp, 0, 0, 13, 10, 1</column>
<column name="tmp_27_fu_881_p2">icmp, 0, 0, 13, 16, 1</column>
<column name="tmp_28_fu_827_p2">icmp, 0, 0, 13, 16, 1</column>
<column name="tmp_31_fu_979_p2">icmp, 0, 0, 21, 33, 1</column>
<column name="tmp_35_fu_929_p2">icmp, 0, 0, 21, 33, 1</column>
<column name="tmp_37_fu_989_p2">icmp, 0, 0, 13, 16, 11</column>
<column name="tmp_38_fu_939_p2">icmp, 0, 0, 13, 16, 10</column>
<column name="tmp_39_fu_758_p2">icmp, 0, 0, 13, 11, 1</column>
<column name="tmp_42_fu_1152_p2">icmp, 0, 0, 13, 16, 10</column>
<column name="tmp_43_fu_1158_p2">icmp, 0, 0, 13, 16, 11</column>
<column name="ap_block_pp0_stage0_01001">or, 0, 0, 8, 1, 1</column>
<column name="brmerge_i_i_fu_1574_p2">or, 0, 0, 8, 1, 1</column>
<column name="col_rd_2_fu_1130_p2">or, 0, 0, 8, 1, 1</column>
<column name="neg_src_not_i_i_fu_1556_p2">or, 0, 0, 8, 1, 1</column>
<column name="p_39_demorgan_i_i_i_fu_1546_p2">or, 0, 0, 8, 1, 1</column>
<column name="sel_tmp_fu_1064_p2">or, 0, 0, 8, 1, 1</column>
<column name="tmp1_fu_1058_p2">or, 0, 0, 8, 1, 1</column>
<column name="tmp2_fu_1125_p2">or, 0, 0, 8, 1, 1</column>
<column name="col_wr_2_fu_1135_p3">select, 0, 0, 2, 1, 1</column>
<column name="deleted_zeros_fu_1524_p3">select, 0, 0, 2, 1, 1</column>
<column name="p_6_fu_893_p3">select, 0, 0, 16, 1, 16</column>
<column name="p_7_fu_839_p3">select, 0, 0, 16, 1, 16</column>
<column name="p_dst_data_stream_V_din">select, 0, 0, 8, 1, 8</column>
<column name="p_i_i_fu_1587_p3">select, 0, 0, 8, 1, 1</column>
<column name="p_mux_i_i_fu_1580_p3">select, 0, 0, 8, 1, 8</column>
<column name="p_u_V_fu_1270_p3">select, 0, 0, 20, 1, 1</column>
<column name="pre_fx_1_fu_994_p3">select, 0, 0, 16, 1, 11</column>
<column name="pre_fx_2_fu_1051_p3">select, 0, 0, 16, 1, 5</column>
<column name="pre_fx_2_sx_fu_1111_p3">select, 0, 0, 16, 1, 5</column>
<column name="pre_fx_5_fu_1118_p3">select, 0, 0, 16, 1, 16</column>
<column name="pre_fy_1_sy_fu_1018_p3">select, 0, 0, 16, 1, 16</column>
<column name="pre_fy_5_fu_1044_p3">select, 0, 0, 16, 1, 16</column>
<column name="row_rd_5_fu_1069_p3">select, 0, 0, 2, 1, 1</column>
<column name="row_wr_3_fu_1083_p3">select, 0, 0, 2, 1, 1</column>
<column name="row_wr_4_fu_1076_p3">select, 0, 0, 2, 1, 1</column>
<column name="rows_fu_630_p3">select, 0, 0, 11, 1, 10</column>
<column name="sel_tmp6_fu_1036_p3">select, 0, 0, 16, 1, 16</column>
<column name="sx_fu_901_p3">select, 0, 0, 16, 1, 16</column>
<column name="sy_1_fu_1001_p3">select, 0, 0, 16, 1, 10</column>
<column name="sy_fu_847_p3">select, 0, 0, 16, 1, 16</column>
<column name="tmp_1_fu_499_p3">select, 0, 0, 32, 1, 32</column>
<column name="tmp_3_fu_574_p3">select, 0, 0, 32, 1, 32</column>
<column name="u_V_fu_1214_p3">select, 0, 0, 20, 1, 20</column>
<column name="v_V_2_fu_1228_p3">select, 0, 0, 20, 1, 20</column>
<column name="v_V_fu_1276_p3">select, 0, 0, 20, 1, 1</column>
<column name="x_2_fu_1025_p3">select, 0, 0, 16, 1, 1</column>
<column name="ap_enable_pp0">xor, 0, 0, 8, 1, 2</column>
<column name="p_39_demorgan_i_not_i_fu_1568_p2">xor, 0, 0, 8, 1, 2</column>
<column name="signbit_not_fu_1551_p2">xor, 0, 0, 8, 1, 2</column>
<column name="tmp_5_i_i_fu_1512_p2">xor, 0, 0, 8, 1, 2</column>
<column name="tmp_6_i_i_fu_1535_p2">xor, 0, 0, 8, 1, 2</column>
</table>
</item>
<item name = "Multiplexer"><table name="" hasTotal="1">
<keys size="5">Name, LUT, Input Size, Bits, Total Bits</keys>
<column name="ap_NS_fsm">229, 53, 1, 53</column>
<column name="ap_enable_reg_pp0_iter36">9, 2, 1, 2</column>
<column name="ap_enable_reg_pp0_iter39">9, 2, 1, 2</column>
<column name="ap_phi_mux_win_val_val_1_0_0_2_phi_fu_352_p10">15, 3, 8, 24</column>
<column name="ap_phi_reg_pp0_iter1_dy_reg_331">9, 2, 11, 22</column>
<column name="ap_phi_reg_pp0_iter30_dy_reg_331">9, 2, 11, 22</column>
<column name="ap_phi_reg_pp0_iter31_dx_reg_340">15, 3, 12, 36</column>
<column name="k_buf_val_val_0_0_address1">15, 3, 11, 33</column>
<column name="k_buf_val_val_0_0_d1">15, 3, 8, 24</column>
<column name="p_Val2_14_reg_309">9, 2, 10, 20</column>
<column name="p_Val2_15_reg_320">9, 2, 11, 22</column>
<column name="p_dst_data_stream_V_blk_n">9, 2, 1, 2</column>
<column name="p_src_data_stream_V_blk_n">9, 2, 1, 2</column>
<column name="pre_fx_fu_200">9, 2, 16, 32</column>
<column name="pre_fy_fu_204">9, 2, 16, 32</column>
<column name="row_rd_fu_196">9, 2, 1, 2</column>
<column name="row_wr_fu_192">9, 2, 1, 2</column>
<column name="win_val_0_val_1_0_fu_212">15, 3, 8, 24</column>
<column name="x_fu_208">15, 3, 16, 48</column>
</table>
</item>
<item name = "Register"><table name="" hasTotal="1">
<keys size="5">Name, FF, LUT, Bits, Const Bits</keys>
<column name="OP2_V_reg_2011">26, 0, 28, 2</column>
<column name="Range1_all_ones_reg_2081">1, 0, 1, 0</column>
<column name="Range1_all_zeros_reg_2087">1, 0, 1, 0</column>
<column name="ap_CS_fsm">52, 0, 52, 0</column>
<column name="ap_enable_reg_pp0_iter0">1, 0, 1, 0</column>
<column name="ap_enable_reg_pp0_iter1">1, 0, 1, 0</column>
<column name="ap_enable_reg_pp0_iter10">1, 0, 1, 0</column>
<column name="ap_enable_reg_pp0_iter11">1, 0, 1, 0</column>
<column name="ap_enable_reg_pp0_iter12">1, 0, 1, 0</column>
<column name="ap_enable_reg_pp0_iter13">1, 0, 1, 0</column>
<column name="ap_enable_reg_pp0_iter14">1, 0, 1, 0</column>
<column name="ap_enable_reg_pp0_iter15">1, 0, 1, 0</column>
<column name="ap_enable_reg_pp0_iter16">1, 0, 1, 0</column>
<column name="ap_enable_reg_pp0_iter17">1, 0, 1, 0</column>
<column name="ap_enable_reg_pp0_iter18">1, 0, 1, 0</column>
<column name="ap_enable_reg_pp0_iter19">1, 0, 1, 0</column>
<column name="ap_enable_reg_pp0_iter2">1, 0, 1, 0</column>
<column name="ap_enable_reg_pp0_iter20">1, 0, 1, 0</column>
<column name="ap_enable_reg_pp0_iter21">1, 0, 1, 0</column>
<column name="ap_enable_reg_pp0_iter22">1, 0, 1, 0</column>
<column name="ap_enable_reg_pp0_iter23">1, 0, 1, 0</column>
<column name="ap_enable_reg_pp0_iter24">1, 0, 1, 0</column>
<column name="ap_enable_reg_pp0_iter25">1, 0, 1, 0</column>
<column name="ap_enable_reg_pp0_iter26">1, 0, 1, 0</column>
<column name="ap_enable_reg_pp0_iter27">1, 0, 1, 0</column>
<column name="ap_enable_reg_pp0_iter28">1, 0, 1, 0</column>
<column name="ap_enable_reg_pp0_iter29">1, 0, 1, 0</column>
<column name="ap_enable_reg_pp0_iter3">1, 0, 1, 0</column>
<column name="ap_enable_reg_pp0_iter30">1, 0, 1, 0</column>
<column name="ap_enable_reg_pp0_iter31">1, 0, 1, 0</column>
<column name="ap_enable_reg_pp0_iter32">1, 0, 1, 0</column>
<column name="ap_enable_reg_pp0_iter33">1, 0, 1, 0</column>
<column name="ap_enable_reg_pp0_iter34">1, 0, 1, 0</column>
<column name="ap_enable_reg_pp0_iter35">1, 0, 1, 0</column>
<column name="ap_enable_reg_pp0_iter36">1, 0, 1, 0</column>
<column name="ap_enable_reg_pp0_iter37">1, 0, 1, 0</column>
<column name="ap_enable_reg_pp0_iter38">1, 0, 1, 0</column>
<column name="ap_enable_reg_pp0_iter39">1, 0, 1, 0</column>
<column name="ap_enable_reg_pp0_iter4">1, 0, 1, 0</column>
<column name="ap_enable_reg_pp0_iter5">1, 0, 1, 0</column>
<column name="ap_enable_reg_pp0_iter6">1, 0, 1, 0</column>
<column name="ap_enable_reg_pp0_iter7">1, 0, 1, 0</column>
<column name="ap_enable_reg_pp0_iter8">1, 0, 1, 0</column>
<column name="ap_enable_reg_pp0_iter9">1, 0, 1, 0</column>
<column name="ap_phi_reg_pp0_iter10_dx_reg_340">12, 0, 12, 0</column>
<column name="ap_phi_reg_pp0_iter10_dy_reg_331">11, 0, 11, 0</column>
<column name="ap_phi_reg_pp0_iter11_dx_reg_340">12, 0, 12, 0</column>
<column name="ap_phi_reg_pp0_iter11_dy_reg_331">11, 0, 11, 0</column>
<column name="ap_phi_reg_pp0_iter12_dx_reg_340">12, 0, 12, 0</column>
<column name="ap_phi_reg_pp0_iter12_dy_reg_331">11, 0, 11, 0</column>
<column name="ap_phi_reg_pp0_iter13_dx_reg_340">12, 0, 12, 0</column>
<column name="ap_phi_reg_pp0_iter13_dy_reg_331">11, 0, 11, 0</column>
<column name="ap_phi_reg_pp0_iter14_dx_reg_340">12, 0, 12, 0</column>
<column name="ap_phi_reg_pp0_iter14_dy_reg_331">11, 0, 11, 0</column>
<column name="ap_phi_reg_pp0_iter15_dx_reg_340">12, 0, 12, 0</column>
<column name="ap_phi_reg_pp0_iter15_dy_reg_331">11, 0, 11, 0</column>
<column name="ap_phi_reg_pp0_iter16_dx_reg_340">12, 0, 12, 0</column>
<column name="ap_phi_reg_pp0_iter16_dy_reg_331">11, 0, 11, 0</column>
<column name="ap_phi_reg_pp0_iter17_dx_reg_340">12, 0, 12, 0</column>
<column name="ap_phi_reg_pp0_iter17_dy_reg_331">11, 0, 11, 0</column>
<column name="ap_phi_reg_pp0_iter18_dx_reg_340">12, 0, 12, 0</column>
<column name="ap_phi_reg_pp0_iter18_dy_reg_331">11, 0, 11, 0</column>
<column name="ap_phi_reg_pp0_iter19_dx_reg_340">12, 0, 12, 0</column>
<column name="ap_phi_reg_pp0_iter19_dy_reg_331">11, 0, 11, 0</column>
<column name="ap_phi_reg_pp0_iter1_dx_reg_340">12, 0, 12, 0</column>
<column name="ap_phi_reg_pp0_iter1_dy_reg_331">11, 0, 11, 0</column>
<column name="ap_phi_reg_pp0_iter20_dx_reg_340">12, 0, 12, 0</column>
<column name="ap_phi_reg_pp0_iter20_dy_reg_331">11, 0, 11, 0</column>
<column name="ap_phi_reg_pp0_iter21_dx_reg_340">12, 0, 12, 0</column>
<column name="ap_phi_reg_pp0_iter21_dy_reg_331">11, 0, 11, 0</column>
<column name="ap_phi_reg_pp0_iter22_dx_reg_340">12, 0, 12, 0</column>
<column name="ap_phi_reg_pp0_iter22_dy_reg_331">11, 0, 11, 0</column>
<column name="ap_phi_reg_pp0_iter23_dx_reg_340">12, 0, 12, 0</column>
<column name="ap_phi_reg_pp0_iter23_dy_reg_331">11, 0, 11, 0</column>
<column name="ap_phi_reg_pp0_iter24_dx_reg_340">12, 0, 12, 0</column>
<column name="ap_phi_reg_pp0_iter24_dy_reg_331">11, 0, 11, 0</column>
<column name="ap_phi_reg_pp0_iter25_dx_reg_340">12, 0, 12, 0</column>
<column name="ap_phi_reg_pp0_iter25_dy_reg_331">11, 0, 11, 0</column>
<column name="ap_phi_reg_pp0_iter26_dx_reg_340">12, 0, 12, 0</column>
<column name="ap_phi_reg_pp0_iter26_dy_reg_331">11, 0, 11, 0</column>
<column name="ap_phi_reg_pp0_iter27_dx_reg_340">12, 0, 12, 0</column>
<column name="ap_phi_reg_pp0_iter27_dy_reg_331">11, 0, 11, 0</column>
<column name="ap_phi_reg_pp0_iter28_dx_reg_340">12, 0, 12, 0</column>
<column name="ap_phi_reg_pp0_iter28_dy_reg_331">11, 0, 11, 0</column>
<column name="ap_phi_reg_pp0_iter29_dx_reg_340">12, 0, 12, 0</column>
<column name="ap_phi_reg_pp0_iter29_dy_reg_331">11, 0, 11, 0</column>
<column name="ap_phi_reg_pp0_iter2_dx_reg_340">12, 0, 12, 0</column>
<column name="ap_phi_reg_pp0_iter2_dy_reg_331">11, 0, 11, 0</column>
<column name="ap_phi_reg_pp0_iter30_dx_reg_340">12, 0, 12, 0</column>
<column name="ap_phi_reg_pp0_iter30_dy_reg_331">11, 0, 11, 0</column>
<column name="ap_phi_reg_pp0_iter31_dx_reg_340">12, 0, 12, 0</column>
<column name="ap_phi_reg_pp0_iter3_dx_reg_340">12, 0, 12, 0</column>
<column name="ap_phi_reg_pp0_iter3_dy_reg_331">11, 0, 11, 0</column>
<column name="ap_phi_reg_pp0_iter4_dx_reg_340">12, 0, 12, 0</column>
<column name="ap_phi_reg_pp0_iter4_dy_reg_331">11, 0, 11, 0</column>
<column name="ap_phi_reg_pp0_iter5_dx_reg_340">12, 0, 12, 0</column>
<column name="ap_phi_reg_pp0_iter5_dy_reg_331">11, 0, 11, 0</column>
<column name="ap_phi_reg_pp0_iter6_dx_reg_340">12, 0, 12, 0</column>
<column name="ap_phi_reg_pp0_iter6_dy_reg_331">11, 0, 11, 0</column>
<column name="ap_phi_reg_pp0_iter7_dx_reg_340">12, 0, 12, 0</column>
<column name="ap_phi_reg_pp0_iter7_dy_reg_331">11, 0, 11, 0</column>
<column name="ap_phi_reg_pp0_iter8_dx_reg_340">12, 0, 12, 0</column>
<column name="ap_phi_reg_pp0_iter8_dy_reg_331">11, 0, 11, 0</column>
<column name="ap_phi_reg_pp0_iter9_dx_reg_340">12, 0, 12, 0</column>
<column name="ap_phi_reg_pp0_iter9_dy_reg_331">11, 0, 11, 0</column>
<column name="ap_reg_pp0_iter32_sy_reg_1877">16, 0, 16, 0</column>
<column name="ap_reg_pp0_iter33_tmp_35_reg_1896">1, 0, 1, 0</column>
<column name="ap_reg_pp0_iter33_tmp_60_reg_1901">18, 0, 18, 0</column>
<column name="ap_reg_pp0_iter34_tmp_37_reg_1922">1, 0, 1, 0</column>
<column name="ap_reg_pp0_iter36_v_V_reg_2006">18, 0, 20, 2</column>
<column name="brmerge_demorgan_reg_1964">1, 0, 1, 0</column>
<column name="col_rate_V_reg_1731">32, 0, 32, 0</column>
<column name="col_rd_2_reg_1931">1, 0, 1, 0</column>
<column name="col_wr_1_reg_1842">1, 0, 1, 0</column>
<column name="exitcond_reg_1816">1, 0, 1, 0</column>
<column name="i_op_assign_cast1_reg_1810">11, 0, 12, 1</column>
<column name="i_reg_1779">10, 0, 10, 0</column>
<column name="k_buf_val_val_0_0_ad_reg_1946">11, 0, 11, 0</column>
<column name="or_cond_reg_1960">1, 0, 1, 0</column>
<column name="p_Val2_14_reg_309">10, 0, 10, 0</column>
<column name="p_Val2_15_reg_320">11, 0, 11, 0</column>
<column name="p_Val2_1_reg_1872">32, 0, 32, 0</column>
<column name="p_Val2_24_reg_2026">45, 0, 47, 2</column>
<column name="p_Val2_25_reg_2046">46, 0, 48, 2</column>
<column name="p_Val2_28_reg_2074">8, 0, 8, 0</column>
<column name="p_Val2_2_reg_1884">32, 0, 32, 0</column>
<column name="p_Val2_3_reg_1867">32, 0, 32, 0</column>
<column name="p_Val2_4_reg_2031">45, 0, 47, 2</column>
<column name="p_Val2_51_cast_reg_2062">46, 0, 48, 2</column>
<column name="p_Val2_5_reg_2052">45, 0, 47, 2</column>
<column name="p_Val2_6_reg_2057">45, 0, 47, 2</column>
<column name="p_Val2_s_reg_1862">32, 0, 32, 0</column>
<column name="p_lshr1_reg_1738">31, 0, 31, 0</column>
<column name="p_lshr_reg_1743">31, 0, 31, 0</column>
<column name="p_u_V_reg_2000">18, 0, 20, 2</column>
<column name="pre_fx_fu_200">16, 0, 16, 0</column>
<column name="pre_fy_fu_204">16, 0, 16, 0</column>
<column name="r_V_7_reg_2021">28, 0, 28, 0</column>
<column name="r_V_8_reg_2036">28, 0, 28, 0</column>
<column name="r_V_9_reg_2041">28, 0, 28, 0</column>
<column name="r_V_reg_2016">28, 0, 28, 0</column>
<column name="row_rate_V_reg_1718">32, 0, 32, 0</column>
<column name="row_rd_5_reg_1927">1, 0, 1, 0</column>
<column name="row_rd_fu_196">1, 0, 1, 0</column>
<column name="row_wr_2_reg_1800">1, 0, 1, 0</column>
<column name="row_wr_fu_192">1, 0, 1, 0</column>
<column name="rows_reg_1748">11, 0, 11, 0</column>
<column name="signbit_reg_2067">1, 0, 1, 0</column>
<column name="sx_reg_1889">16, 0, 16, 0</column>
<column name="sy_reg_1877">16, 0, 16, 0</column>
<column name="tmp_13_reg_1753">1, 0, 1, 0</column>
<column name="tmp_14_reg_1758">1, 0, 1, 0</column>
<column name="tmp_18_reg_1784">11, 0, 11, 0</column>
<column name="tmp_19_reg_1794">1, 0, 1, 0</column>
<column name="tmp_31_reg_1912">1, 0, 1, 0</column>
<column name="tmp_35_reg_1896">1, 0, 1, 0</column>
<column name="tmp_37_reg_1922">1, 0, 1, 0</column>
<column name="tmp_38_reg_1906">1, 0, 1, 0</column>
<column name="tmp_39_reg_1830">1, 0, 1, 0</column>
<column name="tmp_41_reg_1935">64, 0, 64, 0</column>
<column name="tmp_42_reg_1952">1, 0, 1, 0</column>
<column name="tmp_43_cast_reg_1789">16, 0, 16, 0</column>
<column name="tmp_43_reg_1956">1, 0, 1, 0</column>
<column name="tmp_49_cast_reg_1805">10, 0, 32, 22</column>
<column name="tmp_59_cast_reg_1765">26, 0, 32, 6</column>
<column name="tmp_59_reg_1917">18, 0, 18, 0</column>
<column name="tmp_60_reg_1901">18, 0, 18, 0</column>
<column name="tmp_61_cast_reg_1770">26, 0, 32, 6</column>
<column name="tmp_67_reg_1990">8, 0, 8, 0</column>
<column name="tmp_6_reg_1712">43, 0, 43, 0</column>
<column name="tmp_7_reg_1725">44, 0, 44, 0</column>
<column name="tmp_fu_228">8, 0, 8, 0</column>
<column name="u_V_reg_1968">18, 0, 20, 2</column>
<column name="v1_V_reg_1995">18, 0, 20, 2</column>
<column name="v_V_2_reg_1974">18, 0, 20, 2</column>
<column name="v_V_reg_2006">18, 0, 20, 2</column>
<column name="win_val_0_val_1_0_1_fu_216">8, 0, 8, 0</column>
<column name="win_val_0_val_1_0_fu_212">8, 0, 8, 0</column>
<column name="win_val_1_val_0_0_reg_1985">8, 0, 8, 0</column>
<column name="win_val_1_val_1_0_1_fu_224">8, 0, 8, 0</column>
<column name="win_val_1_val_1_0_fu_220">8, 0, 8, 0</column>
<column name="x_fu_208">16, 0, 16, 0</column>
<column name="brmerge_demorgan_reg_1964">64, 32, 1, 0</column>
<column name="col_rd_2_reg_1931">64, 32, 1, 0</column>
<column name="col_wr_1_reg_1842">64, 32, 1, 0</column>
<column name="exitcond_reg_1816">64, 64, 1, 0</column>
<column name="i_op_assign_cast1_reg_1810">64, 32, 12, 1</column>
<column name="or_cond_reg_1960">64, 32, 1, 0</column>
<column name="row_rd_5_reg_1927">64, 32, 1, 0</column>
<column name="tmp_38_reg_1906">64, 32, 1, 0</column>
<column name="tmp_39_reg_1830">64, 32, 1, 0</column>
<column name="tmp_42_reg_1952">64, 32, 1, 0</column>
</table>
</item>
</section>
</item>
</section>

<section name = "Interface" level="0">
<item name = "Summary"><table name="" hasTotal="0">
<keys size="6">RTL Ports, Dir, Bits, Protocol, Source Object, C Type</keys>
<column name="ap_clk">in, 1, ap_ctrl_hs, Resize_opr_linear, return value</column>
<column name="ap_rst">in, 1, ap_ctrl_hs, Resize_opr_linear, return value</column>
<column name="ap_start">in, 1, ap_ctrl_hs, Resize_opr_linear, return value</column>
<column name="ap_done">out, 1, ap_ctrl_hs, Resize_opr_linear, return value</column>
<column name="ap_idle">out, 1, ap_ctrl_hs, Resize_opr_linear, return value</column>
<column name="ap_ready">out, 1, ap_ctrl_hs, Resize_opr_linear, return value</column>
<column name="p_src_data_stream_V_dout">in, 8, ap_fifo, p_src_data_stream_V, pointer</column>
<column name="p_src_data_stream_V_empty_n">in, 1, ap_fifo, p_src_data_stream_V, pointer</column>
<column name="p_src_data_stream_V_read">out, 1, ap_fifo, p_src_data_stream_V, pointer</column>
<column name="p_dst_rows_V_read">in, 11, ap_none, p_dst_rows_V_read, scalar</column>
<column name="p_dst_cols_V_read">in, 11, ap_none, p_dst_cols_V_read, scalar</column>
<column name="p_dst_data_stream_V_din">out, 8, ap_fifo, p_dst_data_stream_V, pointer</column>
<column name="p_dst_data_stream_V_full_n">in, 1, ap_fifo, p_dst_data_stream_V, pointer</column>
<column name="p_dst_data_stream_V_write">out, 1, ap_fifo, p_dst_data_stream_V, pointer</column>
</table>
</item>
</section>
</profile>
