<stg><name>Resize</name>


<trans_list>

<trans id="16" from="1" to="2">
<condition id="2">
<or_exp><and_exp></and_exp></or_exp>
</condition>
</trans>
</trans_list>



<state_list>

<state id="1" st_id="1">

<operation id="3" st_id="1" stage="1" lat="1">
<core>FIFO</core>
<MemPortIdVec></MemPortIdVec>
<condition id="0">
<or_exp><and_exp></and_exp></or_exp>
</condition>

<Node id="11" bw="11" op_0_bw="11" op_1_bw="11">
<![CDATA[
entry:4  %p_dst_rows_V_read = call i11 @_ssdm_op_Read.ap_fifo.i11P(i11* %p_dst_rows_V)

]]></Node>
<StgValue><ssdm name="p_dst_rows_V_read"/></StgValue>
</operation>

<operation id="4" st_id="1" stage="1" lat="1">
<core>FIFO</core>
<MemPortIdVec></MemPortIdVec>
<condition id="0">
<or_exp><and_exp></and_exp></or_exp>
</condition>

<Node id="12" bw="11" op_0_bw="11" op_1_bw="11">
<![CDATA[
entry:5  %p_dst_cols_V_read = call i11 @_ssdm_op_Read.ap_fifo.i11P(i11* %p_dst_cols_V)

]]></Node>
<StgValue><ssdm name="p_dst_cols_V_read"/></StgValue>
</operation>

<operation id="5" st_id="1" stage="1" lat="1">
<core>FIFO</core>
<MemPortIdVec></MemPortIdVec>
<condition id="0">
<or_exp><and_exp></and_exp></or_exp>
</condition>

<Node id="14" bw="0" op_0_bw="0" op_1_bw="11" op_2_bw="11">
<![CDATA[
entry:7  call void @_ssdm_op_Write.ap_fifo.i11P(i11* %p_dst_rows_V_out, i11 %p_dst_rows_V_read)

]]></Node>
<StgValue><ssdm name=""/></StgValue>
</operation>

<operation id="6" st_id="1" stage="1" lat="1">
<core>FIFO</core>
<MemPortIdVec></MemPortIdVec>
<condition id="0">
<or_exp><and_exp></and_exp></or_exp>
</condition>

<Node id="16" bw="0" op_0_bw="0" op_1_bw="11" op_2_bw="11">
<![CDATA[
entry:9  call void @_ssdm_op_Write.ap_fifo.i11P(i11* %p_dst_cols_V_out, i11 %p_dst_cols_V_read)

]]></Node>
<StgValue><ssdm name=""/></StgValue>
</operation>

<operation id="7" st_id="1" stage="2" lat="2">
<core></core>
<MemPortIdVec></MemPortIdVec>
<condition id="0">
<or_exp><and_exp></and_exp></or_exp>
</condition>

<Node id="17" bw="0" op_0_bw="0" op_1_bw="8" op_2_bw="11" op_3_bw="11" op_4_bw="8">
<![CDATA[
entry:10  call fastcc void @Resize_opr_linear(i8* %p_src_data_stream_V, i11 %p_dst_rows_V_read, i11 %p_dst_cols_V_read, i8* %p_dst_data_stream_V)

]]></Node>
<StgValue><ssdm name=""/></StgValue>
</operation>
</state>

<state id="2" st_id="2">

<operation id="8" st_id="2" stage="1" lat="1">
<core>NULL</core>
<MemPortIdVec></MemPortIdVec>
<condition id="1">
<or_exp><and_exp></and_exp></or_exp>
</condition>

<Node id="7" bw="0" op_0_bw="0" op_1_bw="8" op_2_bw="0" op_3_bw="32" op_4_bw="32" op_5_bw="0" op_6_bw="32" op_7_bw="32" op_8_bw="0" op_9_bw="0" op_10_bw="0" op_11_bw="32" op_12_bw="32" op_13_bw="32" op_14_bw="32" op_15_bw="0" op_16_bw="0">
<![CDATA[
entry:0  call void (...)* @_ssdm_op_SpecInterface(i8* %p_dst_data_stream_V, [8 x i8]* @ap_fifo_str, i32 0, i32 0, [1 x i8]* @p_str192, i32 0, i32 0, [1 x i8]* @p_str193, [1 x i8]* @p_str194, [1 x i8]* @p_str195, i32 2, i32 2, i32 16, i32 16, [1 x i8]* @p_str196, [1 x i8]* @p_str197)

]]></Node>
<StgValue><ssdm name=""/></StgValue>
</operation>

<operation id="9" st_id="2" stage="1" lat="1">
<core>NULL</core>
<MemPortIdVec></MemPortIdVec>
<condition id="1">
<or_exp><and_exp></and_exp></or_exp>
</condition>

<Node id="8" bw="0" op_0_bw="0" op_1_bw="8" op_2_bw="0" op_3_bw="32" op_4_bw="32" op_5_bw="0" op_6_bw="32" op_7_bw="32" op_8_bw="0" op_9_bw="0" op_10_bw="0" op_11_bw="32" op_12_bw="32" op_13_bw="32" op_14_bw="32" op_15_bw="0" op_16_bw="0">
<![CDATA[
entry:1  call void (...)* @_ssdm_op_SpecInterface(i8* %p_src_data_stream_V, [8 x i8]* @ap_fifo_str, i32 0, i32 0, [1 x i8]* @p_str185, i32 0, i32 0, [1 x i8]* @p_str186, [1 x i8]* @p_str187, [1 x i8]* @p_str188, i32 2, i32 2, i32 16, i32 16, [1 x i8]* @p_str189, [1 x i8]* @p_str190)

]]></Node>
<StgValue><ssdm name=""/></StgValue>
</operation>

<operation id="10" st_id="2" stage="1" lat="1">
<core>NULL</core>
<MemPortIdVec></MemPortIdVec>
<condition id="1">
<or_exp><and_exp></and_exp></or_exp>
</condition>

<Node id="9" bw="0" op_0_bw="0" op_1_bw="11" op_2_bw="0" op_3_bw="32" op_4_bw="32" op_5_bw="0" op_6_bw="32" op_7_bw="32" op_8_bw="0" op_9_bw="0" op_10_bw="0" op_11_bw="32" op_12_bw="32" op_13_bw="32" op_14_bw="32" op_15_bw="0" op_16_bw="0">
<![CDATA[
entry:2  call void (...)* @_ssdm_op_SpecInterface(i11* %p_dst_cols_V, [8 x i8]* @ap_fifo_str, i32 0, i32 0, [1 x i8]* @p_str345, i32 0, i32 0, [1 x i8]* @p_str346, [1 x i8]* @p_str347, [1 x i8]* @p_str348, i32 2, i32 2, i32 16, i32 16, [1 x i8]* @p_str349, [1 x i8]* @p_str350)

]]></Node>
<StgValue><ssdm name=""/></StgValue>
</operation>

<operation id="11" st_id="2" stage="1" lat="1">
<core>NULL</core>
<MemPortIdVec></MemPortIdVec>
<condition id="1">
<or_exp><and_exp></and_exp></or_exp>
</condition>

<Node id="10" bw="0" op_0_bw="0" op_1_bw="11" op_2_bw="0" op_3_bw="32" op_4_bw="32" op_5_bw="0" op_6_bw="32" op_7_bw="32" op_8_bw="0" op_9_bw="0" op_10_bw="0" op_11_bw="32" op_12_bw="32" op_13_bw="32" op_14_bw="32" op_15_bw="0" op_16_bw="0">
<![CDATA[
entry:3  call void (...)* @_ssdm_op_SpecInterface(i11* %p_dst_rows_V, [8 x i8]* @ap_fifo_str, i32 0, i32 0, [1 x i8]* @p_str339, i32 0, i32 0, [1 x i8]* @p_str340, [1 x i8]* @p_str341, [1 x i8]* @p_str342, i32 2, i32 2, i32 16, i32 16, [1 x i8]* @p_str343, [1 x i8]* @p_str344)

]]></Node>
<StgValue><ssdm name=""/></StgValue>
</operation>

<operation id="12" st_id="2" stage="1" lat="1">
<core>NULL</core>
<MemPortIdVec></MemPortIdVec>
<condition id="1">
<or_exp><and_exp></and_exp></or_exp>
</condition>

<Node id="13" bw="0" op_0_bw="0" op_1_bw="11" op_2_bw="0" op_3_bw="32" op_4_bw="32" op_5_bw="0" op_6_bw="32" op_7_bw="32" op_8_bw="0" op_9_bw="0" op_10_bw="0" op_11_bw="32" op_12_bw="32" op_13_bw="32" op_14_bw="32" op_15_bw="0" op_16_bw="0">
<![CDATA[
entry:6  call void (...)* @_ssdm_op_SpecInterface(i11* %p_dst_rows_V_out, [8 x i8]* @ap_fifo_str, i32 0, i32 0, [1 x i8]* @p_str351, i32 0, i32 0, [1 x i8]* @p_str352, [1 x i8]* @p_str353, [1 x i8]* @p_str354, i32 2, i32 2, i32 16, i32 16, [1 x i8]* @p_str355, [1 x i8]* @p_str356)

]]></Node>
<StgValue><ssdm name=""/></StgValue>
</operation>

<operation id="13" st_id="2" stage="1" lat="1">
<core>NULL</core>
<MemPortIdVec></MemPortIdVec>
<condition id="1">
<or_exp><and_exp></and_exp></or_exp>
</condition>

<Node id="15" bw="0" op_0_bw="0" op_1_bw="11" op_2_bw="0" op_3_bw="32" op_4_bw="32" op_5_bw="0" op_6_bw="32" op_7_bw="32" op_8_bw="0" op_9_bw="0" op_10_bw="0" op_11_bw="32" op_12_bw="32" op_13_bw="32" op_14_bw="32" op_15_bw="0" op_16_bw="0">
<![CDATA[
entry:8  call void (...)* @_ssdm_op_SpecInterface(i11* %p_dst_cols_V_out, [8 x i8]* @ap_fifo_str, i32 0, i32 0, [1 x i8]* @p_str357, i32 0, i32 0, [1 x i8]* @p_str358, [1 x i8]* @p_str359, [1 x i8]* @p_str360, i32 2, i32 2, i32 16, i32 16, [1 x i8]* @p_str361, [1 x i8]* @p_str362)

]]></Node>
<StgValue><ssdm name=""/></StgValue>
</operation>

<operation id="14" st_id="2" stage="1" lat="2">
<core></core>
<MemPortIdVec></MemPortIdVec>
<condition id="1">
<or_exp><and_exp></and_exp></or_exp>
</condition>

<Node id="17" bw="0" op_0_bw="0" op_1_bw="8" op_2_bw="11" op_3_bw="11" op_4_bw="8">
<![CDATA[
entry:10  call fastcc void @Resize_opr_linear(i8* %p_src_data_stream_V, i11 %p_dst_rows_V_read, i11 %p_dst_cols_V_read, i8* %p_dst_data_stream_V)

]]></Node>
<StgValue><ssdm name=""/></StgValue>
</operation>

<operation id="15" st_id="2" stage="1" lat="1">
<core>NULL</core>
<MemPortIdVec></MemPortIdVec>
<condition id="1">
<or_exp><and_exp></and_exp></or_exp>
</condition>

<Node id="18" bw="0">
<![CDATA[
entry:11  ret void

]]></Node>
<StgValue><ssdm name=""/></StgValue>
</operation>
</state>
</state_list>


<ports>
<port id="17" name="p_src_data_stream_V" dir="0" iftype="3">
<core>FIFO</core><StgValue><ssdm name="p_src_data_stream_V"/></StgValue>
</port>
<port id="18" name="p_dst_rows_V" dir="0" iftype="3">
<core>FIFO</core><StgValue><ssdm name="p_dst_rows_V"/></StgValue>
</port>
<port id="19" name="p_dst_cols_V" dir="0" iftype="3">
<core>FIFO</core><StgValue><ssdm name="p_dst_cols_V"/></StgValue>
</port>
<port id="20" name="p_dst_data_stream_V" dir="1" iftype="3">
<core>FIFO</core><StgValue><ssdm name="p_dst_data_stream_V"/></StgValue>
</port>
<port id="21" name="p_dst_rows_V_out" dir="1" iftype="3">
<core>FIFO</core><StgValue><ssdm name="p_dst_rows_V_out"/></StgValue>
</port>
<port id="22" name="p_dst_cols_V_out" dir="1" iftype="3">
<core>FIFO</core><StgValue><ssdm name="p_dst_cols_V_out"/></StgValue>
</port>
</ports>


<dataflows>
<dataflow id="24" from="_ssdm_op_Read.ap_fifo.i11P" to="p_dst_rows_V_read" fromId="23" toId="3">
</dataflow>
<dataflow id="25" from="p_dst_rows_V" to="p_dst_rows_V_read" fromId="18" toId="3">
</dataflow>
<dataflow id="26" from="_ssdm_op_Read.ap_fifo.i11P" to="p_dst_cols_V_read" fromId="23" toId="4">
</dataflow>
<dataflow id="27" from="p_dst_cols_V" to="p_dst_cols_V_read" fromId="19" toId="4">
</dataflow>
<dataflow id="29" from="_ssdm_op_Write.ap_fifo.i11P" to="StgValue_5" fromId="28" toId="5">
</dataflow>
<dataflow id="30" from="p_dst_rows_V_out" to="StgValue_5" fromId="21" toId="5">
</dataflow>
<dataflow id="31" from="p_dst_rows_V_read" to="StgValue_5" fromId="3" toId="5">
</dataflow>
<dataflow id="32" from="_ssdm_op_Write.ap_fifo.i11P" to="StgValue_6" fromId="28" toId="6">
</dataflow>
<dataflow id="33" from="p_dst_cols_V_out" to="StgValue_6" fromId="22" toId="6">
</dataflow>
<dataflow id="34" from="p_dst_cols_V_read" to="StgValue_6" fromId="4" toId="6">
</dataflow>
<dataflow id="36" from="Resize_opr_linear" to="StgValue_7" fromId="35" toId="7">
</dataflow>
<dataflow id="37" from="p_src_data_stream_V" to="StgValue_7" fromId="17" toId="7">
</dataflow>
<dataflow id="38" from="p_dst_rows_V_read" to="StgValue_7" fromId="3" toId="7">
</dataflow>
<dataflow id="39" from="p_dst_cols_V_read" to="StgValue_7" fromId="4" toId="7">
</dataflow>
<dataflow id="40" from="p_dst_data_stream_V" to="StgValue_7" fromId="20" toId="7">
</dataflow>
<dataflow id="42" from="_ssdm_op_SpecInterface" to="StgValue_8" fromId="41" toId="8">
</dataflow>
<dataflow id="43" from="p_dst_data_stream_V" to="StgValue_8" fromId="20" toId="8">
</dataflow>
<dataflow id="45" from="ap_fifo_str" to="StgValue_8" fromId="44" toId="8">
</dataflow>
<dataflow id="47" from="StgValue_46" to="StgValue_8" fromId="46" toId="8">
</dataflow>
<dataflow id="48" from="StgValue_46" to="StgValue_8" fromId="46" toId="8">
</dataflow>
<dataflow id="50" from="p_str192" to="StgValue_8" fromId="49" toId="8">
</dataflow>
<dataflow id="51" from="StgValue_46" to="StgValue_8" fromId="46" toId="8">
</dataflow>
<dataflow id="52" from="StgValue_46" to="StgValue_8" fromId="46" toId="8">
</dataflow>
<dataflow id="54" from="p_str193" to="StgValue_8" fromId="53" toId="8">
</dataflow>
<dataflow id="56" from="p_str194" to="StgValue_8" fromId="55" toId="8">
</dataflow>
<dataflow id="58" from="p_str195" to="StgValue_8" fromId="57" toId="8">
</dataflow>
<dataflow id="60" from="StgValue_59" to="StgValue_8" fromId="59" toId="8">
</dataflow>
<dataflow id="61" from="StgValue_59" to="StgValue_8" fromId="59" toId="8">
</dataflow>
<dataflow id="63" from="StgValue_62" to="StgValue_8" fromId="62" toId="8">
</dataflow>
<dataflow id="64" from="StgValue_62" to="StgValue_8" fromId="62" toId="8">
</dataflow>
<dataflow id="66" from="p_str196" to="StgValue_8" fromId="65" toId="8">
</dataflow>
<dataflow id="68" from="p_str197" to="StgValue_8" fromId="67" toId="8">
</dataflow>
<dataflow id="69" from="_ssdm_op_SpecInterface" to="StgValue_9" fromId="41" toId="9">
</dataflow>
<dataflow id="70" from="p_src_data_stream_V" to="StgValue_9" fromId="17" toId="9">
</dataflow>
<dataflow id="71" from="ap_fifo_str" to="StgValue_9" fromId="44" toId="9">
</dataflow>
<dataflow id="72" from="StgValue_46" to="StgValue_9" fromId="46" toId="9">
</dataflow>
<dataflow id="73" from="StgValue_46" to="StgValue_9" fromId="46" toId="9">
</dataflow>
<dataflow id="75" from="p_str185" to="StgValue_9" fromId="74" toId="9">
</dataflow>
<dataflow id="76" from="StgValue_46" to="StgValue_9" fromId="46" toId="9">
</dataflow>
<dataflow id="77" from="StgValue_46" to="StgValue_9" fromId="46" toId="9">
</dataflow>
<dataflow id="79" from="p_str186" to="StgValue_9" fromId="78" toId="9">
</dataflow>
<dataflow id="81" from="p_str187" to="StgValue_9" fromId="80" toId="9">
</dataflow>
<dataflow id="83" from="p_str188" to="StgValue_9" fromId="82" toId="9">
</dataflow>
<dataflow id="84" from="StgValue_59" to="StgValue_9" fromId="59" toId="9">
</dataflow>
<dataflow id="85" from="StgValue_59" to="StgValue_9" fromId="59" toId="9">
</dataflow>
<dataflow id="86" from="StgValue_62" to="StgValue_9" fromId="62" toId="9">
</dataflow>
<dataflow id="87" from="StgValue_62" to="StgValue_9" fromId="62" toId="9">
</dataflow>
<dataflow id="89" from="p_str189" to="StgValue_9" fromId="88" toId="9">
</dataflow>
<dataflow id="91" from="p_str190" to="StgValue_9" fromId="90" toId="9">
</dataflow>
<dataflow id="92" from="_ssdm_op_SpecInterface" to="StgValue_10" fromId="41" toId="10">
</dataflow>
<dataflow id="93" from="p_dst_cols_V" to="StgValue_10" fromId="19" toId="10">
</dataflow>
<dataflow id="94" from="ap_fifo_str" to="StgValue_10" fromId="44" toId="10">
</dataflow>
<dataflow id="95" from="StgValue_46" to="StgValue_10" fromId="46" toId="10">
</dataflow>
<dataflow id="96" from="StgValue_46" to="StgValue_10" fromId="46" toId="10">
</dataflow>
<dataflow id="98" from="p_str345" to="StgValue_10" fromId="97" toId="10">
</dataflow>
<dataflow id="99" from="StgValue_46" to="StgValue_10" fromId="46" toId="10">
</dataflow>
<dataflow id="100" from="StgValue_46" to="StgValue_10" fromId="46" toId="10">
</dataflow>
<dataflow id="102" from="p_str346" to="StgValue_10" fromId="101" toId="10">
</dataflow>
<dataflow id="104" from="p_str347" to="StgValue_10" fromId="103" toId="10">
</dataflow>
<dataflow id="106" from="p_str348" to="StgValue_10" fromId="105" toId="10">
</dataflow>
<dataflow id="107" from="StgValue_59" to="StgValue_10" fromId="59" toId="10">
</dataflow>
<dataflow id="108" from="StgValue_59" to="StgValue_10" fromId="59" toId="10">
</dataflow>
<dataflow id="109" from="StgValue_62" to="StgValue_10" fromId="62" toId="10">
</dataflow>
<dataflow id="110" from="StgValue_62" to="StgValue_10" fromId="62" toId="10">
</dataflow>
<dataflow id="112" from="p_str349" to="StgValue_10" fromId="111" toId="10">
</dataflow>
<dataflow id="114" from="p_str350" to="StgValue_10" fromId="113" toId="10">
</dataflow>
<dataflow id="115" from="_ssdm_op_SpecInterface" to="StgValue_11" fromId="41" toId="11">
</dataflow>
<dataflow id="116" from="p_dst_rows_V" to="StgValue_11" fromId="18" toId="11">
</dataflow>
<dataflow id="117" from="ap_fifo_str" to="StgValue_11" fromId="44" toId="11">
</dataflow>
<dataflow id="118" from="StgValue_46" to="StgValue_11" fromId="46" toId="11">
</dataflow>
<dataflow id="119" from="StgValue_46" to="StgValue_11" fromId="46" toId="11">
</dataflow>
<dataflow id="121" from="p_str339" to="StgValue_11" fromId="120" toId="11">
</dataflow>
<dataflow id="122" from="StgValue_46" to="StgValue_11" fromId="46" toId="11">
</dataflow>
<dataflow id="123" from="StgValue_46" to="StgValue_11" fromId="46" toId="11">
</dataflow>
<dataflow id="125" from="p_str340" to="StgValue_11" fromId="124" toId="11">
</dataflow>
<dataflow id="127" from="p_str341" to="StgValue_11" fromId="126" toId="11">
</dataflow>
<dataflow id="129" from="p_str342" to="StgValue_11" fromId="128" toId="11">
</dataflow>
<dataflow id="130" from="StgValue_59" to="StgValue_11" fromId="59" toId="11">
</dataflow>
<dataflow id="131" from="StgValue_59" to="StgValue_11" fromId="59" toId="11">
</dataflow>
<dataflow id="132" from="StgValue_62" to="StgValue_11" fromId="62" toId="11">
</dataflow>
<dataflow id="133" from="StgValue_62" to="StgValue_11" fromId="62" toId="11">
</dataflow>
<dataflow id="135" from="p_str343" to="StgValue_11" fromId="134" toId="11">
</dataflow>
<dataflow id="137" from="p_str344" to="StgValue_11" fromId="136" toId="11">
</dataflow>
<dataflow id="138" from="_ssdm_op_SpecInterface" to="StgValue_12" fromId="41" toId="12">
</dataflow>
<dataflow id="139" from="p_dst_rows_V_out" to="StgValue_12" fromId="21" toId="12">
</dataflow>
<dataflow id="140" from="ap_fifo_str" to="StgValue_12" fromId="44" toId="12">
</dataflow>
<dataflow id="141" from="StgValue_46" to="StgValue_12" fromId="46" toId="12">
</dataflow>
<dataflow id="142" from="StgValue_46" to="StgValue_12" fromId="46" toId="12">
</dataflow>
<dataflow id="144" from="p_str351" to="StgValue_12" fromId="143" toId="12">
</dataflow>
<dataflow id="145" from="StgValue_46" to="StgValue_12" fromId="46" toId="12">
</dataflow>
<dataflow id="146" from="StgValue_46" to="StgValue_12" fromId="46" toId="12">
</dataflow>
<dataflow id="148" from="p_str352" to="StgValue_12" fromId="147" toId="12">
</dataflow>
<dataflow id="150" from="p_str353" to="StgValue_12" fromId="149" toId="12">
</dataflow>
<dataflow id="152" from="p_str354" to="StgValue_12" fromId="151" toId="12">
</dataflow>
<dataflow id="153" from="StgValue_59" to="StgValue_12" fromId="59" toId="12">
</dataflow>
<dataflow id="154" from="StgValue_59" to="StgValue_12" fromId="59" toId="12">
</dataflow>
<dataflow id="155" from="StgValue_62" to="StgValue_12" fromId="62" toId="12">
</dataflow>
<dataflow id="156" from="StgValue_62" to="StgValue_12" fromId="62" toId="12">
</dataflow>
<dataflow id="158" from="p_str355" to="StgValue_12" fromId="157" toId="12">
</dataflow>
<dataflow id="160" from="p_str356" to="StgValue_12" fromId="159" toId="12">
</dataflow>
<dataflow id="161" from="_ssdm_op_SpecInterface" to="StgValue_13" fromId="41" toId="13">
</dataflow>
<dataflow id="162" from="p_dst_cols_V_out" to="StgValue_13" fromId="22" toId="13">
</dataflow>
<dataflow id="163" from="ap_fifo_str" to="StgValue_13" fromId="44" toId="13">
</dataflow>
<dataflow id="164" from="StgValue_46" to="StgValue_13" fromId="46" toId="13">
</dataflow>
<dataflow id="165" from="StgValue_46" to="StgValue_13" fromId="46" toId="13">
</dataflow>
<dataflow id="167" from="p_str357" to="StgValue_13" fromId="166" toId="13">
</dataflow>
<dataflow id="168" from="StgValue_46" to="StgValue_13" fromId="46" toId="13">
</dataflow>
<dataflow id="169" from="StgValue_46" to="StgValue_13" fromId="46" toId="13">
</dataflow>
<dataflow id="171" from="p_str358" to="StgValue_13" fromId="170" toId="13">
</dataflow>
<dataflow id="173" from="p_str359" to="StgValue_13" fromId="172" toId="13">
</dataflow>
<dataflow id="175" from="p_str360" to="StgValue_13" fromId="174" toId="13">
</dataflow>
<dataflow id="176" from="StgValue_59" to="StgValue_13" fromId="59" toId="13">
</dataflow>
<dataflow id="177" from="StgValue_59" to="StgValue_13" fromId="59" toId="13">
</dataflow>
<dataflow id="178" from="StgValue_62" to="StgValue_13" fromId="62" toId="13">
</dataflow>
<dataflow id="179" from="StgValue_62" to="StgValue_13" fromId="62" toId="13">
</dataflow>
<dataflow id="181" from="p_str361" to="StgValue_13" fromId="180" toId="13">
</dataflow>
<dataflow id="183" from="p_str362" to="StgValue_13" fromId="182" toId="13">
</dataflow>
<dataflow id="184" from="Resize_opr_linear" to="StgValue_14" fromId="35" toId="14">
</dataflow>
<dataflow id="185" from="p_src_data_stream_V" to="StgValue_14" fromId="17" toId="14">
</dataflow>
<dataflow id="186" from="p_dst_rows_V_read" to="StgValue_14" fromId="3" toId="14">
</dataflow>
<dataflow id="187" from="p_dst_cols_V_read" to="StgValue_14" fromId="4" toId="14">
</dataflow>
<dataflow id="188" from="p_dst_data_stream_V" to="StgValue_14" fromId="20" toId="14">
</dataflow>
</dataflows>


</stg>
