<profile>

<section name = "Vivado HLS Report for 'AXIvideo2Mat'" level="0">
<item name = "Date">Tue Apr 21 15:04:26 2020
</item>
<item name = "Version">2017.4 (Build 2086221 on Fri Dec 15 21:13:33 MST 2017)</item>
<item name = "Project">DVS</item>
<item name = "Solution">solution1</item>
<item name = "Product family">zynq</item>
<item name = "Target device">xc7z020clg484-1</item>
</section>

<section name = "Performance Estimates" level="0">
<item name = "Timing (ns)">
<section name = "" level="1">
<item name = "Summary"><table name="" hasTotal="0">
<keys size="4">Clock, Target, Estimated, Uncertainty</keys>
<column name="ap_clk">10.00, 7.27, 1.25</column>
</table>
</item>
</section>
</item>
<item name = "Latency (clock cycles)">
<section name = "" level="1">
<item name = "Summary"><table name="" hasTotal="0">
<keys size="6">, min, max, min, max, Type</keys>
<column name="">3, 926643, 3, 926643, none</column>
</table>
</item>
<item name = "Detail">
<section name = "" level="1">
<item name = "Instance"><table name="" hasTotal="0">
<keys size="7">Instance, Module, min, max, min, max, Type</keys>
</table>
</item>
<item name = "Loop"><table name="" hasTotal="0">
<keys size="8">Loop Name, min, max, Latency, achieved, target, Count, Pipelined</keys>
<column name="- loop_wait_for_start">0, 0, 1, 1, 1, 0, yes</column>
<column name="- loop_height">0, 926640, 7 ~ 1287, -, -, 0 ~ 720, no</column>
<column name=" + loop_width">1, 1281, 2, 1, 1, 0 ~ 1280, yes</column>
<column name=" + loop_wait_for_eol">1, 1, 2, 1, 1, 0, yes</column>
</table>
</item>
</section>
</item>
</section>
</item>
</section>

<section name = "Utilization Estimates" level="0">
<item name = "Summary"><table name="" hasTotal="1">
<keys size="5">Name, BRAM_18K, DSP48E, FF, LUT</keys>
<column name="DSP">-, -, -, -</column>
<column name="Expression">-, -, 0, 213</column>
<column name="FIFO">-, -, -, -</column>
<column name="Instance">-, -, -, -</column>
<column name="Memory">-, -, -, -</column>
<column name="Multiplexer">-, -, -, 377</column>
<column name="Register">-, -, 239, -</column>
<specialColumn name="Available">280, 220, 106400, 53200</specialColumn>
<specialColumn name="Utilization (%)">0, 0, ~0, 1</specialColumn>
</table>
</item>
<item name = "Detail">
<section name = "" level="1">
<item name = "Instance"><table name="" hasTotal="1">
<keys size="6">Instance, Module, BRAM_18K, DSP48E, FF, LUT</keys>
</table>
</item>
<item name = "DSP48"><table name="" hasTotal="0">
<keys size="3">Instance, Module, Expression</keys>
</table>
</item>
<item name = "Memory"><table name="" hasTotal="1">
<keys size="9">Memory, Module, BRAM_18K, FF, LUT, Words, Bits, Banks, W*Bits*Banks</keys>
</table>
</item>
<item name = "FIFO"><table name="" hasTotal="1">
<keys size="7">Name, BRAM_18K, FF, LUT, Depth, Bits, Size:D*B</keys>
</table>
</item>
<item name = "Expression"><table name="" hasTotal="1">
<keys size="7">Variable Name, Operation, DSP48E, FF, LUT, Bitwidth P0, Bitwidth P1</keys>
<column name="i_V_fu_425_p2">+, 0, 0, 17, 10, 1</column>
<column name="j_V_fu_440_p2">+, 0, 0, 18, 11, 1</column>
<column name="AXI_video_strm_V_data_V_0_load_A">and, 0, 0, 8, 1, 1</column>
<column name="AXI_video_strm_V_data_V_0_load_B">and, 0, 0, 8, 1, 1</column>
<column name="AXI_video_strm_V_last_V_0_load_A">and, 0, 0, 8, 1, 1</column>
<column name="AXI_video_strm_V_last_V_0_load_B">and, 0, 0, 8, 1, 1</column>
<column name="AXI_video_strm_V_user_V_0_load_A">and, 0, 0, 8, 1, 1</column>
<column name="AXI_video_strm_V_user_V_0_load_B">and, 0, 0, 8, 1, 1</column>
<column name="ap_block_pp1_stage0_01001">and, 0, 0, 8, 1, 1</column>
<column name="ap_block_pp2_stage0_11001">and, 0, 0, 8, 1, 1</column>
<column name="ap_block_state9_pp2_stage0_iter1">and, 0, 0, 8, 1, 1</column>
<column name="ap_condition_529">and, 0, 0, 8, 1, 1</column>
<column name="ap_predicate_op73_read_state6">and, 0, 0, 8, 1, 1</column>
<column name="AXI_video_strm_V_data_V_0_state_cmp_full">icmp, 0, 0, 8, 2, 1</column>
<column name="AXI_video_strm_V_last_V_0_state_cmp_full">icmp, 0, 0, 8, 2, 1</column>
<column name="AXI_video_strm_V_user_V_0_state_cmp_full">icmp, 0, 0, 8, 2, 1</column>
<column name="exitcond9_i_fu_420_p2">icmp, 0, 0, 13, 11, 11</column>
<column name="exitcond_i_fu_435_p2">icmp, 0, 0, 13, 12, 12</column>
<column name="ap_block_state1">or, 0, 0, 8, 1, 1</column>
<column name="ap_block_state6_pp1_stage0_iter1">or, 0, 0, 8, 1, 1</column>
<column name="brmerge_i_fu_449_p2">or, 0, 0, 8, 1, 1</column>
<column name="ap_enable_pp1">xor, 0, 0, 8, 1, 2</column>
<column name="ap_enable_pp2">xor, 0, 0, 8, 1, 2</column>
</table>
</item>
<item name = "Multiplexer"><table name="" hasTotal="1">
<keys size="5">Name, LUT, Input Size, Bits, Total Bits</keys>
<column name="AXI_video_strm_V_data_V_0_data_out">9, 2, 24, 48</column>
<column name="AXI_video_strm_V_data_V_0_state">15, 3, 2, 6</column>
<column name="AXI_video_strm_V_dest_V_0_state">15, 3, 2, 6</column>
<column name="AXI_video_strm_V_last_V_0_data_out">9, 2, 1, 2</column>
<column name="AXI_video_strm_V_last_V_0_state">15, 3, 2, 6</column>
<column name="AXI_video_strm_V_user_V_0_data_out">9, 2, 1, 2</column>
<column name="AXI_video_strm_V_user_V_0_state">15, 3, 2, 6</column>
<column name="INPUT_STREAM_TDATA_blk_n">9, 2, 1, 2</column>
<column name="ap_NS_fsm">44, 9, 1, 9</column>
<column name="ap_done">9, 2, 1, 2</column>
<column name="ap_enable_reg_pp1_iter1">9, 2, 1, 2</column>
<column name="ap_enable_reg_pp2_iter1">9, 2, 1, 2</column>
<column name="ap_phi_mux_axi_last_V_2_i_phi_fu_342_p4">15, 3, 1, 3</column>
<column name="ap_phi_mux_eol_2_i_phi_fu_365_p4">9, 2, 1, 2</column>
<column name="ap_phi_mux_eol_i_phi_fu_307_p4">9, 2, 1, 2</column>
<column name="ap_phi_mux_p_Val2_s_phi_fu_354_p4">15, 3, 24, 72</column>
<column name="axi_data_V1_i_reg_271">9, 2, 24, 48</column>
<column name="axi_data_V_1_i_reg_326">9, 2, 24, 48</column>
<column name="axi_data_V_3_i_reg_385">9, 2, 24, 48</column>
<column name="axi_last_V1_i_reg_261">9, 2, 1, 2</column>
<column name="axi_last_V_3_i_reg_373">9, 2, 1, 2</column>
<column name="eol_2_i_reg_362">9, 2, 1, 2</column>
<column name="eol_i_reg_303">9, 2, 1, 2</column>
<column name="eol_reg_315">9, 2, 1, 2</column>
<column name="img_cols_V_blk_n">9, 2, 1, 2</column>
<column name="img_cols_V_out_blk_n">9, 2, 1, 2</column>
<column name="img_data_stream_0_V_blk_n">9, 2, 1, 2</column>
<column name="img_data_stream_1_V_blk_n">9, 2, 1, 2</column>
<column name="img_data_stream_2_V_blk_n">9, 2, 1, 2</column>
<column name="img_rows_V_blk_n">9, 2, 1, 2</column>
<column name="img_rows_V_out_blk_n">9, 2, 1, 2</column>
<column name="real_start">9, 2, 1, 2</column>
<column name="t_V_7_reg_292">9, 2, 11, 22</column>
<column name="t_V_reg_281">9, 2, 10, 20</column>
</table>
</item>
<item name = "Register"><table name="" hasTotal="1">
<keys size="5">Name, FF, LUT, Bits, Const Bits</keys>
<column name="AXI_video_strm_V_data_V_0_payload_A">24, 0, 24, 0</column>
<column name="AXI_video_strm_V_data_V_0_payload_B">24, 0, 24, 0</column>
<column name="AXI_video_strm_V_data_V_0_sel_rd">1, 0, 1, 0</column>
<column name="AXI_video_strm_V_data_V_0_sel_wr">1, 0, 1, 0</column>
<column name="AXI_video_strm_V_data_V_0_state">2, 0, 2, 0</column>
<column name="AXI_video_strm_V_dest_V_0_state">2, 0, 2, 0</column>
<column name="AXI_video_strm_V_last_V_0_payload_A">1, 0, 1, 0</column>
<column name="AXI_video_strm_V_last_V_0_payload_B">1, 0, 1, 0</column>
<column name="AXI_video_strm_V_last_V_0_sel_rd">1, 0, 1, 0</column>
<column name="AXI_video_strm_V_last_V_0_sel_wr">1, 0, 1, 0</column>
<column name="AXI_video_strm_V_last_V_0_state">2, 0, 2, 0</column>
<column name="AXI_video_strm_V_user_V_0_payload_A">1, 0, 1, 0</column>
<column name="AXI_video_strm_V_user_V_0_payload_B">1, 0, 1, 0</column>
<column name="AXI_video_strm_V_user_V_0_sel_rd">1, 0, 1, 0</column>
<column name="AXI_video_strm_V_user_V_0_sel_wr">1, 0, 1, 0</column>
<column name="AXI_video_strm_V_user_V_0_state">2, 0, 2, 0</column>
<column name="ap_CS_fsm">8, 0, 8, 0</column>
<column name="ap_done_reg">1, 0, 1, 0</column>
<column name="ap_enable_reg_pp1_iter0">1, 0, 1, 0</column>
<column name="ap_enable_reg_pp1_iter1">1, 0, 1, 0</column>
<column name="ap_enable_reg_pp2_iter0">1, 0, 1, 0</column>
<column name="ap_enable_reg_pp2_iter1">1, 0, 1, 0</column>
<column name="axi_data_V1_i_reg_271">24, 0, 24, 0</column>
<column name="axi_data_V_1_i_reg_326">24, 0, 24, 0</column>
<column name="axi_data_V_3_i_reg_385">24, 0, 24, 0</column>
<column name="axi_last_V1_i_reg_261">1, 0, 1, 0</column>
<column name="axi_last_V_3_i_reg_373">1, 0, 1, 0</column>
<column name="brmerge_i_reg_535">1, 0, 1, 0</column>
<column name="eol_2_i_reg_362">1, 0, 1, 0</column>
<column name="eol_i_reg_303">1, 0, 1, 0</column>
<column name="eol_reg_315">1, 0, 1, 0</column>
<column name="exitcond_i_reg_526">1, 0, 1, 0</column>
<column name="i_V_reg_521">10, 0, 10, 0</column>
<column name="img_cols_V_read_reg_492">12, 0, 12, 0</column>
<column name="img_rows_V_read_reg_487">11, 0, 11, 0</column>
<column name="sof_1_i_fu_190">1, 0, 1, 0</column>
<column name="start_once_reg">1, 0, 1, 0</column>
<column name="t_V_7_reg_292">11, 0, 11, 0</column>
<column name="t_V_reg_281">10, 0, 10, 0</column>
<column name="tmp_data_V_reg_497">24, 0, 24, 0</column>
<column name="tmp_last_V_reg_505">1, 0, 1, 0</column>
</table>
</item>
</section>
</item>
</section>

<section name = "Interface" level="0">
<item name = "Summary"><table name="" hasTotal="0">
<keys size="6">RTL Ports, Dir, Bits, Protocol, Source Object, C Type</keys>
<column name="ap_clk">in, 1, ap_ctrl_hs, AXIvideo2Mat, return value</column>
<column name="ap_rst">in, 1, ap_ctrl_hs, AXIvideo2Mat, return value</column>
<column name="ap_start">in, 1, ap_ctrl_hs, AXIvideo2Mat, return value</column>
<column name="start_full_n">in, 1, ap_ctrl_hs, AXIvideo2Mat, return value</column>
<column name="ap_done">out, 1, ap_ctrl_hs, AXIvideo2Mat, return value</column>
<column name="ap_continue">in, 1, ap_ctrl_hs, AXIvideo2Mat, return value</column>
<column name="ap_idle">out, 1, ap_ctrl_hs, AXIvideo2Mat, return value</column>
<column name="ap_ready">out, 1, ap_ctrl_hs, AXIvideo2Mat, return value</column>
<column name="start_out">out, 1, ap_ctrl_hs, AXIvideo2Mat, return value</column>
<column name="start_write">out, 1, ap_ctrl_hs, AXIvideo2Mat, return value</column>
<column name="INPUT_STREAM_TDATA">in, 24, axis, AXI_video_strm_V_data_V, pointer</column>
<column name="INPUT_STREAM_TVALID">in, 1, axis, AXI_video_strm_V_dest_V, pointer</column>
<column name="INPUT_STREAM_TREADY">out, 1, axis, AXI_video_strm_V_dest_V, pointer</column>
<column name="INPUT_STREAM_TDEST">in, 1, axis, AXI_video_strm_V_dest_V, pointer</column>
<column name="INPUT_STREAM_TKEEP">in, 3, axis, AXI_video_strm_V_keep_V, pointer</column>
<column name="INPUT_STREAM_TSTRB">in, 3, axis, AXI_video_strm_V_strb_V, pointer</column>
<column name="INPUT_STREAM_TUSER">in, 1, axis, AXI_video_strm_V_user_V, pointer</column>
<column name="INPUT_STREAM_TLAST">in, 1, axis, AXI_video_strm_V_last_V, pointer</column>
<column name="INPUT_STREAM_TID">in, 1, axis, AXI_video_strm_V_id_V, pointer</column>
<column name="img_rows_V_dout">in, 11, ap_fifo, img_rows_V, pointer</column>
<column name="img_rows_V_empty_n">in, 1, ap_fifo, img_rows_V, pointer</column>
<column name="img_rows_V_read">out, 1, ap_fifo, img_rows_V, pointer</column>
<column name="img_cols_V_dout">in, 12, ap_fifo, img_cols_V, pointer</column>
<column name="img_cols_V_empty_n">in, 1, ap_fifo, img_cols_V, pointer</column>
<column name="img_cols_V_read">out, 1, ap_fifo, img_cols_V, pointer</column>
<column name="img_data_stream_0_V_din">out, 8, ap_fifo, img_data_stream_0_V, pointer</column>
<column name="img_data_stream_0_V_full_n">in, 1, ap_fifo, img_data_stream_0_V, pointer</column>
<column name="img_data_stream_0_V_write">out, 1, ap_fifo, img_data_stream_0_V, pointer</column>
<column name="img_data_stream_1_V_din">out, 8, ap_fifo, img_data_stream_1_V, pointer</column>
<column name="img_data_stream_1_V_full_n">in, 1, ap_fifo, img_data_stream_1_V, pointer</column>
<column name="img_data_stream_1_V_write">out, 1, ap_fifo, img_data_stream_1_V, pointer</column>
<column name="img_data_stream_2_V_din">out, 8, ap_fifo, img_data_stream_2_V, pointer</column>
<column name="img_data_stream_2_V_full_n">in, 1, ap_fifo, img_data_stream_2_V, pointer</column>
<column name="img_data_stream_2_V_write">out, 1, ap_fifo, img_data_stream_2_V, pointer</column>
<column name="img_rows_V_out_din">out, 11, ap_fifo, img_rows_V_out, pointer</column>
<column name="img_rows_V_out_full_n">in, 1, ap_fifo, img_rows_V_out, pointer</column>
<column name="img_rows_V_out_write">out, 1, ap_fifo, img_rows_V_out, pointer</column>
<column name="img_cols_V_out_din">out, 12, ap_fifo, img_cols_V_out, pointer</column>
<column name="img_cols_V_out_full_n">in, 1, ap_fifo, img_cols_V_out, pointer</column>
<column name="img_cols_V_out_write">out, 1, ap_fifo, img_cols_V_out, pointer</column>
</table>
</item>
</section>
</profile>
