<stg><name>CvtColor</name>


<trans_list>

<trans id="70" from="1" to="2">
<condition id="17">
<or_exp><and_exp></and_exp></or_exp>
</condition>
</trans>

<trans id="71" from="2" to="3">
<condition id="19">
<or_exp><and_exp><literal name="tmp_i" val="1"/>
</and_exp></or_exp>
</condition>
</trans>

<trans id="84" from="3" to="8">
<condition id="30">
<or_exp><and_exp><literal name="tmp_92_i" val="0"/>
</and_exp></or_exp>
</condition>
</trans>

<trans id="85" from="3" to="4">
<condition id="35">
<or_exp><and_exp><literal name="tmp_92_i" val="1"/>
</and_exp></or_exp>
</condition>
</trans>

<trans id="80" from="4" to="5">
<condition id="31">
<or_exp><and_exp></and_exp></or_exp>
</condition>
</trans>

<trans id="81" from="5" to="6">
<condition id="32">
<or_exp><and_exp></and_exp></or_exp>
</condition>
</trans>

<trans id="82" from="6" to="7">
<condition id="33">
<or_exp><and_exp></and_exp></or_exp>
</condition>
</trans>

<trans id="83" from="7" to="3">
<condition id="34">
<or_exp><and_exp></and_exp></or_exp>
</condition>
</trans>

<trans id="78" from="8" to="2">
<condition id="29">
<or_exp><and_exp></and_exp></or_exp>
</condition>
</trans>
</trans_list>



<state_list>

<state id="1" st_id="1">

<operation id="9" st_id="1" stage="1" lat="1">
<core>NULL</core>
<MemPortIdVec></MemPortIdVec>
<condition id="9">
<or_exp><and_exp></and_exp></or_exp>
</condition>

<Node id="7" bw="0" op_0_bw="0" op_1_bw="8" op_2_bw="0" op_3_bw="32" op_4_bw="32" op_5_bw="0" op_6_bw="32" op_7_bw="32" op_8_bw="0" op_9_bw="0" op_10_bw="0" op_11_bw="32" op_12_bw="32" op_13_bw="32" op_14_bw="32" op_15_bw="0" op_16_bw="0">
<![CDATA[
entry:0  call void (...)* @_ssdm_op_SpecInterface(i8* %p_dst_data_stream_V, [8 x i8]* @ap_fifo_str, i32 0, i32 0, [1 x i8]* @p_str185, i32 0, i32 0, [1 x i8]* @p_str186, [1 x i8]* @p_str187, [1 x i8]* @p_str188, i32 2, i32 2, i32 16, i32 16, [1 x i8]* @p_str189, [1 x i8]* @p_str190)

]]></Node>
<StgValue><ssdm name=""/></StgValue>
</operation>

<operation id="10" st_id="1" stage="1" lat="1">
<core>NULL</core>
<MemPortIdVec></MemPortIdVec>
<condition id="9">
<or_exp><and_exp></and_exp></or_exp>
</condition>

<Node id="8" bw="0" op_0_bw="0" op_1_bw="8" op_2_bw="0" op_3_bw="32" op_4_bw="32" op_5_bw="0" op_6_bw="32" op_7_bw="32" op_8_bw="0" op_9_bw="0" op_10_bw="0" op_11_bw="32" op_12_bw="32" op_13_bw="32" op_14_bw="32" op_15_bw="0" op_16_bw="0">
<![CDATA[
entry:1  call void (...)* @_ssdm_op_SpecInterface(i8* %p_src_data_stream_2_V, [8 x i8]* @ap_fifo_str, i32 0, i32 0, [1 x i8]* @p_str178, i32 0, i32 0, [1 x i8]* @p_str179, [1 x i8]* @p_str180, [1 x i8]* @p_str181, i32 2, i32 2, i32 16, i32 16, [1 x i8]* @p_str182, [1 x i8]* @p_str183)

]]></Node>
<StgValue><ssdm name=""/></StgValue>
</operation>

<operation id="11" st_id="1" stage="1" lat="1">
<core>NULL</core>
<MemPortIdVec></MemPortIdVec>
<condition id="9">
<or_exp><and_exp></and_exp></or_exp>
</condition>

<Node id="9" bw="0" op_0_bw="0" op_1_bw="8" op_2_bw="0" op_3_bw="32" op_4_bw="32" op_5_bw="0" op_6_bw="32" op_7_bw="32" op_8_bw="0" op_9_bw="0" op_10_bw="0" op_11_bw="32" op_12_bw="32" op_13_bw="32" op_14_bw="32" op_15_bw="0" op_16_bw="0">
<![CDATA[
entry:2  call void (...)* @_ssdm_op_SpecInterface(i8* %p_src_data_stream_1_V, [8 x i8]* @ap_fifo_str, i32 0, i32 0, [1 x i8]* @p_str171, i32 0, i32 0, [1 x i8]* @p_str172, [1 x i8]* @p_str173, [1 x i8]* @p_str174, i32 2, i32 2, i32 16, i32 16, [1 x i8]* @p_str175, [1 x i8]* @p_str176)

]]></Node>
<StgValue><ssdm name=""/></StgValue>
</operation>

<operation id="12" st_id="1" stage="1" lat="1">
<core>NULL</core>
<MemPortIdVec></MemPortIdVec>
<condition id="9">
<or_exp><and_exp></and_exp></or_exp>
</condition>

<Node id="10" bw="0" op_0_bw="0" op_1_bw="8" op_2_bw="0" op_3_bw="32" op_4_bw="32" op_5_bw="0" op_6_bw="32" op_7_bw="32" op_8_bw="0" op_9_bw="0" op_10_bw="0" op_11_bw="32" op_12_bw="32" op_13_bw="32" op_14_bw="32" op_15_bw="0" op_16_bw="0">
<![CDATA[
entry:3  call void (...)* @_ssdm_op_SpecInterface(i8* %p_src_data_stream_0_V, [8 x i8]* @ap_fifo_str, i32 0, i32 0, [1 x i8]* @p_str164, i32 0, i32 0, [1 x i8]* @p_str165, [1 x i8]* @p_str166, [1 x i8]* @p_str167, i32 2, i32 2, i32 16, i32 16, [1 x i8]* @p_str168, [1 x i8]* @p_str169)

]]></Node>
<StgValue><ssdm name=""/></StgValue>
</operation>

<operation id="13" st_id="1" stage="1" lat="1">
<core>NULL</core>
<MemPortIdVec></MemPortIdVec>
<condition id="9">
<or_exp><and_exp></and_exp></or_exp>
</condition>

<Node id="11" bw="0" op_0_bw="0" op_1_bw="11" op_2_bw="0" op_3_bw="32" op_4_bw="32" op_5_bw="0" op_6_bw="32" op_7_bw="32" op_8_bw="0" op_9_bw="0" op_10_bw="0" op_11_bw="32" op_12_bw="32" op_13_bw="32" op_14_bw="32" op_15_bw="0" op_16_bw="0">
<![CDATA[
entry:4  call void (...)* @_ssdm_op_SpecInterface(i11* %p_src_rows_V, [8 x i8]* @ap_fifo_str, i32 0, i32 0, [1 x i8]* @p_str326, i32 0, i32 0, [1 x i8]* @p_str327, [1 x i8]* @p_str328, [1 x i8]* @p_str329, i32 2, i32 2, i32 16, i32 16, [1 x i8]* @p_str330, [1 x i8]* @p_str331)

]]></Node>
<StgValue><ssdm name=""/></StgValue>
</operation>

<operation id="14" st_id="1" stage="1" lat="1">
<core>NULL</core>
<MemPortIdVec></MemPortIdVec>
<condition id="9">
<or_exp><and_exp></and_exp></or_exp>
</condition>

<Node id="12" bw="0" op_0_bw="0" op_1_bw="12" op_2_bw="0" op_3_bw="32" op_4_bw="32" op_5_bw="0" op_6_bw="32" op_7_bw="32" op_8_bw="0" op_9_bw="0" op_10_bw="0" op_11_bw="32" op_12_bw="32" op_13_bw="32" op_14_bw="32" op_15_bw="0" op_16_bw="0">
<![CDATA[
entry:5  call void (...)* @_ssdm_op_SpecInterface(i12* %p_src_cols_V, [8 x i8]* @ap_fifo_str, i32 0, i32 0, [1 x i8]* @p_str332, i32 0, i32 0, [1 x i8]* @p_str333, [1 x i8]* @p_str334, [1 x i8]* @p_str335, i32 2, i32 2, i32 16, i32 16, [1 x i8]* @p_str336, [1 x i8]* @p_str337)

]]></Node>
<StgValue><ssdm name=""/></StgValue>
</operation>

<operation id="15" st_id="1" stage="1" lat="1">
<core>FIFO</core>
<MemPortIdVec></MemPortIdVec>
<condition id="9">
<or_exp><and_exp></and_exp></or_exp>
</condition>

<Node id="13" bw="12" op_0_bw="12" op_1_bw="12">
<![CDATA[
entry:6  %p_src_cols_V_read = call i12 @_ssdm_op_Read.ap_fifo.i12P(i12* %p_src_cols_V)

]]></Node>
<StgValue><ssdm name="p_src_cols_V_read"/></StgValue>
</operation>

<operation id="16" st_id="1" stage="1" lat="1">
<core>FIFO</core>
<MemPortIdVec></MemPortIdVec>
<condition id="9">
<or_exp><and_exp></and_exp></or_exp>
</condition>

<Node id="14" bw="11" op_0_bw="11" op_1_bw="11">
<![CDATA[
entry:7  %p_src_rows_V_read = call i11 @_ssdm_op_Read.ap_fifo.i11P(i11* %p_src_rows_V)

]]></Node>
<StgValue><ssdm name="p_src_rows_V_read"/></StgValue>
</operation>

<operation id="17" st_id="1" stage="1" lat="1">
<core>NULL</core>
<MemPortIdVec></MemPortIdVec>
<condition id="9">
<or_exp><and_exp></and_exp></or_exp>
</condition>

<Node id="15" bw="0" op_0_bw="0">
<![CDATA[
entry:8  br label %0

]]></Node>
<StgValue><ssdm name=""/></StgValue>
</operation>
</state>

<state id="2" st_id="2">

<operation id="18" st_id="2" stage="1" lat="1">
<core>NULL</core>
<MemPortIdVec></MemPortIdVec>
<condition id="10">
<or_exp><and_exp></and_exp></or_exp>
</condition>

<Node id="17" bw="10" op_0_bw="10" op_1_bw="0">
<![CDATA[
:0  %i_i = phi i10 [ 0, %entry ], [ %i, %3 ]

]]></Node>
<StgValue><ssdm name="i_i"/></StgValue>
</operation>

<operation id="19" st_id="2" stage="1" lat="1">
<core>NULL</core>
<MemPortIdVec></MemPortIdVec>
<condition id="10">
<or_exp><and_exp></and_exp></or_exp>
</condition>

<Node id="18" bw="11" op_0_bw="10">
<![CDATA[
:1  %i_cast_cast_i = zext i10 %i_i to i11

]]></Node>
<StgValue><ssdm name="i_cast_cast_i"/></StgValue>
</operation>

<operation id="20" st_id="2" stage="1" lat="1">
<core>Cmp</core>
<MemPortIdVec></MemPortIdVec>
<condition id="10">
<or_exp><and_exp></and_exp></or_exp>
</condition>

<Node id="19" bw="1" op_0_bw="11" op_1_bw="11">
<![CDATA[
:2  %tmp_i = icmp slt i11 %i_cast_cast_i, %p_src_rows_V_read

]]></Node>
<StgValue><ssdm name="tmp_i"/></StgValue>
</operation>

<operation id="21" st_id="2" stage="1" lat="1">
<core>NULL</core>
<MemPortIdVec></MemPortIdVec>
<condition id="10">
<or_exp><and_exp></and_exp></or_exp>
</condition>

<Node id="20" bw="0" op_0_bw="0" op_1_bw="64" op_2_bw="64" op_3_bw="64">
<![CDATA[
:3  call void (...)* @_ssdm_op_SpecLoopTripCount(i64 0, i64 720, i64 0)

]]></Node>
<StgValue><ssdm name=""/></StgValue>
</operation>

<operation id="22" st_id="2" stage="1" lat="1">
<core>AddSub</core>
<MemPortIdVec></MemPortIdVec>
<condition id="10">
<or_exp><and_exp></and_exp></or_exp>
</condition>

<Node id="21" bw="10" op_0_bw="10" op_1_bw="10">
<![CDATA[
:4  %i = add i10 %i_i, 1

]]></Node>
<StgValue><ssdm name="i"/></StgValue>
</operation>

<operation id="23" st_id="2" stage="1" lat="1">
<core>NULL</core>
<MemPortIdVec></MemPortIdVec>
<condition id="10">
<or_exp><and_exp></and_exp></or_exp>
</condition>

<Node id="22" bw="0" op_0_bw="1" op_1_bw="0" op_2_bw="0">
<![CDATA[
:5  br i1 %tmp_i, label %1, label %.exit

]]></Node>
<StgValue><ssdm name=""/></StgValue>
</operation>

<operation id="24" st_id="2" stage="1" lat="1">
<core>NULL</core>
<MemPortIdVec></MemPortIdVec>
<condition id="12">
<or_exp><and_exp><literal name="tmp_i" val="1"/>
</and_exp></or_exp>
</condition>

<Node id="24" bw="0" op_0_bw="0" op_1_bw="0">
<![CDATA[
:0  call void (...)* @_ssdm_op_SpecLoopName([12 x i8]* @p_str11) nounwind

]]></Node>
<StgValue><ssdm name=""/></StgValue>
</operation>

<operation id="25" st_id="2" stage="1" lat="1">
<core>NULL</core>
<MemPortIdVec></MemPortIdVec>
<condition id="12">
<or_exp><and_exp><literal name="tmp_i" val="1"/>
</and_exp></or_exp>
</condition>

<Node id="25" bw="32" op_0_bw="32" op_1_bw="0">
<![CDATA[
:1  %tmp_i_115 = call i32 (...)* @_ssdm_op_SpecRegionBegin([12 x i8]* @p_str11)

]]></Node>
<StgValue><ssdm name="tmp_i_115"/></StgValue>
</operation>

<operation id="26" st_id="2" stage="1" lat="1">
<core>NULL</core>
<MemPortIdVec></MemPortIdVec>
<condition id="12">
<or_exp><and_exp><literal name="tmp_i" val="1"/>
</and_exp></or_exp>
</condition>

<Node id="26" bw="0" op_0_bw="0">
<![CDATA[
:2  br label %2

]]></Node>
<StgValue><ssdm name=""/></StgValue>
</operation>

<operation id="27" st_id="2" stage="1" lat="1">
<core>NULL</core>
<MemPortIdVec></MemPortIdVec>
<condition id="14">
<or_exp><and_exp><literal name="tmp_i" val="0"/>
</and_exp></or_exp>
</condition>

<Node id="73" bw="0">
<![CDATA[
.exit:0  ret void

]]></Node>
<StgValue><ssdm name=""/></StgValue>
</operation>
</state>

<state id="3" st_id="3">

<operation id="28" st_id="3" stage="1" lat="1">
<core>NULL</core>
<MemPortIdVec></MemPortIdVec>
<condition id="-1">
<or_exp><and_exp></and_exp></or_exp>
</condition>

<Node id="28" bw="11" op_0_bw="11" op_1_bw="0">
<![CDATA[
:0  %j_i = phi i11 [ 0, %1 ], [ %j, %"operator>>.exit.i_ifconv" ]

]]></Node>
<StgValue><ssdm name="j_i"/></StgValue>
</operation>

<operation id="29" st_id="3" stage="1" lat="1">
<core>NULL</core>
<MemPortIdVec></MemPortIdVec>
<condition id="-1">
<or_exp><and_exp></and_exp></or_exp>
</condition>

<Node id="29" bw="12" op_0_bw="11">
<![CDATA[
:1  %j_cast_cast_i = zext i11 %j_i to i12

]]></Node>
<StgValue><ssdm name="j_cast_cast_i"/></StgValue>
</operation>

<operation id="30" st_id="3" stage="1" lat="1">
<core>Cmp</core>
<MemPortIdVec></MemPortIdVec>
<condition id="-1">
<or_exp><and_exp></and_exp></or_exp>
</condition>

<Node id="30" bw="1" op_0_bw="12" op_1_bw="12">
<![CDATA[
:2  %tmp_92_i = icmp slt i12 %j_cast_cast_i, %p_src_cols_V_read

]]></Node>
<StgValue><ssdm name="tmp_92_i"/></StgValue>
</operation>

<operation id="31" st_id="3" stage="1" lat="1">
<core>NULL</core>
<MemPortIdVec></MemPortIdVec>
<condition id="-1">
<or_exp><and_exp></and_exp></or_exp>
</condition>

<Node id="31" bw="0" op_0_bw="0" op_1_bw="64" op_2_bw="64" op_3_bw="64">
<![CDATA[
:3  call void (...)* @_ssdm_op_SpecLoopTripCount(i64 0, i64 1280, i64 0)

]]></Node>
<StgValue><ssdm name=""/></StgValue>
</operation>

<operation id="32" st_id="3" stage="1" lat="1">
<core>AddSub</core>
<MemPortIdVec></MemPortIdVec>
<condition id="-1">
<or_exp><and_exp></and_exp></or_exp>
</condition>

<Node id="32" bw="11" op_0_bw="11" op_1_bw="11">
<![CDATA[
:4  %j = add i11 %j_i, 1

]]></Node>
<StgValue><ssdm name="j"/></StgValue>
</operation>

<operation id="33" st_id="3" stage="1" lat="1">
<core>NULL</core>
<MemPortIdVec></MemPortIdVec>
<condition id="-1">
<or_exp><and_exp></and_exp></or_exp>
</condition>

<Node id="33" bw="0" op_0_bw="1" op_1_bw="0" op_2_bw="0">
<![CDATA[
:5  br i1 %tmp_92_i, label %"operator>>.exit.i_ifconv", label %3

]]></Node>
<StgValue><ssdm name=""/></StgValue>
</operation>
</state>

<state id="4" st_id="4">

<operation id="34" st_id="4" stage="1" lat="1">
<core>NULL</core>
<MemPortIdVec></MemPortIdVec>
<condition id="0">
<or_exp><and_exp><literal name="tmp_92_i" val="1"/>
</and_exp></or_exp>
</condition>

<Node id="38" bw="32" op_0_bw="32" op_1_bw="0">
<![CDATA[
operator>>.exit.i_ifconv:3  %tmp_105_i = call i32 (...)* @_ssdm_op_SpecRegionBegin([12 x i8]* @p_str51)

]]></Node>
<StgValue><ssdm name="tmp_105_i"/></StgValue>
</operation>

<operation id="35" st_id="4" stage="1" lat="1">
<core>NULL</core>
<MemPortIdVec></MemPortIdVec>
<condition id="0">
<or_exp><and_exp><literal name="tmp_92_i" val="1"/>
</and_exp></or_exp>
</condition>

<Node id="39" bw="0" op_0_bw="0" op_1_bw="32" op_2_bw="0">
<![CDATA[
operator>>.exit.i_ifconv:4  call void (...)* @_ssdm_op_SpecProtocol(i32 0, [1 x i8]* @p_str3) nounwind

]]></Node>
<StgValue><ssdm name=""/></StgValue>
</operation>

<operation id="36" st_id="4" stage="1" lat="1">
<core>FIFO</core>
<MemPortIdVec></MemPortIdVec>
<condition id="0">
<or_exp><and_exp><literal name="tmp_92_i" val="1"/>
</and_exp></or_exp>
</condition>

<Node id="40" bw="8" op_0_bw="8" op_1_bw="8">
<![CDATA[
operator>>.exit.i_ifconv:5  %tmp_74 = call i8 @_ssdm_op_Read.ap_fifo.volatile.i8P(i8* %p_src_data_stream_0_V)

]]></Node>
<StgValue><ssdm name="tmp_74"/></StgValue>
</operation>

<operation id="37" st_id="4" stage="1" lat="1">
<core>FIFO</core>
<MemPortIdVec></MemPortIdVec>
<condition id="0">
<or_exp><and_exp><literal name="tmp_92_i" val="1"/>
</and_exp></or_exp>
</condition>

<Node id="41" bw="8" op_0_bw="8" op_1_bw="8">
<![CDATA[
operator>>.exit.i_ifconv:6  %tmp_75 = call i8 @_ssdm_op_Read.ap_fifo.volatile.i8P(i8* %p_src_data_stream_1_V)

]]></Node>
<StgValue><ssdm name="tmp_75"/></StgValue>
</operation>

<operation id="38" st_id="4" stage="1" lat="1">
<core>FIFO</core>
<MemPortIdVec></MemPortIdVec>
<condition id="0">
<or_exp><and_exp><literal name="tmp_92_i" val="1"/>
</and_exp></or_exp>
</condition>

<Node id="42" bw="8" op_0_bw="8" op_1_bw="8">
<![CDATA[
operator>>.exit.i_ifconv:7  %tmp_76 = call i8 @_ssdm_op_Read.ap_fifo.volatile.i8P(i8* %p_src_data_stream_2_V)

]]></Node>
<StgValue><ssdm name="tmp_76"/></StgValue>
</operation>

<operation id="39" st_id="4" stage="1" lat="1">
<core>NULL</core>
<MemPortIdVec></MemPortIdVec>
<condition id="0">
<or_exp><and_exp><literal name="tmp_92_i" val="1"/>
</and_exp></or_exp>
</condition>

<Node id="43" bw="32" op_0_bw="32" op_1_bw="0" op_2_bw="32">
<![CDATA[
operator>>.exit.i_ifconv:8  %empty = call i32 (...)* @_ssdm_op_SpecRegionEnd([12 x i8]* @p_str51, i32 %tmp_105_i)

]]></Node>
<StgValue><ssdm name="empty"/></StgValue>
</operation>
</state>

<state id="5" st_id="5">

<operation id="40" st_id="5" stage="1" lat="1">
<core>NULL</core>
<MemPortIdVec></MemPortIdVec>
<condition id="0">
<or_exp><and_exp><literal name="tmp_92_i" val="1"/>
</and_exp></or_exp>
</condition>

<Node id="44" bw="29" op_0_bw="8">
<![CDATA[
operator>>.exit.i_ifconv:9  %OP2_V_i_cast_i = zext i8 %tmp_74 to i29

]]></Node>
<StgValue><ssdm name="OP2_V_i_cast_i"/></StgValue>
</operation>

<operation id="41" st_id="5" stage="1" lat="1">
<core>DSP48</core>
<MemPortIdVec></MemPortIdVec>
<condition id="0">
<or_exp><and_exp><literal name="tmp_92_i" val="1"/>
</and_exp></or_exp>
</condition>

<Node id="45" bw="29" op_0_bw="29" op_1_bw="29">
<![CDATA[
operator>>.exit.i_ifconv:10  %r_V_i_i = mul i29 %OP2_V_i_cast_i, 1254096

]]></Node>
<StgValue><ssdm name="r_V_i_i"/></StgValue>
</operation>
</state>

<state id="6" st_id="6">

<operation id="42" st_id="6" stage="1" lat="1">
<core>NULL</core>
<MemPortIdVec></MemPortIdVec>
<condition id="0">
<or_exp><and_exp><literal name="tmp_92_i" val="1"/>
</and_exp></or_exp>
</condition>

<Node id="46" bw="30" op_0_bw="8">
<![CDATA[
operator>>.exit.i_ifconv:11  %OP2_V_1_i_cast_i = zext i8 %tmp_75 to i30

]]></Node>
<StgValue><ssdm name="OP2_V_1_i_cast_i"/></StgValue>
</operation>

<operation id="43" st_id="6" stage="1" lat="1">
<core>DSP48</core>
<MemPortIdVec></MemPortIdVec>
<condition id="0">
<or_exp><and_exp><literal name="tmp_92_i" val="1"/>
</and_exp></or_exp>
</condition>

<Node id="47" bw="30" op_0_bw="30" op_1_bw="30">
<![CDATA[
operator>>.exit.i_ifconv:12  %r_V_3_i_i = mul i30 %OP2_V_1_i_cast_i, 2462056

]]></Node>
<StgValue><ssdm name="r_V_3_i_i"/></StgValue>
</operation>

<operation id="44" st_id="6" stage="1" lat="1">
<core>NULL</core>
<MemPortIdVec></MemPortIdVec>
<condition id="0">
<or_exp><and_exp><literal name="tmp_92_i" val="1"/>
</and_exp></or_exp>
</condition>

<Node id="48" bw="28" op_0_bw="8">
<![CDATA[
operator>>.exit.i_ifconv:13  %OP2_V_2_i_cast_i = zext i8 %tmp_76 to i28

]]></Node>
<StgValue><ssdm name="OP2_V_2_i_cast_i"/></StgValue>
</operation>

<operation id="45" st_id="6" stage="1" lat="1">
<core>DSP48</core>
<MemPortIdVec></MemPortIdVec>
<condition id="0">
<or_exp><and_exp><literal name="tmp_92_i" val="1"/>
</and_exp></or_exp>
</condition>

<Node id="49" bw="28" op_0_bw="28" op_1_bw="28">
<![CDATA[
operator>>.exit.i_ifconv:14  %r_V = mul i28 %OP2_V_2_i_cast_i, 478150

]]></Node>
<StgValue><ssdm name="r_V"/></StgValue>
</operation>

<operation id="46" st_id="6" stage="1" lat="1">
<core>NULL</core>
<MemPortIdVec></MemPortIdVec>
<condition id="0">
<or_exp><and_exp><literal name="tmp_92_i" val="1"/>
</and_exp></or_exp>
</condition>

<Node id="50" bw="29" op_0_bw="28">
<![CDATA[
operator>>.exit.i_ifconv:15  %tmp_2_i_cast_i = zext i28 %r_V to i29

]]></Node>
<StgValue><ssdm name="tmp_2_i_cast_i"/></StgValue>
</operation>

<operation id="47" st_id="6" stage="1" lat="1">
<core>DSP48</core>
<MemPortIdVec></MemPortIdVec>
<condition id="0">
<or_exp><and_exp><literal name="tmp_92_i" val="1"/>
</and_exp></or_exp>
</condition>

<Node id="51" bw="29" op_0_bw="29" op_1_bw="29">
<![CDATA[
operator>>.exit.i_ifconv:16  %p_Val2_30 = add i29 %r_V_i_i, %tmp_2_i_cast_i

]]></Node>
<StgValue><ssdm name="p_Val2_30"/></StgValue>
</operation>

<operation id="48" st_id="6" stage="1" lat="1">
<core>NULL</core>
<MemPortIdVec></MemPortIdVec>
<condition id="0">
<or_exp><and_exp><literal name="tmp_92_i" val="1"/>
</and_exp></or_exp>
</condition>

<Node id="52" bw="30" op_0_bw="29">
<![CDATA[
operator>>.exit.i_ifconv:17  %tmp_7_i_cast_i = zext i29 %p_Val2_30 to i30

]]></Node>
<StgValue><ssdm name="tmp_7_i_cast_i"/></StgValue>
</operation>

<operation id="49" st_id="6" stage="1" lat="1">
<core>DSP48</core>
<MemPortIdVec></MemPortIdVec>
<condition id="0">
<or_exp><and_exp><literal name="tmp_92_i" val="1"/>
</and_exp></or_exp>
</condition>

<Node id="53" bw="30" op_0_bw="30" op_1_bw="30">
<![CDATA[
operator>>.exit.i_ifconv:18  %r_V_5 = add i30 %r_V_3_i_i, %tmp_7_i_cast_i

]]></Node>
<StgValue><ssdm name="r_V_5"/></StgValue>
</operation>

<operation id="50" st_id="6" stage="1" lat="1">
<core>NULL</core>
<MemPortIdVec></MemPortIdVec>
<condition id="0">
<or_exp><and_exp><literal name="tmp_92_i" val="1"/>
</and_exp></or_exp>
</condition>

<Node id="54" bw="8" op_0_bw="8" op_1_bw="30" op_2_bw="32" op_3_bw="32">
<![CDATA[
operator>>.exit.i_ifconv:19  %p_Val2_32 = call i8 @_ssdm_op_PartSelect.i8.i30.i32.i32(i30 %r_V_5, i32 22, i32 29)

]]></Node>
<StgValue><ssdm name="p_Val2_32"/></StgValue>
</operation>

<operation id="51" st_id="6" stage="1" lat="1">
<core>NULL</core>
<MemPortIdVec></MemPortIdVec>
<condition id="0">
<or_exp><and_exp><literal name="tmp_92_i" val="1"/>
</and_exp></or_exp>
</condition>

<Node id="55" bw="1" op_0_bw="1" op_1_bw="30" op_2_bw="32">
<![CDATA[
operator>>.exit.i_ifconv:20  %tmp = call i1 @_ssdm_op_BitSelect.i1.i30.i32(i30 %r_V_5, i32 21)

]]></Node>
<StgValue><ssdm name="tmp"/></StgValue>
</operation>
</state>

<state id="7" st_id="7">

<operation id="52" st_id="7" stage="1" lat="1">
<core>NULL</core>
<MemPortIdVec></MemPortIdVec>
<condition id="0">
<or_exp><and_exp><literal name="tmp_92_i" val="1"/>
</and_exp></or_exp>
</condition>

<Node id="35" bw="0" op_0_bw="0" op_1_bw="0">
<![CDATA[
operator>>.exit.i_ifconv:0  call void (...)* @_ssdm_op_SpecLoopName([11 x i8]* @p_str12) nounwind

]]></Node>
<StgValue><ssdm name=""/></StgValue>
</operation>

<operation id="53" st_id="7" stage="1" lat="1">
<core>NULL</core>
<MemPortIdVec></MemPortIdVec>
<condition id="0">
<or_exp><and_exp><literal name="tmp_92_i" val="1"/>
</and_exp></or_exp>
</condition>

<Node id="36" bw="32" op_0_bw="32" op_1_bw="0">
<![CDATA[
operator>>.exit.i_ifconv:1  %tmp_104_i = call i32 (...)* @_ssdm_op_SpecRegionBegin([11 x i8]* @p_str12)

]]></Node>
<StgValue><ssdm name="tmp_104_i"/></StgValue>
</operation>

<operation id="54" st_id="7" stage="1" lat="1">
<core>NULL</core>
<MemPortIdVec></MemPortIdVec>
<condition id="0">
<or_exp><and_exp><literal name="tmp_92_i" val="1"/>
</and_exp></or_exp>
</condition>

<Node id="37" bw="0" op_0_bw="0" op_1_bw="32" op_2_bw="32" op_3_bw="32" op_4_bw="32" op_5_bw="0">
<![CDATA[
operator>>.exit.i_ifconv:2  call void (...)* @_ssdm_op_SpecPipeline(i32 -1, i32 1, i32 1, i32 0, [1 x i8]* @p_str3) nounwind

]]></Node>
<StgValue><ssdm name=""/></StgValue>
</operation>

<operation id="55" st_id="7" stage="1" lat="1">
<core>NULL</core>
<MemPortIdVec></MemPortIdVec>
<condition id="0">
<or_exp><and_exp><literal name="tmp_92_i" val="1"/>
</and_exp></or_exp>
</condition>

<Node id="56" bw="8" op_0_bw="1">
<![CDATA[
operator>>.exit.i_ifconv:21  %tmp_3_i_i_i_i = zext i1 %tmp to i8

]]></Node>
<StgValue><ssdm name="tmp_3_i_i_i_i"/></StgValue>
</operation>

<operation id="56" st_id="7" stage="1" lat="1">
<core>NULL</core>
<MemPortIdVec></MemPortIdVec>
<condition id="0">
<or_exp><and_exp><literal name="tmp_92_i" val="1"/>
</and_exp></or_exp>
</condition>

<Node id="57" bw="1" op_0_bw="1" op_1_bw="30" op_2_bw="32">
<![CDATA[
operator>>.exit.i_ifconv:22  %tmp_71 = call i1 @_ssdm_op_BitSelect.i1.i30.i32(i30 %r_V_5, i32 29)

]]></Node>
<StgValue><ssdm name="tmp_71"/></StgValue>
</operation>

<operation id="57" st_id="7" stage="1" lat="1">
<core>AddSub</core>
<MemPortIdVec></MemPortIdVec>
<condition id="0">
<or_exp><and_exp><literal name="tmp_92_i" val="1"/>
</and_exp></or_exp>
</condition>

<Node id="58" bw="8" op_0_bw="8" op_1_bw="8">
<![CDATA[
operator>>.exit.i_ifconv:23  %p_Val2_33 = add i8 %p_Val2_32, %tmp_3_i_i_i_i

]]></Node>
<StgValue><ssdm name="p_Val2_33"/></StgValue>
</operation>

<operation id="58" st_id="7" stage="1" lat="1">
<core>NULL</core>
<MemPortIdVec></MemPortIdVec>
<condition id="0">
<or_exp><and_exp><literal name="tmp_92_i" val="1"/>
</and_exp></or_exp>
</condition>

<Node id="59" bw="1" op_0_bw="1" op_1_bw="8" op_2_bw="32">
<![CDATA[
operator>>.exit.i_ifconv:24  %tmp_72 = call i1 @_ssdm_op_BitSelect.i1.i8.i32(i8 %p_Val2_33, i32 7)

]]></Node>
<StgValue><ssdm name="tmp_72"/></StgValue>
</operation>

<operation id="59" st_id="7" stage="1" lat="1">
<core>LogicGate</core>
<MemPortIdVec></MemPortIdVec>
<condition id="0">
<or_exp><and_exp><literal name="tmp_92_i" val="1"/>
</and_exp></or_exp>
</condition>

<Node id="60" bw="1" op_0_bw="1" op_1_bw="1">
<![CDATA[
operator>>.exit.i_ifconv:25  %p_Result_4_i_i_i_i_1 = xor i1 %tmp_71, true

]]></Node>
<StgValue><ssdm name="p_Result_4_i_i_i_i_1"/></StgValue>
</operation>

<operation id="60" st_id="7" stage="1" lat="1">
<core>LogicGate</core>
<MemPortIdVec></MemPortIdVec>
<condition id="0">
<or_exp><and_exp><literal name="tmp_92_i" val="1"/>
</and_exp></or_exp>
</condition>

<Node id="61" bw="1" op_0_bw="1" op_1_bw="1">
<![CDATA[
operator>>.exit.i_ifconv:26  %not_carry = or i1 %tmp_72, %p_Result_4_i_i_i_i_1

]]></Node>
<StgValue><ssdm name="not_carry"/></StgValue>
</operation>

<operation id="61" st_id="7" stage="1" lat="1">
<core>Sel</core>
<MemPortIdVec></MemPortIdVec>
<condition id="0">
<or_exp><and_exp><literal name="tmp_92_i" val="1"/>
</and_exp></or_exp>
</condition>

<Node id="62" bw="8" op_0_bw="1" op_1_bw="8" op_2_bw="8">
<![CDATA[
operator>>.exit.i_ifconv:27  %p_Val2_s = select i1 %not_carry, i8 %p_Val2_33, i8 -1

]]></Node>
<StgValue><ssdm name="p_Val2_s"/></StgValue>
</operation>

<operation id="62" st_id="7" stage="1" lat="1">
<core>NULL</core>
<MemPortIdVec></MemPortIdVec>
<condition id="0">
<or_exp><and_exp><literal name="tmp_92_i" val="1"/>
</and_exp></or_exp>
</condition>

<Node id="63" bw="32" op_0_bw="32" op_1_bw="0">
<![CDATA[
operator>>.exit.i_ifconv:28  %tmp_106_i = call i32 (...)* @_ssdm_op_SpecRegionBegin([12 x i8]* @p_str49)

]]></Node>
<StgValue><ssdm name="tmp_106_i"/></StgValue>
</operation>

<operation id="63" st_id="7" stage="1" lat="1">
<core>NULL</core>
<MemPortIdVec></MemPortIdVec>
<condition id="0">
<or_exp><and_exp><literal name="tmp_92_i" val="1"/>
</and_exp></or_exp>
</condition>

<Node id="64" bw="0" op_0_bw="0" op_1_bw="32" op_2_bw="0">
<![CDATA[
operator>>.exit.i_ifconv:29  call void (...)* @_ssdm_op_SpecProtocol(i32 0, [1 x i8]* @p_str3) nounwind

]]></Node>
<StgValue><ssdm name=""/></StgValue>
</operation>

<operation id="64" st_id="7" stage="1" lat="1">
<core>FIFO</core>
<MemPortIdVec></MemPortIdVec>
<condition id="0">
<or_exp><and_exp><literal name="tmp_92_i" val="1"/>
</and_exp></or_exp>
</condition>

<Node id="65" bw="0" op_0_bw="0" op_1_bw="8" op_2_bw="8">
<![CDATA[
operator>>.exit.i_ifconv:30  call void @_ssdm_op_Write.ap_fifo.volatile.i8P(i8* %p_dst_data_stream_V, i8 %p_Val2_s)

]]></Node>
<StgValue><ssdm name=""/></StgValue>
</operation>

<operation id="65" st_id="7" stage="1" lat="1">
<core>NULL</core>
<MemPortIdVec></MemPortIdVec>
<condition id="0">
<or_exp><and_exp><literal name="tmp_92_i" val="1"/>
</and_exp></or_exp>
</condition>

<Node id="66" bw="32" op_0_bw="32" op_1_bw="0" op_2_bw="32">
<![CDATA[
operator>>.exit.i_ifconv:31  %empty_116 = call i32 (...)* @_ssdm_op_SpecRegionEnd([12 x i8]* @p_str49, i32 %tmp_106_i)

]]></Node>
<StgValue><ssdm name="empty_116"/></StgValue>
</operation>

<operation id="66" st_id="7" stage="1" lat="1">
<core>NULL</core>
<MemPortIdVec></MemPortIdVec>
<condition id="0">
<or_exp><and_exp><literal name="tmp_92_i" val="1"/>
</and_exp></or_exp>
</condition>

<Node id="67" bw="32" op_0_bw="32" op_1_bw="0" op_2_bw="32">
<![CDATA[
operator>>.exit.i_ifconv:32  %empty_117 = call i32 (...)* @_ssdm_op_SpecRegionEnd([11 x i8]* @p_str12, i32 %tmp_104_i)

]]></Node>
<StgValue><ssdm name="empty_117"/></StgValue>
</operation>

<operation id="67" st_id="7" stage="1" lat="1">
<core>NULL</core>
<MemPortIdVec></MemPortIdVec>
<condition id="0">
<or_exp><and_exp><literal name="tmp_92_i" val="1"/>
</and_exp></or_exp>
</condition>

<Node id="68" bw="0" op_0_bw="0">
<![CDATA[
operator>>.exit.i_ifconv:33  br label %2

]]></Node>
<StgValue><ssdm name=""/></StgValue>
</operation>
</state>

<state id="8" st_id="8">

<operation id="68" st_id="8" stage="1" lat="1">
<core>NULL</core>
<MemPortIdVec></MemPortIdVec>
<condition id="15">
<or_exp><and_exp></and_exp></or_exp>
</condition>

<Node id="70" bw="32" op_0_bw="32" op_1_bw="0" op_2_bw="32">
<![CDATA[
:0  %empty_118 = call i32 (...)* @_ssdm_op_SpecRegionEnd([12 x i8]* @p_str11, i32 %tmp_i_115)

]]></Node>
<StgValue><ssdm name="empty_118"/></StgValue>
</operation>

<operation id="69" st_id="8" stage="1" lat="1">
<core>NULL</core>
<MemPortIdVec></MemPortIdVec>
<condition id="15">
<or_exp><and_exp></and_exp></or_exp>
</condition>

<Node id="71" bw="0" op_0_bw="0">
<![CDATA[
:1  br label %0

]]></Node>
<StgValue><ssdm name=""/></StgValue>
</operation>
</state>
</state_list>


<ports>
</ports>


<dataflows>
</dataflows>


</stg>
