<stg><name>CvtColor</name>


<trans_list>

<trans id="70" from="1" to="2">
<condition id="17">
<or_exp><and_exp></and_exp></or_exp>
</condition>
</trans>

<trans id="71" from="2" to="3">
<condition id="19">
<or_exp><and_exp><literal name="tmp_i" val="1"/>
</and_exp></or_exp>
</condition>
</trans>

<trans id="84" from="3" to="8">
<condition id="30">
<or_exp><and_exp><literal name="tmp_92_i" val="0"/>
</and_exp></or_exp>
</condition>
</trans>

<trans id="85" from="3" to="4">
<condition id="35">
<or_exp><and_exp><literal name="tmp_92_i" val="1"/>
</and_exp></or_exp>
</condition>
</trans>

<trans id="80" from="4" to="5">
<condition id="31">
<or_exp><and_exp></and_exp></or_exp>
</condition>
</trans>

<trans id="81" from="5" to="6">
<condition id="32">
<or_exp><and_exp></and_exp></or_exp>
</condition>
</trans>

<trans id="82" from="6" to="7">
<condition id="33">
<or_exp><and_exp></and_exp></or_exp>
</condition>
</trans>

<trans id="83" from="7" to="3">
<condition id="34">
<or_exp><and_exp></and_exp></or_exp>
</condition>
</trans>

<trans id="78" from="8" to="2">
<condition id="29">
<or_exp><and_exp></and_exp></or_exp>
</condition>
</trans>
</trans_list>



<state_list>

<state id="1" st_id="1">

<operation id="9" st_id="1" stage="1" lat="1">
<core>NULL</core>
<MemPortIdVec></MemPortIdVec>
<condition id="9">
<or_exp><and_exp></and_exp></or_exp>
</condition>

<Node id="7" bw="0" op_0_bw="0" op_1_bw="8" op_2_bw="0" op_3_bw="32" op_4_bw="32" op_5_bw="0" op_6_bw="32" op_7_bw="32" op_8_bw="0" op_9_bw="0" op_10_bw="0" op_11_bw="32" op_12_bw="32" op_13_bw="32" op_14_bw="32" op_15_bw="0" op_16_bw="0">
<![CDATA[
entry:0  call void (...)* @_ssdm_op_SpecInterface(i8* %p_dst_data_stream_V, [8 x i8]* @ap_fifo_str, i32 0, i32 0, [1 x i8]* @p_str185, i32 0, i32 0, [1 x i8]* @p_str186, [1 x i8]* @p_str187, [1 x i8]* @p_str188, i32 2, i32 2, i32 16, i32 16, [1 x i8]* @p_str189, [1 x i8]* @p_str190)

]]></Node>
<StgValue><ssdm name=""/></StgValue>
</operation>

<operation id="10" st_id="1" stage="1" lat="1">
<core>NULL</core>
<MemPortIdVec></MemPortIdVec>
<condition id="9">
<or_exp><and_exp></and_exp></or_exp>
</condition>

<Node id="8" bw="0" op_0_bw="0" op_1_bw="8" op_2_bw="0" op_3_bw="32" op_4_bw="32" op_5_bw="0" op_6_bw="32" op_7_bw="32" op_8_bw="0" op_9_bw="0" op_10_bw="0" op_11_bw="32" op_12_bw="32" op_13_bw="32" op_14_bw="32" op_15_bw="0" op_16_bw="0">
<![CDATA[
entry:1  call void (...)* @_ssdm_op_SpecInterface(i8* %p_src_data_stream_2_V, [8 x i8]* @ap_fifo_str, i32 0, i32 0, [1 x i8]* @p_str178, i32 0, i32 0, [1 x i8]* @p_str179, [1 x i8]* @p_str180, [1 x i8]* @p_str181, i32 2, i32 2, i32 16, i32 16, [1 x i8]* @p_str182, [1 x i8]* @p_str183)

]]></Node>
<StgValue><ssdm name=""/></StgValue>
</operation>

<operation id="11" st_id="1" stage="1" lat="1">
<core>NULL</core>
<MemPortIdVec></MemPortIdVec>
<condition id="9">
<or_exp><and_exp></and_exp></or_exp>
</condition>

<Node id="9" bw="0" op_0_bw="0" op_1_bw="8" op_2_bw="0" op_3_bw="32" op_4_bw="32" op_5_bw="0" op_6_bw="32" op_7_bw="32" op_8_bw="0" op_9_bw="0" op_10_bw="0" op_11_bw="32" op_12_bw="32" op_13_bw="32" op_14_bw="32" op_15_bw="0" op_16_bw="0">
<![CDATA[
entry:2  call void (...)* @_ssdm_op_SpecInterface(i8* %p_src_data_stream_1_V, [8 x i8]* @ap_fifo_str, i32 0, i32 0, [1 x i8]* @p_str171, i32 0, i32 0, [1 x i8]* @p_str172, [1 x i8]* @p_str173, [1 x i8]* @p_str174, i32 2, i32 2, i32 16, i32 16, [1 x i8]* @p_str175, [1 x i8]* @p_str176)

]]></Node>
<StgValue><ssdm name=""/></StgValue>
</operation>

<operation id="12" st_id="1" stage="1" lat="1">
<core>NULL</core>
<MemPortIdVec></MemPortIdVec>
<condition id="9">
<or_exp><and_exp></and_exp></or_exp>
</condition>

<Node id="10" bw="0" op_0_bw="0" op_1_bw="8" op_2_bw="0" op_3_bw="32" op_4_bw="32" op_5_bw="0" op_6_bw="32" op_7_bw="32" op_8_bw="0" op_9_bw="0" op_10_bw="0" op_11_bw="32" op_12_bw="32" op_13_bw="32" op_14_bw="32" op_15_bw="0" op_16_bw="0">
<![CDATA[
entry:3  call void (...)* @_ssdm_op_SpecInterface(i8* %p_src_data_stream_0_V, [8 x i8]* @ap_fifo_str, i32 0, i32 0, [1 x i8]* @p_str164, i32 0, i32 0, [1 x i8]* @p_str165, [1 x i8]* @p_str166, [1 x i8]* @p_str167, i32 2, i32 2, i32 16, i32 16, [1 x i8]* @p_str168, [1 x i8]* @p_str169)

]]></Node>
<StgValue><ssdm name=""/></StgValue>
</operation>

<operation id="13" st_id="1" stage="1" lat="1">
<core>NULL</core>
<MemPortIdVec></MemPortIdVec>
<condition id="9">
<or_exp><and_exp></and_exp></or_exp>
</condition>

<Node id="11" bw="0" op_0_bw="0" op_1_bw="11" op_2_bw="0" op_3_bw="32" op_4_bw="32" op_5_bw="0" op_6_bw="32" op_7_bw="32" op_8_bw="0" op_9_bw="0" op_10_bw="0" op_11_bw="32" op_12_bw="32" op_13_bw="32" op_14_bw="32" op_15_bw="0" op_16_bw="0">
<![CDATA[
entry:4  call void (...)* @_ssdm_op_SpecInterface(i11* %p_src_rows_V, [8 x i8]* @ap_fifo_str, i32 0, i32 0, [1 x i8]* @p_str326, i32 0, i32 0, [1 x i8]* @p_str327, [1 x i8]* @p_str328, [1 x i8]* @p_str329, i32 2, i32 2, i32 16, i32 16, [1 x i8]* @p_str330, [1 x i8]* @p_str331)

]]></Node>
<StgValue><ssdm name=""/></StgValue>
</operation>

<operation id="14" st_id="1" stage="1" lat="1">
<core>NULL</core>
<MemPortIdVec></MemPortIdVec>
<condition id="9">
<or_exp><and_exp></and_exp></or_exp>
</condition>

<Node id="12" bw="0" op_0_bw="0" op_1_bw="12" op_2_bw="0" op_3_bw="32" op_4_bw="32" op_5_bw="0" op_6_bw="32" op_7_bw="32" op_8_bw="0" op_9_bw="0" op_10_bw="0" op_11_bw="32" op_12_bw="32" op_13_bw="32" op_14_bw="32" op_15_bw="0" op_16_bw="0">
<![CDATA[
entry:5  call void (...)* @_ssdm_op_SpecInterface(i12* %p_src_cols_V, [8 x i8]* @ap_fifo_str, i32 0, i32 0, [1 x i8]* @p_str332, i32 0, i32 0, [1 x i8]* @p_str333, [1 x i8]* @p_str334, [1 x i8]* @p_str335, i32 2, i32 2, i32 16, i32 16, [1 x i8]* @p_str336, [1 x i8]* @p_str337)

]]></Node>
<StgValue><ssdm name=""/></StgValue>
</operation>

<operation id="15" st_id="1" stage="1" lat="1">
<core>FIFO</core>
<MemPortIdVec></MemPortIdVec>
<condition id="9">
<or_exp><and_exp></and_exp></or_exp>
</condition>

<Node id="13" bw="12" op_0_bw="12" op_1_bw="12">
<![CDATA[
entry:6  %p_src_cols_V_read = call i12 @_ssdm_op_Read.ap_fifo.i12P(i12* %p_src_cols_V)

]]></Node>
<StgValue><ssdm name="p_src_cols_V_read"/></StgValue>
</operation>

<operation id="16" st_id="1" stage="1" lat="1">
<core>FIFO</core>
<MemPortIdVec></MemPortIdVec>
<condition id="9">
<or_exp><and_exp></and_exp></or_exp>
</condition>

<Node id="14" bw="11" op_0_bw="11" op_1_bw="11">
<![CDATA[
entry:7  %p_src_rows_V_read = call i11 @_ssdm_op_Read.ap_fifo.i11P(i11* %p_src_rows_V)

]]></Node>
<StgValue><ssdm name="p_src_rows_V_read"/></StgValue>
</operation>

<operation id="17" st_id="1" stage="1" lat="1">
<core>NULL</core>
<MemPortIdVec></MemPortIdVec>
<condition id="9">
<or_exp><and_exp></and_exp></or_exp>
</condition>

<Node id="15" bw="0" op_0_bw="0">
<![CDATA[
entry:8  br label %0

]]></Node>
<StgValue><ssdm name=""/></StgValue>
</operation>
</state>

<state id="2" st_id="2">

<operation id="18" st_id="2" stage="1" lat="1">
<core>NULL</core>
<MemPortIdVec></MemPortIdVec>
<condition id="10">
<or_exp><and_exp></and_exp></or_exp>
</condition>

<Node id="17" bw="10" op_0_bw="10" op_1_bw="0">
<![CDATA[
:0  %i_i = phi i10 [ 0, %entry ], [ %i, %3 ]

]]></Node>
<StgValue><ssdm name="i_i"/></StgValue>
</operation>

<operation id="19" st_id="2" stage="1" lat="1">
<core>NULL</core>
<MemPortIdVec></MemPortIdVec>
<condition id="10">
<or_exp><and_exp></and_exp></or_exp>
</condition>

<Node id="18" bw="11" op_0_bw="10">
<![CDATA[
:1  %i_cast_cast_i = zext i10 %i_i to i11

]]></Node>
<StgValue><ssdm name="i_cast_cast_i"/></StgValue>
</operation>

<operation id="20" st_id="2" stage="1" lat="1">
<core>Cmp</core>
<MemPortIdVec></MemPortIdVec>
<condition id="10">
<or_exp><and_exp></and_exp></or_exp>
</condition>

<Node id="19" bw="1" op_0_bw="11" op_1_bw="11">
<![CDATA[
:2  %tmp_i = icmp slt i11 %i_cast_cast_i, %p_src_rows_V_read

]]></Node>
<StgValue><ssdm name="tmp_i"/></StgValue>
</operation>

<operation id="21" st_id="2" stage="1" lat="1">
<core>NULL</core>
<MemPortIdVec></MemPortIdVec>
<condition id="10">
<or_exp><and_exp></and_exp></or_exp>
</condition>

<Node id="20" bw="0" op_0_bw="0" op_1_bw="64" op_2_bw="64" op_3_bw="64">
<![CDATA[
:3  call void (...)* @_ssdm_op_SpecLoopTripCount(i64 0, i64 720, i64 0)

]]></Node>
<StgValue><ssdm name=""/></StgValue>
</operation>

<operation id="22" st_id="2" stage="1" lat="1">
<core>AddSub</core>
<MemPortIdVec></MemPortIdVec>
<condition id="10">
<or_exp><and_exp></and_exp></or_exp>
</condition>

<Node id="21" bw="10" op_0_bw="10" op_1_bw="10">
<![CDATA[
:4  %i = add i10 %i_i, 1

]]></Node>
<StgValue><ssdm name="i"/></StgValue>
</operation>

<operation id="23" st_id="2" stage="1" lat="1">
<core>NULL</core>
<MemPortIdVec></MemPortIdVec>
<condition id="10">
<or_exp><and_exp></and_exp></or_exp>
</condition>

<Node id="22" bw="0" op_0_bw="1" op_1_bw="0" op_2_bw="0">
<![CDATA[
:5  br i1 %tmp_i, label %1, label %.exit

]]></Node>
<StgValue><ssdm name=""/></StgValue>
</operation>

<operation id="24" st_id="2" stage="1" lat="1">
<core>NULL</core>
<MemPortIdVec></MemPortIdVec>
<condition id="12">
<or_exp><and_exp><literal name="tmp_i" val="1"/>
</and_exp></or_exp>
</condition>

<Node id="24" bw="0" op_0_bw="0" op_1_bw="0">
<![CDATA[
:0  call void (...)* @_ssdm_op_SpecLoopName([12 x i8]* @p_str11) nounwind

]]></Node>
<StgValue><ssdm name=""/></StgValue>
</operation>

<operation id="25" st_id="2" stage="1" lat="1">
<core>NULL</core>
<MemPortIdVec></MemPortIdVec>
<condition id="12">
<or_exp><and_exp><literal name="tmp_i" val="1"/>
</and_exp></or_exp>
</condition>

<Node id="25" bw="32" op_0_bw="32" op_1_bw="0">
<![CDATA[
:1  %tmp_i_115 = call i32 (...)* @_ssdm_op_SpecRegionBegin([12 x i8]* @p_str11)

]]></Node>
<StgValue><ssdm name="tmp_i_115"/></StgValue>
</operation>

<operation id="26" st_id="2" stage="1" lat="1">
<core>NULL</core>
<MemPortIdVec></MemPortIdVec>
<condition id="12">
<or_exp><and_exp><literal name="tmp_i" val="1"/>
</and_exp></or_exp>
</condition>

<Node id="26" bw="0" op_0_bw="0">
<![CDATA[
:2  br label %2

]]></Node>
<StgValue><ssdm name=""/></StgValue>
</operation>

<operation id="27" st_id="2" stage="1" lat="1">
<core>NULL</core>
<MemPortIdVec></MemPortIdVec>
<condition id="14">
<or_exp><and_exp><literal name="tmp_i" val="0"/>
</and_exp></or_exp>
</condition>

<Node id="73" bw="0">
<![CDATA[
.exit:0  ret void

]]></Node>
<StgValue><ssdm name=""/></StgValue>
</operation>
</state>

<state id="3" st_id="3">

<operation id="28" st_id="3" stage="1" lat="1">
<core>NULL</core>
<MemPortIdVec></MemPortIdVec>
<condition id="-1">
<or_exp><and_exp></and_exp></or_exp>
</condition>

<Node id="28" bw="11" op_0_bw="11" op_1_bw="0">
<![CDATA[
:0  %j_i = phi i11 [ 0, %1 ], [ %j, %"operator>>.exit.i_ifconv" ]

]]></Node>
<StgValue><ssdm name="j_i"/></StgValue>
</operation>

<operation id="29" st_id="3" stage="1" lat="1">
<core>NULL</core>
<MemPortIdVec></MemPortIdVec>
<condition id="-1">
<or_exp><and_exp></and_exp></or_exp>
</condition>

<Node id="29" bw="12" op_0_bw="11">
<![CDATA[
:1  %j_cast_cast_i = zext i11 %j_i to i12

]]></Node>
<StgValue><ssdm name="j_cast_cast_i"/></StgValue>
</operation>

<operation id="30" st_id="3" stage="1" lat="1">
<core>Cmp</core>
<MemPortIdVec></MemPortIdVec>
<condition id="-1">
<or_exp><and_exp></and_exp></or_exp>
</condition>

<Node id="30" bw="1" op_0_bw="12" op_1_bw="12">
<![CDATA[
:2  %tmp_92_i = icmp slt i12 %j_cast_cast_i, %p_src_cols_V_read

]]></Node>
<StgValue><ssdm name="tmp_92_i"/></StgValue>
</operation>

<operation id="31" st_id="3" stage="1" lat="1">
<core>NULL</core>
<MemPortIdVec></MemPortIdVec>
<condition id="-1">
<or_exp><and_exp></and_exp></or_exp>
</condition>

<Node id="31" bw="0" op_0_bw="0" op_1_bw="64" op_2_bw="64" op_3_bw="64">
<![CDATA[
:3  call void (...)* @_ssdm_op_SpecLoopTripCount(i64 0, i64 1280, i64 0)

]]></Node>
<StgValue><ssdm name=""/></StgValue>
</operation>

<operation id="32" st_id="3" stage="1" lat="1">
<core>AddSub</core>
<MemPortIdVec></MemPortIdVec>
<condition id="-1">
<or_exp><and_exp></and_exp></or_exp>
</condition>

<Node id="32" bw="11" op_0_bw="11" op_1_bw="11">
<![CDATA[
:4  %j = add i11 %j_i, 1

]]></Node>
<StgValue><ssdm name="j"/></StgValue>
</operation>

<operation id="33" st_id="3" stage="1" lat="1">
<core>NULL</core>
<MemPortIdVec></MemPortIdVec>
<condition id="-1">
<or_exp><and_exp></and_exp></or_exp>
</condition>

<Node id="33" bw="0" op_0_bw="1" op_1_bw="0" op_2_bw="0">
<![CDATA[
:5  br i1 %tmp_92_i, label %"operator>>.exit.i_ifconv", label %3

]]></Node>
<StgValue><ssdm name=""/></StgValue>
</operation>
</state>

<state id="4" st_id="4">

<operation id="34" st_id="4" stage="1" lat="1">
<core>NULL</core>
<MemPortIdVec></MemPortIdVec>
<condition id="0">
<or_exp><and_exp><literal name="tmp_92_i" val="1"/>
</and_exp></or_exp>
</condition>

<Node id="38" bw="32" op_0_bw="32" op_1_bw="0">
<![CDATA[
operator>>.exit.i_ifconv:3  %tmp_105_i = call i32 (...)* @_ssdm_op_SpecRegionBegin([12 x i8]* @p_str51)

]]></Node>
<StgValue><ssdm name="tmp_105_i"/></StgValue>
</operation>

<operation id="35" st_id="4" stage="1" lat="1">
<core>NULL</core>
<MemPortIdVec></MemPortIdVec>
<condition id="0">
<or_exp><and_exp><literal name="tmp_92_i" val="1"/>
</and_exp></or_exp>
</condition>

<Node id="39" bw="0" op_0_bw="0" op_1_bw="32" op_2_bw="0">
<![CDATA[
operator>>.exit.i_ifconv:4  call void (...)* @_ssdm_op_SpecProtocol(i32 0, [1 x i8]* @p_str3) nounwind

]]></Node>
<StgValue><ssdm name=""/></StgValue>
</operation>

<operation id="36" st_id="4" stage="1" lat="1">
<core>FIFO</core>
<MemPortIdVec></MemPortIdVec>
<condition id="0">
<or_exp><and_exp><literal name="tmp_92_i" val="1"/>
</and_exp></or_exp>
</condition>

<Node id="40" bw="8" op_0_bw="8" op_1_bw="8">
<![CDATA[
operator>>.exit.i_ifconv:5  %tmp_74 = call i8 @_ssdm_op_Read.ap_fifo.volatile.i8P(i8* %p_src_data_stream_0_V)

]]></Node>
<StgValue><ssdm name="tmp_74"/></StgValue>
</operation>

<operation id="37" st_id="4" stage="1" lat="1">
<core>FIFO</core>
<MemPortIdVec></MemPortIdVec>
<condition id="0">
<or_exp><and_exp><literal name="tmp_92_i" val="1"/>
</and_exp></or_exp>
</condition>

<Node id="41" bw="8" op_0_bw="8" op_1_bw="8">
<![CDATA[
operator>>.exit.i_ifconv:6  %tmp_75 = call i8 @_ssdm_op_Read.ap_fifo.volatile.i8P(i8* %p_src_data_stream_1_V)

]]></Node>
<StgValue><ssdm name="tmp_75"/></StgValue>
</operation>

<operation id="38" st_id="4" stage="1" lat="1">
<core>FIFO</core>
<MemPortIdVec></MemPortIdVec>
<condition id="0">
<or_exp><and_exp><literal name="tmp_92_i" val="1"/>
</and_exp></or_exp>
</condition>

<Node id="42" bw="8" op_0_bw="8" op_1_bw="8">
<![CDATA[
operator>>.exit.i_ifconv:7  %tmp_76 = call i8 @_ssdm_op_Read.ap_fifo.volatile.i8P(i8* %p_src_data_stream_2_V)

]]></Node>
<StgValue><ssdm name="tmp_76"/></StgValue>
</operation>

<operation id="39" st_id="4" stage="1" lat="1">
<core>NULL</core>
<MemPortIdVec></MemPortIdVec>
<condition id="0">
<or_exp><and_exp><literal name="tmp_92_i" val="1"/>
</and_exp></or_exp>
</condition>

<Node id="43" bw="32" op_0_bw="32" op_1_bw="0" op_2_bw="32">
<![CDATA[
operator>>.exit.i_ifconv:8  %empty = call i32 (...)* @_ssdm_op_SpecRegionEnd([12 x i8]* @p_str51, i32 %tmp_105_i)

]]></Node>
<StgValue><ssdm name="empty"/></StgValue>
</operation>
</state>

<state id="5" st_id="5">

<operation id="40" st_id="5" stage="1" lat="1">
<core>NULL</core>
<MemPortIdVec></MemPortIdVec>
<condition id="0">
<or_exp><and_exp><literal name="tmp_92_i" val="1"/>
</and_exp></or_exp>
</condition>

<Node id="44" bw="29" op_0_bw="8">
<![CDATA[
operator>>.exit.i_ifconv:9  %OP2_V_i_cast_i = zext i8 %tmp_74 to i29

]]></Node>
<StgValue><ssdm name="OP2_V_i_cast_i"/></StgValue>
</operation>

<operation id="41" st_id="5" stage="1" lat="1">
<core>DSP48</core>
<MemPortIdVec></MemPortIdVec>
<condition id="0">
<or_exp><and_exp><literal name="tmp_92_i" val="1"/>
</and_exp></or_exp>
</condition>

<Node id="45" bw="29" op_0_bw="29" op_1_bw="29">
<![CDATA[
operator>>.exit.i_ifconv:10  %r_V_i_i = mul i29 %OP2_V_i_cast_i, 1254096

]]></Node>
<StgValue><ssdm name="r_V_i_i"/></StgValue>
</operation>
</state>

<state id="6" st_id="6">

<operation id="42" st_id="6" stage="1" lat="1">
<core>NULL</core>
<MemPortIdVec></MemPortIdVec>
<condition id="0">
<or_exp><and_exp><literal name="tmp_92_i" val="1"/>
</and_exp></or_exp>
</condition>

<Node id="46" bw="30" op_0_bw="8">
<![CDATA[
operator>>.exit.i_ifconv:11  %OP2_V_1_i_cast_i = zext i8 %tmp_75 to i30

]]></Node>
<StgValue><ssdm name="OP2_V_1_i_cast_i"/></StgValue>
</operation>

<operation id="43" st_id="6" stage="1" lat="1">
<core>DSP48</core>
<MemPortIdVec></MemPortIdVec>
<condition id="0">
<or_exp><and_exp><literal name="tmp_92_i" val="1"/>
</and_exp></or_exp>
</condition>

<Node id="47" bw="30" op_0_bw="30" op_1_bw="30">
<![CDATA[
operator>>.exit.i_ifconv:12  %r_V_3_i_i = mul i30 %OP2_V_1_i_cast_i, 2462056

]]></Node>
<StgValue><ssdm name="r_V_3_i_i"/></StgValue>
</operation>

<operation id="44" st_id="6" stage="1" lat="1">
<core>NULL</core>
<MemPortIdVec></MemPortIdVec>
<condition id="0">
<or_exp><and_exp><literal name="tmp_92_i" val="1"/>
</and_exp></or_exp>
</condition>

<Node id="48" bw="28" op_0_bw="8">
<![CDATA[
operator>>.exit.i_ifconv:13  %OP2_V_2_i_cast_i = zext i8 %tmp_76 to i28

]]></Node>
<StgValue><ssdm name="OP2_V_2_i_cast_i"/></StgValue>
</operation>

<operation id="45" st_id="6" stage="1" lat="1">
<core>DSP48</core>
<MemPortIdVec></MemPortIdVec>
<condition id="0">
<or_exp><and_exp><literal name="tmp_92_i" val="1"/>
</and_exp></or_exp>
</condition>

<Node id="49" bw="28" op_0_bw="28" op_1_bw="28">
<![CDATA[
operator>>.exit.i_ifconv:14  %r_V = mul i28 %OP2_V_2_i_cast_i, 478150

]]></Node>
<StgValue><ssdm name="r_V"/></StgValue>
</operation>

<operation id="46" st_id="6" stage="1" lat="1">
<core>NULL</core>
<MemPortIdVec></MemPortIdVec>
<condition id="0">
<or_exp><and_exp><literal name="tmp_92_i" val="1"/>
</and_exp></or_exp>
</condition>

<Node id="50" bw="29" op_0_bw="28">
<![CDATA[
operator>>.exit.i_ifconv:15  %tmp_2_i_cast_i = zext i28 %r_V to i29

]]></Node>
<StgValue><ssdm name="tmp_2_i_cast_i"/></StgValue>
</operation>

<operation id="47" st_id="6" stage="1" lat="1">
<core>DSP48</core>
<MemPortIdVec></MemPortIdVec>
<condition id="0">
<or_exp><and_exp><literal name="tmp_92_i" val="1"/>
</and_exp></or_exp>
</condition>

<Node id="51" bw="29" op_0_bw="29" op_1_bw="29">
<![CDATA[
operator>>.exit.i_ifconv:16  %p_Val2_30 = add i29 %r_V_i_i, %tmp_2_i_cast_i

]]></Node>
<StgValue><ssdm name="p_Val2_30"/></StgValue>
</operation>

<operation id="48" st_id="6" stage="1" lat="1">
<core>NULL</core>
<MemPortIdVec></MemPortIdVec>
<condition id="0">
<or_exp><and_exp><literal name="tmp_92_i" val="1"/>
</and_exp></or_exp>
</condition>

<Node id="52" bw="30" op_0_bw="29">
<![CDATA[
operator>>.exit.i_ifconv:17  %tmp_7_i_cast_i = zext i29 %p_Val2_30 to i30

]]></Node>
<StgValue><ssdm name="tmp_7_i_cast_i"/></StgValue>
</operation>

<operation id="49" st_id="6" stage="1" lat="1">
<core>DSP48</core>
<MemPortIdVec></MemPortIdVec>
<condition id="0">
<or_exp><and_exp><literal name="tmp_92_i" val="1"/>
</and_exp></or_exp>
</condition>

<Node id="53" bw="30" op_0_bw="30" op_1_bw="30">
<![CDATA[
operator>>.exit.i_ifconv:18  %r_V_5 = add i30 %r_V_3_i_i, %tmp_7_i_cast_i

]]></Node>
<StgValue><ssdm name="r_V_5"/></StgValue>
</operation>

<operation id="50" st_id="6" stage="1" lat="1">
<core>NULL</core>
<MemPortIdVec></MemPortIdVec>
<condition id="0">
<or_exp><and_exp><literal name="tmp_92_i" val="1"/>
</and_exp></or_exp>
</condition>

<Node id="54" bw="8" op_0_bw="8" op_1_bw="30" op_2_bw="32" op_3_bw="32">
<![CDATA[
operator>>.exit.i_ifconv:19  %p_Val2_32 = call i8 @_ssdm_op_PartSelect.i8.i30.i32.i32(i30 %r_V_5, i32 22, i32 29)

]]></Node>
<StgValue><ssdm name="p_Val2_32"/></StgValue>
</operation>

<operation id="51" st_id="6" stage="1" lat="1">
<core>NULL</core>
<MemPortIdVec></MemPortIdVec>
<condition id="0">
<or_exp><and_exp><literal name="tmp_92_i" val="1"/>
</and_exp></or_exp>
</condition>

<Node id="55" bw="1" op_0_bw="1" op_1_bw="30" op_2_bw="32">
<![CDATA[
operator>>.exit.i_ifconv:20  %tmp = call i1 @_ssdm_op_BitSelect.i1.i30.i32(i30 %r_V_5, i32 21)

]]></Node>
<StgValue><ssdm name="tmp"/></StgValue>
</operation>
</state>

<state id="7" st_id="7">

<operation id="52" st_id="7" stage="1" lat="1">
<core>NULL</core>
<MemPortIdVec></MemPortIdVec>
<condition id="0">
<or_exp><and_exp><literal name="tmp_92_i" val="1"/>
</and_exp></or_exp>
</condition>

<Node id="35" bw="0" op_0_bw="0" op_1_bw="0">
<![CDATA[
operator>>.exit.i_ifconv:0  call void (...)* @_ssdm_op_SpecLoopName([11 x i8]* @p_str12) nounwind

]]></Node>
<StgValue><ssdm name=""/></StgValue>
</operation>

<operation id="53" st_id="7" stage="1" lat="1">
<core>NULL</core>
<MemPortIdVec></MemPortIdVec>
<condition id="0">
<or_exp><and_exp><literal name="tmp_92_i" val="1"/>
</and_exp></or_exp>
</condition>

<Node id="36" bw="32" op_0_bw="32" op_1_bw="0">
<![CDATA[
operator>>.exit.i_ifconv:1  %tmp_104_i = call i32 (...)* @_ssdm_op_SpecRegionBegin([11 x i8]* @p_str12)

]]></Node>
<StgValue><ssdm name="tmp_104_i"/></StgValue>
</operation>

<operation id="54" st_id="7" stage="1" lat="1">
<core>NULL</core>
<MemPortIdVec></MemPortIdVec>
<condition id="0">
<or_exp><and_exp><literal name="tmp_92_i" val="1"/>
</and_exp></or_exp>
</condition>

<Node id="37" bw="0" op_0_bw="0" op_1_bw="32" op_2_bw="32" op_3_bw="32" op_4_bw="32" op_5_bw="0">
<![CDATA[
operator>>.exit.i_ifconv:2  call void (...)* @_ssdm_op_SpecPipeline(i32 -1, i32 1, i32 1, i32 0, [1 x i8]* @p_str3) nounwind

]]></Node>
<StgValue><ssdm name=""/></StgValue>
</operation>

<operation id="55" st_id="7" stage="1" lat="1">
<core>NULL</core>
<MemPortIdVec></MemPortIdVec>
<condition id="0">
<or_exp><and_exp><literal name="tmp_92_i" val="1"/>
</and_exp></or_exp>
</condition>

<Node id="56" bw="8" op_0_bw="1">
<![CDATA[
operator>>.exit.i_ifconv:21  %tmp_3_i_i_i_i = zext i1 %tmp to i8

]]></Node>
<StgValue><ssdm name="tmp_3_i_i_i_i"/></StgValue>
</operation>

<operation id="56" st_id="7" stage="1" lat="1">
<core>NULL</core>
<MemPortIdVec></MemPortIdVec>
<condition id="0">
<or_exp><and_exp><literal name="tmp_92_i" val="1"/>
</and_exp></or_exp>
</condition>

<Node id="57" bw="1" op_0_bw="1" op_1_bw="30" op_2_bw="32">
<![CDATA[
operator>>.exit.i_ifconv:22  %tmp_71 = call i1 @_ssdm_op_BitSelect.i1.i30.i32(i30 %r_V_5, i32 29)

]]></Node>
<StgValue><ssdm name="tmp_71"/></StgValue>
</operation>

<operation id="57" st_id="7" stage="1" lat="1">
<core>AddSub</core>
<MemPortIdVec></MemPortIdVec>
<condition id="0">
<or_exp><and_exp><literal name="tmp_92_i" val="1"/>
</and_exp></or_exp>
</condition>

<Node id="58" bw="8" op_0_bw="8" op_1_bw="8">
<![CDATA[
operator>>.exit.i_ifconv:23  %p_Val2_33 = add i8 %p_Val2_32, %tmp_3_i_i_i_i

]]></Node>
<StgValue><ssdm name="p_Val2_33"/></StgValue>
</operation>

<operation id="58" st_id="7" stage="1" lat="1">
<core>NULL</core>
<MemPortIdVec></MemPortIdVec>
<condition id="0">
<or_exp><and_exp><literal name="tmp_92_i" val="1"/>
</and_exp></or_exp>
</condition>

<Node id="59" bw="1" op_0_bw="1" op_1_bw="8" op_2_bw="32">
<![CDATA[
operator>>.exit.i_ifconv:24  %tmp_72 = call i1 @_ssdm_op_BitSelect.i1.i8.i32(i8 %p_Val2_33, i32 7)

]]></Node>
<StgValue><ssdm name="tmp_72"/></StgValue>
</operation>

<operation id="59" st_id="7" stage="1" lat="1">
<core>LogicGate</core>
<MemPortIdVec></MemPortIdVec>
<condition id="0">
<or_exp><and_exp><literal name="tmp_92_i" val="1"/>
</and_exp></or_exp>
</condition>

<Node id="60" bw="1" op_0_bw="1" op_1_bw="1">
<![CDATA[
operator>>.exit.i_ifconv:25  %p_Result_4_i_i_i_i_1 = xor i1 %tmp_71, true

]]></Node>
<StgValue><ssdm name="p_Result_4_i_i_i_i_1"/></StgValue>
</operation>

<operation id="60" st_id="7" stage="1" lat="1">
<core>LogicGate</core>
<MemPortIdVec></MemPortIdVec>
<condition id="0">
<or_exp><and_exp><literal name="tmp_92_i" val="1"/>
</and_exp></or_exp>
</condition>

<Node id="61" bw="1" op_0_bw="1" op_1_bw="1">
<![CDATA[
operator>>.exit.i_ifconv:26  %not_carry = or i1 %tmp_72, %p_Result_4_i_i_i_i_1

]]></Node>
<StgValue><ssdm name="not_carry"/></StgValue>
</operation>

<operation id="61" st_id="7" stage="1" lat="1">
<core>Sel</core>
<MemPortIdVec></MemPortIdVec>
<condition id="0">
<or_exp><and_exp><literal name="tmp_92_i" val="1"/>
</and_exp></or_exp>
</condition>

<Node id="62" bw="8" op_0_bw="1" op_1_bw="8" op_2_bw="8">
<![CDATA[
operator>>.exit.i_ifconv:27  %p_Val2_s = select i1 %not_carry, i8 %p_Val2_33, i8 -1

]]></Node>
<StgValue><ssdm name="p_Val2_s"/></StgValue>
</operation>

<operation id="62" st_id="7" stage="1" lat="1">
<core>NULL</core>
<MemPortIdVec></MemPortIdVec>
<condition id="0">
<or_exp><and_exp><literal name="tmp_92_i" val="1"/>
</and_exp></or_exp>
</condition>

<Node id="63" bw="32" op_0_bw="32" op_1_bw="0">
<![CDATA[
operator>>.exit.i_ifconv:28  %tmp_106_i = call i32 (...)* @_ssdm_op_SpecRegionBegin([12 x i8]* @p_str49)

]]></Node>
<StgValue><ssdm name="tmp_106_i"/></StgValue>
</operation>

<operation id="63" st_id="7" stage="1" lat="1">
<core>NULL</core>
<MemPortIdVec></MemPortIdVec>
<condition id="0">
<or_exp><and_exp><literal name="tmp_92_i" val="1"/>
</and_exp></or_exp>
</condition>

<Node id="64" bw="0" op_0_bw="0" op_1_bw="32" op_2_bw="0">
<![CDATA[
operator>>.exit.i_ifconv:29  call void (...)* @_ssdm_op_SpecProtocol(i32 0, [1 x i8]* @p_str3) nounwind

]]></Node>
<StgValue><ssdm name=""/></StgValue>
</operation>

<operation id="64" st_id="7" stage="1" lat="1">
<core>FIFO</core>
<MemPortIdVec></MemPortIdVec>
<condition id="0">
<or_exp><and_exp><literal name="tmp_92_i" val="1"/>
</and_exp></or_exp>
</condition>

<Node id="65" bw="0" op_0_bw="0" op_1_bw="8" op_2_bw="8">
<![CDATA[
operator>>.exit.i_ifconv:30  call void @_ssdm_op_Write.ap_fifo.volatile.i8P(i8* %p_dst_data_stream_V, i8 %p_Val2_s)

]]></Node>
<StgValue><ssdm name=""/></StgValue>
</operation>

<operation id="65" st_id="7" stage="1" lat="1">
<core>NULL</core>
<MemPortIdVec></MemPortIdVec>
<condition id="0">
<or_exp><and_exp><literal name="tmp_92_i" val="1"/>
</and_exp></or_exp>
</condition>

<Node id="66" bw="32" op_0_bw="32" op_1_bw="0" op_2_bw="32">
<![CDATA[
operator>>.exit.i_ifconv:31  %empty_116 = call i32 (...)* @_ssdm_op_SpecRegionEnd([12 x i8]* @p_str49, i32 %tmp_106_i)

]]></Node>
<StgValue><ssdm name="empty_116"/></StgValue>
</operation>

<operation id="66" st_id="7" stage="1" lat="1">
<core>NULL</core>
<MemPortIdVec></MemPortIdVec>
<condition id="0">
<or_exp><and_exp><literal name="tmp_92_i" val="1"/>
</and_exp></or_exp>
</condition>

<Node id="67" bw="32" op_0_bw="32" op_1_bw="0" op_2_bw="32">
<![CDATA[
operator>>.exit.i_ifconv:32  %empty_117 = call i32 (...)* @_ssdm_op_SpecRegionEnd([11 x i8]* @p_str12, i32 %tmp_104_i)

]]></Node>
<StgValue><ssdm name="empty_117"/></StgValue>
</operation>

<operation id="67" st_id="7" stage="1" lat="1">
<core>NULL</core>
<MemPortIdVec></MemPortIdVec>
<condition id="0">
<or_exp><and_exp><literal name="tmp_92_i" val="1"/>
</and_exp></or_exp>
</condition>

<Node id="68" bw="0" op_0_bw="0">
<![CDATA[
operator>>.exit.i_ifconv:33  br label %2

]]></Node>
<StgValue><ssdm name=""/></StgValue>
</operation>
</state>

<state id="8" st_id="8">

<operation id="68" st_id="8" stage="1" lat="1">
<core>NULL</core>
<MemPortIdVec></MemPortIdVec>
<condition id="15">
<or_exp><and_exp></and_exp></or_exp>
</condition>

<Node id="70" bw="32" op_0_bw="32" op_1_bw="0" op_2_bw="32">
<![CDATA[
:0  %empty_118 = call i32 (...)* @_ssdm_op_SpecRegionEnd([12 x i8]* @p_str11, i32 %tmp_i_115)

]]></Node>
<StgValue><ssdm name="empty_118"/></StgValue>
</operation>

<operation id="69" st_id="8" stage="1" lat="1">
<core>NULL</core>
<MemPortIdVec></MemPortIdVec>
<condition id="15">
<or_exp><and_exp></and_exp></or_exp>
</condition>

<Node id="71" bw="0" op_0_bw="0">
<![CDATA[
:1  br label %0

]]></Node>
<StgValue><ssdm name=""/></StgValue>
</operation>
</state>
</state_list>


<ports>
<port id="86" name="p_src_rows_V" dir="0" iftype="3">
<core>FIFO</core><StgValue><ssdm name="p_src_rows_V"/></StgValue>
</port>
<port id="87" name="p_src_cols_V" dir="0" iftype="3">
<core>FIFO</core><StgValue><ssdm name="p_src_cols_V"/></StgValue>
</port>
<port id="88" name="p_src_data_stream_0_V" dir="0" iftype="3">
<core>FIFO</core><StgValue><ssdm name="p_src_data_stream_0_V"/></StgValue>
</port>
<port id="89" name="p_src_data_stream_1_V" dir="0" iftype="3">
<core>FIFO</core><StgValue><ssdm name="p_src_data_stream_1_V"/></StgValue>
</port>
<port id="90" name="p_src_data_stream_2_V" dir="0" iftype="3">
<core>FIFO</core><StgValue><ssdm name="p_src_data_stream_2_V"/></StgValue>
</port>
<port id="91" name="p_dst_data_stream_V" dir="1" iftype="3">
<core>FIFO</core><StgValue><ssdm name="p_dst_data_stream_V"/></StgValue>
</port>
</ports>


<dataflows>
<dataflow id="93" from="_ssdm_op_SpecInterface" to="StgValue_9" fromId="92" toId="9">
</dataflow>
<dataflow id="94" from="p_dst_data_stream_V" to="StgValue_9" fromId="91" toId="9">
</dataflow>
<dataflow id="96" from="ap_fifo_str" to="StgValue_9" fromId="95" toId="9">
</dataflow>
<dataflow id="98" from="StgValue_97" to="StgValue_9" fromId="97" toId="9">
</dataflow>
<dataflow id="99" from="StgValue_97" to="StgValue_9" fromId="97" toId="9">
</dataflow>
<dataflow id="101" from="p_str185" to="StgValue_9" fromId="100" toId="9">
</dataflow>
<dataflow id="102" from="StgValue_97" to="StgValue_9" fromId="97" toId="9">
</dataflow>
<dataflow id="103" from="StgValue_97" to="StgValue_9" fromId="97" toId="9">
</dataflow>
<dataflow id="105" from="p_str186" to="StgValue_9" fromId="104" toId="9">
</dataflow>
<dataflow id="107" from="p_str187" to="StgValue_9" fromId="106" toId="9">
</dataflow>
<dataflow id="109" from="p_str188" to="StgValue_9" fromId="108" toId="9">
</dataflow>
<dataflow id="111" from="StgValue_110" to="StgValue_9" fromId="110" toId="9">
</dataflow>
<dataflow id="112" from="StgValue_110" to="StgValue_9" fromId="110" toId="9">
</dataflow>
<dataflow id="114" from="StgValue_113" to="StgValue_9" fromId="113" toId="9">
</dataflow>
<dataflow id="115" from="StgValue_113" to="StgValue_9" fromId="113" toId="9">
</dataflow>
<dataflow id="117" from="p_str189" to="StgValue_9" fromId="116" toId="9">
</dataflow>
<dataflow id="119" from="p_str190" to="StgValue_9" fromId="118" toId="9">
</dataflow>
<dataflow id="120" from="_ssdm_op_SpecInterface" to="StgValue_10" fromId="92" toId="10">
</dataflow>
<dataflow id="121" from="p_src_data_stream_2_V" to="StgValue_10" fromId="90" toId="10">
</dataflow>
<dataflow id="122" from="ap_fifo_str" to="StgValue_10" fromId="95" toId="10">
</dataflow>
<dataflow id="123" from="StgValue_97" to="StgValue_10" fromId="97" toId="10">
</dataflow>
<dataflow id="124" from="StgValue_97" to="StgValue_10" fromId="97" toId="10">
</dataflow>
<dataflow id="126" from="p_str178" to="StgValue_10" fromId="125" toId="10">
</dataflow>
<dataflow id="127" from="StgValue_97" to="StgValue_10" fromId="97" toId="10">
</dataflow>
<dataflow id="128" from="StgValue_97" to="StgValue_10" fromId="97" toId="10">
</dataflow>
<dataflow id="130" from="p_str179" to="StgValue_10" fromId="129" toId="10">
</dataflow>
<dataflow id="132" from="p_str180" to="StgValue_10" fromId="131" toId="10">
</dataflow>
<dataflow id="134" from="p_str181" to="StgValue_10" fromId="133" toId="10">
</dataflow>
<dataflow id="135" from="StgValue_110" to="StgValue_10" fromId="110" toId="10">
</dataflow>
<dataflow id="136" from="StgValue_110" to="StgValue_10" fromId="110" toId="10">
</dataflow>
<dataflow id="137" from="StgValue_113" to="StgValue_10" fromId="113" toId="10">
</dataflow>
<dataflow id="138" from="StgValue_113" to="StgValue_10" fromId="113" toId="10">
</dataflow>
<dataflow id="140" from="p_str182" to="StgValue_10" fromId="139" toId="10">
</dataflow>
<dataflow id="142" from="p_str183" to="StgValue_10" fromId="141" toId="10">
</dataflow>
<dataflow id="143" from="_ssdm_op_SpecInterface" to="StgValue_11" fromId="92" toId="11">
</dataflow>
<dataflow id="144" from="p_src_data_stream_1_V" to="StgValue_11" fromId="89" toId="11">
</dataflow>
<dataflow id="145" from="ap_fifo_str" to="StgValue_11" fromId="95" toId="11">
</dataflow>
<dataflow id="146" from="StgValue_97" to="StgValue_11" fromId="97" toId="11">
</dataflow>
<dataflow id="147" from="StgValue_97" to="StgValue_11" fromId="97" toId="11">
</dataflow>
<dataflow id="149" from="p_str171" to="StgValue_11" fromId="148" toId="11">
</dataflow>
<dataflow id="150" from="StgValue_97" to="StgValue_11" fromId="97" toId="11">
</dataflow>
<dataflow id="151" from="StgValue_97" to="StgValue_11" fromId="97" toId="11">
</dataflow>
<dataflow id="153" from="p_str172" to="StgValue_11" fromId="152" toId="11">
</dataflow>
<dataflow id="155" from="p_str173" to="StgValue_11" fromId="154" toId="11">
</dataflow>
<dataflow id="157" from="p_str174" to="StgValue_11" fromId="156" toId="11">
</dataflow>
<dataflow id="158" from="StgValue_110" to="StgValue_11" fromId="110" toId="11">
</dataflow>
<dataflow id="159" from="StgValue_110" to="StgValue_11" fromId="110" toId="11">
</dataflow>
<dataflow id="160" from="StgValue_113" to="StgValue_11" fromId="113" toId="11">
</dataflow>
<dataflow id="161" from="StgValue_113" to="StgValue_11" fromId="113" toId="11">
</dataflow>
<dataflow id="163" from="p_str175" to="StgValue_11" fromId="162" toId="11">
</dataflow>
<dataflow id="165" from="p_str176" to="StgValue_11" fromId="164" toId="11">
</dataflow>
<dataflow id="166" from="_ssdm_op_SpecInterface" to="StgValue_12" fromId="92" toId="12">
</dataflow>
<dataflow id="167" from="p_src_data_stream_0_V" to="StgValue_12" fromId="88" toId="12">
</dataflow>
<dataflow id="168" from="ap_fifo_str" to="StgValue_12" fromId="95" toId="12">
</dataflow>
<dataflow id="169" from="StgValue_97" to="StgValue_12" fromId="97" toId="12">
</dataflow>
<dataflow id="170" from="StgValue_97" to="StgValue_12" fromId="97" toId="12">
</dataflow>
<dataflow id="172" from="p_str164" to="StgValue_12" fromId="171" toId="12">
</dataflow>
<dataflow id="173" from="StgValue_97" to="StgValue_12" fromId="97" toId="12">
</dataflow>
<dataflow id="174" from="StgValue_97" to="StgValue_12" fromId="97" toId="12">
</dataflow>
<dataflow id="176" from="p_str165" to="StgValue_12" fromId="175" toId="12">
</dataflow>
<dataflow id="178" from="p_str166" to="StgValue_12" fromId="177" toId="12">
</dataflow>
<dataflow id="180" from="p_str167" to="StgValue_12" fromId="179" toId="12">
</dataflow>
<dataflow id="181" from="StgValue_110" to="StgValue_12" fromId="110" toId="12">
</dataflow>
<dataflow id="182" from="StgValue_110" to="StgValue_12" fromId="110" toId="12">
</dataflow>
<dataflow id="183" from="StgValue_113" to="StgValue_12" fromId="113" toId="12">
</dataflow>
<dataflow id="184" from="StgValue_113" to="StgValue_12" fromId="113" toId="12">
</dataflow>
<dataflow id="186" from="p_str168" to="StgValue_12" fromId="185" toId="12">
</dataflow>
<dataflow id="188" from="p_str169" to="StgValue_12" fromId="187" toId="12">
</dataflow>
<dataflow id="189" from="_ssdm_op_SpecInterface" to="StgValue_13" fromId="92" toId="13">
</dataflow>
<dataflow id="190" from="p_src_rows_V" to="StgValue_13" fromId="86" toId="13">
</dataflow>
<dataflow id="191" from="ap_fifo_str" to="StgValue_13" fromId="95" toId="13">
</dataflow>
<dataflow id="192" from="StgValue_97" to="StgValue_13" fromId="97" toId="13">
</dataflow>
<dataflow id="193" from="StgValue_97" to="StgValue_13" fromId="97" toId="13">
</dataflow>
<dataflow id="195" from="p_str326" to="StgValue_13" fromId="194" toId="13">
</dataflow>
<dataflow id="196" from="StgValue_97" to="StgValue_13" fromId="97" toId="13">
</dataflow>
<dataflow id="197" from="StgValue_97" to="StgValue_13" fromId="97" toId="13">
</dataflow>
<dataflow id="199" from="p_str327" to="StgValue_13" fromId="198" toId="13">
</dataflow>
<dataflow id="201" from="p_str328" to="StgValue_13" fromId="200" toId="13">
</dataflow>
<dataflow id="203" from="p_str329" to="StgValue_13" fromId="202" toId="13">
</dataflow>
<dataflow id="204" from="StgValue_110" to="StgValue_13" fromId="110" toId="13">
</dataflow>
<dataflow id="205" from="StgValue_110" to="StgValue_13" fromId="110" toId="13">
</dataflow>
<dataflow id="206" from="StgValue_113" to="StgValue_13" fromId="113" toId="13">
</dataflow>
<dataflow id="207" from="StgValue_113" to="StgValue_13" fromId="113" toId="13">
</dataflow>
<dataflow id="209" from="p_str330" to="StgValue_13" fromId="208" toId="13">
</dataflow>
<dataflow id="211" from="p_str331" to="StgValue_13" fromId="210" toId="13">
</dataflow>
<dataflow id="212" from="_ssdm_op_SpecInterface" to="StgValue_14" fromId="92" toId="14">
</dataflow>
<dataflow id="213" from="p_src_cols_V" to="StgValue_14" fromId="87" toId="14">
</dataflow>
<dataflow id="214" from="ap_fifo_str" to="StgValue_14" fromId="95" toId="14">
</dataflow>
<dataflow id="215" from="StgValue_97" to="StgValue_14" fromId="97" toId="14">
</dataflow>
<dataflow id="216" from="StgValue_97" to="StgValue_14" fromId="97" toId="14">
</dataflow>
<dataflow id="218" from="p_str332" to="StgValue_14" fromId="217" toId="14">
</dataflow>
<dataflow id="219" from="StgValue_97" to="StgValue_14" fromId="97" toId="14">
</dataflow>
<dataflow id="220" from="StgValue_97" to="StgValue_14" fromId="97" toId="14">
</dataflow>
<dataflow id="222" from="p_str333" to="StgValue_14" fromId="221" toId="14">
</dataflow>
<dataflow id="224" from="p_str334" to="StgValue_14" fromId="223" toId="14">
</dataflow>
<dataflow id="226" from="p_str335" to="StgValue_14" fromId="225" toId="14">
</dataflow>
<dataflow id="227" from="StgValue_110" to="StgValue_14" fromId="110" toId="14">
</dataflow>
<dataflow id="228" from="StgValue_110" to="StgValue_14" fromId="110" toId="14">
</dataflow>
<dataflow id="229" from="StgValue_113" to="StgValue_14" fromId="113" toId="14">
</dataflow>
<dataflow id="230" from="StgValue_113" to="StgValue_14" fromId="113" toId="14">
</dataflow>
<dataflow id="232" from="p_str336" to="StgValue_14" fromId="231" toId="14">
</dataflow>
<dataflow id="234" from="p_str337" to="StgValue_14" fromId="233" toId="14">
</dataflow>
<dataflow id="236" from="_ssdm_op_Read.ap_fifo.i12P" to="p_src_cols_V_read" fromId="235" toId="15">
</dataflow>
<dataflow id="237" from="p_src_cols_V" to="p_src_cols_V_read" fromId="87" toId="15">
</dataflow>
<dataflow id="239" from="_ssdm_op_Read.ap_fifo.i11P" to="p_src_rows_V_read" fromId="238" toId="16">
</dataflow>
<dataflow id="240" from="p_src_rows_V" to="p_src_rows_V_read" fromId="86" toId="16">
</dataflow>
<dataflow id="242" from="StgValue_241" to="i_i" fromId="241" toId="18">
<condition id="64">
<or_exp><and_exp></and_exp></or_exp>
</condition>
</dataflow>
<dataflow id="243" from="StgValue_17" to="i_i" fromId="17" toId="18">
</dataflow>
<dataflow id="244" from="i" to="i_i" fromId="22" toId="18">
<BackEdge/>
<condition id="65">
<or_exp><and_exp></and_exp></or_exp>
</condition>
</dataflow>
<dataflow id="245" from="StgValue_69" to="i_i" fromId="69" toId="18">
<BackEdge/>
</dataflow>
<dataflow id="246" from="i_i" to="i_cast_cast_i" fromId="18" toId="19">
</dataflow>
<dataflow id="247" from="i_cast_cast_i" to="tmp_i" fromId="19" toId="20">
</dataflow>
<dataflow id="248" from="p_src_rows_V_read" to="tmp_i" fromId="16" toId="20">
</dataflow>
<dataflow id="250" from="_ssdm_op_SpecLoopTripCount" to="StgValue_21" fromId="249" toId="21">
</dataflow>
<dataflow id="252" from="StgValue_251" to="StgValue_21" fromId="251" toId="21">
</dataflow>
<dataflow id="254" from="StgValue_253" to="StgValue_21" fromId="253" toId="21">
</dataflow>
<dataflow id="255" from="StgValue_251" to="StgValue_21" fromId="251" toId="21">
</dataflow>
<dataflow id="256" from="i_i" to="i" fromId="18" toId="22">
</dataflow>
<dataflow id="258" from="StgValue_257" to="i" fromId="257" toId="22">
</dataflow>
<dataflow id="259" from="tmp_i" to="StgValue_23" fromId="20" toId="23">
</dataflow>
<dataflow id="261" from="_ssdm_op_SpecLoopName" to="StgValue_24" fromId="260" toId="24">
</dataflow>
<dataflow id="263" from="p_str11" to="StgValue_24" fromId="262" toId="24">
</dataflow>
<dataflow id="265" from="_ssdm_op_SpecRegionBegin" to="tmp_i_115" fromId="264" toId="25">
</dataflow>
<dataflow id="266" from="p_str11" to="tmp_i_115" fromId="262" toId="25">
</dataflow>
<dataflow id="268" from="StgValue_267" to="j_i" fromId="267" toId="28">
<condition id="66">
<or_exp><and_exp><literal name="tmp_i" val="1"/>
</and_exp></or_exp>
</condition>
</dataflow>
<dataflow id="269" from="StgValue_26" to="j_i" fromId="26" toId="28">
</dataflow>
<dataflow id="270" from="j" to="j_i" fromId="32" toId="28">
<BackEdge/>
<condition id="67">
<or_exp><and_exp><literal name="tmp_92_i" val="1"/>
</and_exp></or_exp>
</condition>
</dataflow>
<dataflow id="271" from="StgValue_67" to="j_i" fromId="67" toId="28">
<BackEdge/>
</dataflow>
<dataflow id="272" from="j_i" to="j_cast_cast_i" fromId="28" toId="29">
</dataflow>
<dataflow id="273" from="j_cast_cast_i" to="tmp_92_i" fromId="29" toId="30">
</dataflow>
<dataflow id="274" from="p_src_cols_V_read" to="tmp_92_i" fromId="15" toId="30">
</dataflow>
<dataflow id="275" from="_ssdm_op_SpecLoopTripCount" to="StgValue_31" fromId="249" toId="31">
</dataflow>
<dataflow id="276" from="StgValue_251" to="StgValue_31" fromId="251" toId="31">
</dataflow>
<dataflow id="278" from="StgValue_277" to="StgValue_31" fromId="277" toId="31">
</dataflow>
<dataflow id="279" from="StgValue_251" to="StgValue_31" fromId="251" toId="31">
</dataflow>
<dataflow id="280" from="j_i" to="j" fromId="28" toId="32">
</dataflow>
<dataflow id="282" from="StgValue_281" to="j" fromId="281" toId="32">
</dataflow>
<dataflow id="283" from="tmp_92_i" to="StgValue_33" fromId="30" toId="33">
</dataflow>
<dataflow id="284" from="_ssdm_op_SpecRegionBegin" to="tmp_105_i" fromId="264" toId="34">
</dataflow>
<dataflow id="286" from="p_str51" to="tmp_105_i" fromId="285" toId="34">
</dataflow>
<dataflow id="288" from="_ssdm_op_SpecProtocol" to="StgValue_35" fromId="287" toId="35">
</dataflow>
<dataflow id="289" from="StgValue_97" to="StgValue_35" fromId="97" toId="35">
</dataflow>
<dataflow id="291" from="p_str3" to="StgValue_35" fromId="290" toId="35">
</dataflow>
<dataflow id="293" from="_ssdm_op_Read.ap_fifo.volatile.i8P" to="tmp_74" fromId="292" toId="36">
</dataflow>
<dataflow id="294" from="p_src_data_stream_0_V" to="tmp_74" fromId="88" toId="36">
</dataflow>
<dataflow id="295" from="_ssdm_op_Read.ap_fifo.volatile.i8P" to="tmp_75" fromId="292" toId="37">
</dataflow>
<dataflow id="296" from="p_src_data_stream_1_V" to="tmp_75" fromId="89" toId="37">
</dataflow>
<dataflow id="297" from="_ssdm_op_Read.ap_fifo.volatile.i8P" to="tmp_76" fromId="292" toId="38">
</dataflow>
<dataflow id="298" from="p_src_data_stream_2_V" to="tmp_76" fromId="90" toId="38">
</dataflow>
<dataflow id="300" from="_ssdm_op_SpecRegionEnd" to="empty" fromId="299" toId="39">
</dataflow>
<dataflow id="301" from="p_str51" to="empty" fromId="285" toId="39">
</dataflow>
<dataflow id="302" from="tmp_105_i" to="empty" fromId="34" toId="39">
</dataflow>
<dataflow id="303" from="tmp_74" to="OP2_V_i_cast_i" fromId="36" toId="40">
</dataflow>
<dataflow id="304" from="OP2_V_i_cast_i" to="r_V_i_i" fromId="40" toId="41">
</dataflow>
<dataflow id="306" from="StgValue_305" to="r_V_i_i" fromId="305" toId="41">
</dataflow>
<dataflow id="307" from="tmp_75" to="OP2_V_1_i_cast_i" fromId="37" toId="42">
</dataflow>
<dataflow id="308" from="OP2_V_1_i_cast_i" to="r_V_3_i_i" fromId="42" toId="43">
</dataflow>
<dataflow id="310" from="StgValue_309" to="r_V_3_i_i" fromId="309" toId="43">
</dataflow>
<dataflow id="311" from="tmp_76" to="OP2_V_2_i_cast_i" fromId="38" toId="44">
</dataflow>
<dataflow id="312" from="OP2_V_2_i_cast_i" to="r_V" fromId="44" toId="45">
</dataflow>
<dataflow id="314" from="StgValue_313" to="r_V" fromId="313" toId="45">
</dataflow>
<dataflow id="315" from="r_V" to="tmp_2_i_cast_i" fromId="45" toId="46">
</dataflow>
<dataflow id="316" from="r_V_i_i" to="p_Val2_30" fromId="41" toId="47">
</dataflow>
<dataflow id="317" from="tmp_2_i_cast_i" to="p_Val2_30" fromId="46" toId="47">
</dataflow>
<dataflow id="318" from="p_Val2_30" to="tmp_7_i_cast_i" fromId="47" toId="48">
</dataflow>
<dataflow id="319" from="r_V_3_i_i" to="r_V_5" fromId="43" toId="49">
</dataflow>
<dataflow id="320" from="tmp_7_i_cast_i" to="r_V_5" fromId="48" toId="49">
</dataflow>
<dataflow id="322" from="_ssdm_op_PartSelect.i8.i30.i32.i32" to="p_Val2_32" fromId="321" toId="50">
</dataflow>
<dataflow id="323" from="r_V_5" to="p_Val2_32" fromId="49" toId="50">
</dataflow>
<dataflow id="325" from="StgValue_324" to="p_Val2_32" fromId="324" toId="50">
</dataflow>
<dataflow id="327" from="StgValue_326" to="p_Val2_32" fromId="326" toId="50">
</dataflow>
<dataflow id="329" from="_ssdm_op_BitSelect.i1.i30.i32" to="tmp" fromId="328" toId="51">
</dataflow>
<dataflow id="330" from="r_V_5" to="tmp" fromId="49" toId="51">
</dataflow>
<dataflow id="332" from="StgValue_331" to="tmp" fromId="331" toId="51">
</dataflow>
<dataflow id="333" from="_ssdm_op_SpecLoopName" to="StgValue_52" fromId="260" toId="52">
</dataflow>
<dataflow id="335" from="p_str12" to="StgValue_52" fromId="334" toId="52">
</dataflow>
<dataflow id="336" from="_ssdm_op_SpecRegionBegin" to="tmp_104_i" fromId="264" toId="53">
</dataflow>
<dataflow id="337" from="p_str12" to="tmp_104_i" fromId="334" toId="53">
</dataflow>
<dataflow id="339" from="_ssdm_op_SpecPipeline" to="StgValue_54" fromId="338" toId="54">
</dataflow>
<dataflow id="341" from="StgValue_340" to="StgValue_54" fromId="340" toId="54">
</dataflow>
<dataflow id="343" from="StgValue_342" to="StgValue_54" fromId="342" toId="54">
</dataflow>
<dataflow id="344" from="StgValue_342" to="StgValue_54" fromId="342" toId="54">
</dataflow>
<dataflow id="345" from="StgValue_97" to="StgValue_54" fromId="97" toId="54">
</dataflow>
<dataflow id="346" from="p_str3" to="StgValue_54" fromId="290" toId="54">
</dataflow>
<dataflow id="347" from="tmp" to="tmp_3_i_i_i_i" fromId="51" toId="55">
</dataflow>
<dataflow id="348" from="_ssdm_op_BitSelect.i1.i30.i32" to="tmp_71" fromId="328" toId="56">
</dataflow>
<dataflow id="349" from="r_V_5" to="tmp_71" fromId="49" toId="56">
</dataflow>
<dataflow id="350" from="StgValue_326" to="tmp_71" fromId="326" toId="56">
</dataflow>
<dataflow id="351" from="p_Val2_32" to="p_Val2_33" fromId="50" toId="57">
</dataflow>
<dataflow id="352" from="tmp_3_i_i_i_i" to="p_Val2_33" fromId="55" toId="57">
</dataflow>
<dataflow id="354" from="_ssdm_op_BitSelect.i1.i8.i32" to="tmp_72" fromId="353" toId="58">
</dataflow>
<dataflow id="355" from="p_Val2_33" to="tmp_72" fromId="57" toId="58">
</dataflow>
<dataflow id="357" from="StgValue_356" to="tmp_72" fromId="356" toId="58">
</dataflow>
<dataflow id="358" from="tmp_71" to="p_Result_4_i_i_i_i_1" fromId="56" toId="59">
</dataflow>
<dataflow id="360" from="StgValue_359" to="p_Result_4_i_i_i_i_1" fromId="359" toId="59">
</dataflow>
<dataflow id="361" from="tmp_72" to="not_carry" fromId="58" toId="60">
</dataflow>
<dataflow id="362" from="p_Result_4_i_i_i_i_1" to="not_carry" fromId="59" toId="60">
</dataflow>
<dataflow id="363" from="not_carry" to="p_Val2_s" fromId="60" toId="61">
</dataflow>
<dataflow id="364" from="p_Val2_33" to="p_Val2_s" fromId="57" toId="61">
</dataflow>
<dataflow id="366" from="StgValue_365" to="p_Val2_s" fromId="365" toId="61">
</dataflow>
<dataflow id="367" from="_ssdm_op_SpecRegionBegin" to="tmp_106_i" fromId="264" toId="62">
</dataflow>
<dataflow id="369" from="p_str49" to="tmp_106_i" fromId="368" toId="62">
</dataflow>
<dataflow id="370" from="_ssdm_op_SpecProtocol" to="StgValue_63" fromId="287" toId="63">
</dataflow>
<dataflow id="371" from="StgValue_97" to="StgValue_63" fromId="97" toId="63">
</dataflow>
<dataflow id="372" from="p_str3" to="StgValue_63" fromId="290" toId="63">
</dataflow>
<dataflow id="374" from="_ssdm_op_Write.ap_fifo.volatile.i8P" to="StgValue_64" fromId="373" toId="64">
</dataflow>
<dataflow id="375" from="p_dst_data_stream_V" to="StgValue_64" fromId="91" toId="64">
</dataflow>
<dataflow id="376" from="p_Val2_s" to="StgValue_64" fromId="61" toId="64">
</dataflow>
<dataflow id="377" from="_ssdm_op_SpecRegionEnd" to="empty_116" fromId="299" toId="65">
</dataflow>
<dataflow id="378" from="p_str49" to="empty_116" fromId="368" toId="65">
</dataflow>
<dataflow id="379" from="tmp_106_i" to="empty_116" fromId="62" toId="65">
</dataflow>
<dataflow id="380" from="_ssdm_op_SpecRegionEnd" to="empty_117" fromId="299" toId="66">
</dataflow>
<dataflow id="381" from="p_str12" to="empty_117" fromId="334" toId="66">
</dataflow>
<dataflow id="382" from="tmp_104_i" to="empty_117" fromId="53" toId="66">
</dataflow>
<dataflow id="383" from="_ssdm_op_SpecRegionEnd" to="empty_118" fromId="299" toId="68">
</dataflow>
<dataflow id="384" from="p_str11" to="empty_118" fromId="262" toId="68">
</dataflow>
<dataflow id="385" from="tmp_i_115" to="empty_118" fromId="25" toId="68">
</dataflow>
<dataflow id="386" from="tmp_i" to="StgValue_2" fromId="20" toId="2">
</dataflow>
<dataflow id="387" from="tmp_92_i" to="StgValue_4" fromId="30" toId="4">
</dataflow>
<dataflow id="388" from="tmp_92_i" to="StgValue_5" fromId="30" toId="5">
</dataflow>
<dataflow id="389" from="tmp_92_i" to="StgValue_6" fromId="30" toId="6">
</dataflow>
<dataflow id="390" from="tmp_92_i" to="StgValue_7" fromId="30" toId="7">
</dataflow>
<dataflow id="391" from="tmp_92_i" to="StgValue_3" fromId="30" toId="3">
</dataflow>
<dataflow id="392" from="tmp_i" to="StgValue_3" fromId="20" toId="3">
</dataflow>
<dataflow id="393" from="tmp_i" to="StgValue_4" fromId="20" toId="4">
</dataflow>
<dataflow id="394" from="tmp_i" to="StgValue_5" fromId="20" toId="5">
</dataflow>
<dataflow id="395" from="tmp_i" to="StgValue_6" fromId="20" toId="6">
</dataflow>
<dataflow id="396" from="tmp_i" to="StgValue_7" fromId="20" toId="7">
</dataflow>
</dataflows>


</stg>
