<profile>

<section name = "Vivado HLS Report for 'CvtColor'" level="0">
<item name = "Date">Tue Apr 21 15:04:28 2020
</item>
<item name = "Version">2017.4 (Build 2086221 on Fri Dec 15 21:13:33 MST 2017)</item>
<item name = "Project">DVS</item>
<item name = "Solution">solution1</item>
<item name = "Product family">zynq</item>
<item name = "Target device">xc7z020clg484-1</item>
</section>

<section name = "Performance Estimates" level="0">
<item name = "Timing (ns)">
<section name = "" level="1">
<item name = "Summary"><table name="" hasTotal="0">
<keys size="4">Clock, Target, Estimated, Uncertainty</keys>
<column name="ap_clk">10.00, 9.40, 1.25</column>
</table>
</item>
</section>
</item>
<item name = "Latency (clock cycles)">
<section name = "" level="1">
<item name = "Summary"><table name="" hasTotal="0">
<keys size="6">, min, max, min, max, Type</keys>
<column name="">1, 925921, 1, 925921, none</column>
</table>
</item>
<item name = "Detail">
<section name = "" level="1">
<item name = "Instance"><table name="" hasTotal="0">
<keys size="7">Instance, Module, min, max, min, max, Type</keys>
</table>
</item>
<item name = "Loop"><table name="" hasTotal="0">
<keys size="8">Loop Name, min, max, Latency, achieved, target, Count, Pipelined</keys>
<column name="- loop_height">0, 925920, 3 ~ 1286, -, -, 0 ~ 720, no</column>
<column name=" + loop_width">0, 1283, 5, 1, 1, 0 ~ 1280, yes</column>
</table>
</item>
</section>
</item>
</section>
</item>
</section>

<section name = "Utilization Estimates" level="0">
<item name = "Summary"><table name="" hasTotal="1">
<keys size="5">Name, BRAM_18K, DSP48E, FF, LUT</keys>
<column name="DSP">-, 3, -, -</column>
<column name="Expression">-, -, 0, 148</column>
<column name="FIFO">-, -, -, -</column>
<column name="Instance">-, -, -, -</column>
<column name="Memory">-, -, -, -</column>
<column name="Multiplexer">-, -, -, 135</column>
<column name="Register">0, -, 238, 32</column>
<specialColumn name="Available">280, 220, 106400, 53200</specialColumn>
<specialColumn name="Utilization (%)">0, 1, ~0, ~0</specialColumn>
</table>
</item>
<item name = "Detail">
<section name = "" level="1">
<item name = "Instance"><table name="" hasTotal="1">
<keys size="6">Instance, Module, BRAM_18K, DSP48E, FF, LUT</keys>
</table>
</item>
<item name = "DSP48"><table name="" hasTotal="0">
<keys size="3">Instance, Module, Expression</keys>
<column name="DVS_mac_muladd_8ncud_U20">DVS_mac_muladd_8ncud, i0 * i1 + i2</column>
<column name="DVS_mac_muladd_8ndEe_U21">DVS_mac_muladd_8ndEe, i0 + i1 * i2</column>
<column name="DVS_mul_mul_8ns_2bkb_U19">DVS_mul_mul_8ns_2bkb, i0 * i1</column>
</table>
</item>
<item name = "Memory"><table name="" hasTotal="1">
<keys size="9">Memory, Module, BRAM_18K, FF, LUT, Words, Bits, Banks, W*Bits*Banks</keys>
</table>
</item>
<item name = "FIFO"><table name="" hasTotal="1">
<keys size="7">Name, BRAM_18K, FF, LUT, Depth, Bits, Size:D*B</keys>
</table>
</item>
<item name = "Expression"><table name="" hasTotal="1">
<keys size="7">Variable Name, Operation, DSP48E, FF, LUT, Bitwidth P0, Bitwidth P1</keys>
<column name="i_fu_234_p2">+, 0, 0, 17, 10, 1</column>
<column name="j_fu_249_p2">+, 0, 0, 18, 11, 1</column>
<column name="p_Val2_33_fu_293_p2">+, 0, 0, 15, 8, 8</column>
<column name="ap_block_state7_pp0_stage0_iter4">and, 0, 0, 8, 1, 1</column>
<column name="tmp_92_i_fu_244_p2">icmp, 0, 0, 13, 12, 12</column>
<column name="tmp_i_fu_229_p2">icmp, 0, 0, 13, 11, 11</column>
<column name="ap_block_pp0_stage0_01001">or, 0, 0, 8, 1, 1</column>
<column name="ap_block_state1">or, 0, 0, 8, 1, 1</column>
<column name="ap_block_state4_pp0_stage0_iter1">or, 0, 0, 8, 1, 1</column>
<column name="not_carry_fu_312_p2">or, 0, 0, 8, 1, 1</column>
<column name="p_dst_data_stream_V_din">select, 0, 0, 8, 1, 8</column>
<column name="ap_enable_pp0">xor, 0, 0, 8, 1, 2</column>
<column name="ap_enable_reg_pp0_iter1">xor, 0, 0, 8, 2, 1</column>
<column name="p_Result_4_i_i_i_i_1_fu_306_p2">xor, 0, 0, 8, 1, 2</column>
</table>
</item>
<item name = "Multiplexer"><table name="" hasTotal="1">
<keys size="5">Name, LUT, Input Size, Bits, Total Bits</keys>
<column name="ap_NS_fsm">27, 5, 1, 5</column>
<column name="ap_done">9, 2, 1, 2</column>
<column name="ap_enable_reg_pp0_iter1">9, 2, 1, 2</column>
<column name="ap_enable_reg_pp0_iter4">9, 2, 1, 2</column>
<column name="i_i_reg_203">9, 2, 10, 20</column>
<column name="j_i_reg_214">9, 2, 11, 22</column>
<column name="p_dst_data_stream_V_blk_n">9, 2, 1, 2</column>
<column name="p_src_cols_V_blk_n">9, 2, 1, 2</column>
<column name="p_src_data_stream_0_V_blk_n">9, 2, 1, 2</column>
<column name="p_src_data_stream_1_V_blk_n">9, 2, 1, 2</column>
<column name="p_src_data_stream_2_V_blk_n">9, 2, 1, 2</column>
<column name="p_src_rows_V_blk_n">9, 2, 1, 2</column>
<column name="real_start">9, 2, 1, 2</column>
</table>
</item>
<item name = "Register"><table name="" hasTotal="1">
<keys size="5">Name, FF, LUT, Bits, Const Bits</keys>
<column name="ap_CS_fsm">4, 0, 4, 0</column>
<column name="ap_done_reg">1, 0, 1, 0</column>
<column name="ap_enable_reg_pp0_iter0">1, 0, 1, 0</column>
<column name="ap_enable_reg_pp0_iter1">1, 0, 1, 0</column>
<column name="ap_enable_reg_pp0_iter2">1, 0, 1, 0</column>
<column name="ap_enable_reg_pp0_iter3">1, 0, 1, 0</column>
<column name="ap_enable_reg_pp0_iter4">1, 0, 1, 0</column>
<column name="ap_reg_pp0_iter2_tmp_75_reg_384">8, 0, 8, 0</column>
<column name="ap_reg_pp0_iter2_tmp_76_reg_389">8, 0, 8, 0</column>
<column name="i_i_reg_203">10, 0, 10, 0</column>
<column name="i_reg_365">10, 0, 10, 0</column>
<column name="j_i_reg_214">11, 0, 11, 0</column>
<column name="p_Val2_32_reg_404">8, 0, 8, 0</column>
<column name="p_src_cols_V_read_reg_351">12, 0, 12, 0</column>
<column name="p_src_rows_V_read_reg_356">11, 0, 11, 0</column>
<column name="r_V_5_reg_399">30, 0, 30, 0</column>
<column name="r_V_i_i_reg_394">29, 0, 29, 0</column>
<column name="start_once_reg">1, 0, 1, 0</column>
<column name="tmp_74_reg_379">8, 0, 8, 0</column>
<column name="tmp_75_reg_384">8, 0, 8, 0</column>
<column name="tmp_76_reg_389">8, 0, 8, 0</column>
<column name="tmp_92_i_reg_370">1, 0, 1, 0</column>
<column name="tmp_reg_409">1, 0, 1, 0</column>
<column name="tmp_92_i_reg_370">64, 32, 1, 0</column>
</table>
</item>
</section>
</item>
</section>

<section name = "Interface" level="0">
<item name = "Summary"><table name="" hasTotal="0">
<keys size="6">RTL Ports, Dir, Bits, Protocol, Source Object, C Type</keys>
<column name="ap_clk">in, 1, ap_ctrl_hs, CvtColor, return value</column>
<column name="ap_rst">in, 1, ap_ctrl_hs, CvtColor, return value</column>
<column name="ap_start">in, 1, ap_ctrl_hs, CvtColor, return value</column>
<column name="start_full_n">in, 1, ap_ctrl_hs, CvtColor, return value</column>
<column name="ap_done">out, 1, ap_ctrl_hs, CvtColor, return value</column>
<column name="ap_continue">in, 1, ap_ctrl_hs, CvtColor, return value</column>
<column name="ap_idle">out, 1, ap_ctrl_hs, CvtColor, return value</column>
<column name="ap_ready">out, 1, ap_ctrl_hs, CvtColor, return value</column>
<column name="start_out">out, 1, ap_ctrl_hs, CvtColor, return value</column>
<column name="start_write">out, 1, ap_ctrl_hs, CvtColor, return value</column>
<column name="p_src_rows_V_dout">in, 11, ap_fifo, p_src_rows_V, pointer</column>
<column name="p_src_rows_V_empty_n">in, 1, ap_fifo, p_src_rows_V, pointer</column>
<column name="p_src_rows_V_read">out, 1, ap_fifo, p_src_rows_V, pointer</column>
<column name="p_src_cols_V_dout">in, 12, ap_fifo, p_src_cols_V, pointer</column>
<column name="p_src_cols_V_empty_n">in, 1, ap_fifo, p_src_cols_V, pointer</column>
<column name="p_src_cols_V_read">out, 1, ap_fifo, p_src_cols_V, pointer</column>
<column name="p_src_data_stream_0_V_dout">in, 8, ap_fifo, p_src_data_stream_0_V, pointer</column>
<column name="p_src_data_stream_0_V_empty_n">in, 1, ap_fifo, p_src_data_stream_0_V, pointer</column>
<column name="p_src_data_stream_0_V_read">out, 1, ap_fifo, p_src_data_stream_0_V, pointer</column>
<column name="p_src_data_stream_1_V_dout">in, 8, ap_fifo, p_src_data_stream_1_V, pointer</column>
<column name="p_src_data_stream_1_V_empty_n">in, 1, ap_fifo, p_src_data_stream_1_V, pointer</column>
<column name="p_src_data_stream_1_V_read">out, 1, ap_fifo, p_src_data_stream_1_V, pointer</column>
<column name="p_src_data_stream_2_V_dout">in, 8, ap_fifo, p_src_data_stream_2_V, pointer</column>
<column name="p_src_data_stream_2_V_empty_n">in, 1, ap_fifo, p_src_data_stream_2_V, pointer</column>
<column name="p_src_data_stream_2_V_read">out, 1, ap_fifo, p_src_data_stream_2_V, pointer</column>
<column name="p_dst_data_stream_V_din">out, 8, ap_fifo, p_dst_data_stream_V, pointer</column>
<column name="p_dst_data_stream_V_full_n">in, 1, ap_fifo, p_dst_data_stream_V, pointer</column>
<column name="p_dst_data_stream_V_write">out, 1, ap_fifo, p_dst_data_stream_V, pointer</column>
</table>
</item>
</section>
</profile>
