<profile>

<section name = "Vivado HLS Report for 'Duplicate'" level="0">
<item name = "Date">Tue Apr 21 15:04:38 2020
</item>
<item name = "Version">2017.4 (Build 2086221 on Fri Dec 15 21:13:33 MST 2017)</item>
<item name = "Project">DVS</item>
<item name = "Solution">solution1</item>
<item name = "Product family">zynq</item>
<item name = "Target device">xc7z020clg484-1</item>
</section>

<section name = "Performance Estimates" level="0">
<item name = "Timing (ns)">
<section name = "" level="1">
<item name = "Summary"><table name="" hasTotal="0">
<keys size="4">Clock, Target, Estimated, Uncertainty</keys>
<column name="ap_clk">10.00, 7.27, 1.25</column>
</table>
</item>
</section>
</item>
<item name = "Latency (clock cycles)">
<section name = "" level="1">
<item name = "Summary"><table name="" hasTotal="0">
<keys size="6">, min, max, min, max, Type</keys>
<column name="">1, 411521, 1, 411521, none</column>
</table>
</item>
<item name = "Detail">
<section name = "" level="1">
<item name = "Instance"><table name="" hasTotal="0">
<keys size="7">Instance, Module, min, max, min, max, Type</keys>
</table>
</item>
<item name = "Loop"><table name="" hasTotal="0">
<keys size="8">Loop Name, min, max, Latency, achieved, target, Count, Pipelined</keys>
<column name="- loop_height">0, 411520, 3 ~ 643, -, -, 0 ~ 640, no</column>
<column name=" + loop_width">0, 640, 2, 1, 1, 0 ~ 640, yes</column>
</table>
</item>
</section>
</item>
</section>
</item>
</section>

<section name = "Utilization Estimates" level="0">
<item name = "Summary"><table name="" hasTotal="1">
<keys size="5">Name, BRAM_18K, DSP48E, FF, LUT</keys>
<column name="DSP">-, -, -, -</column>
<column name="Expression">-, -, 0, 100</column>
<column name="FIFO">-, -, -, -</column>
<column name="Instance">-, -, -, -</column>
<column name="Memory">-, -, -, -</column>
<column name="Multiplexer">-, -, -, 123</column>
<column name="Register">-, -, 61, -</column>
<specialColumn name="Available">280, 220, 106400, 53200</specialColumn>
<specialColumn name="Utilization (%)">0, 0, ~0, ~0</specialColumn>
</table>
</item>
<item name = "Detail">
<section name = "" level="1">
<item name = "Instance"><table name="" hasTotal="1">
<keys size="6">Instance, Module, BRAM_18K, DSP48E, FF, LUT</keys>
</table>
</item>
<item name = "DSP48"><table name="" hasTotal="0">
<keys size="3">Instance, Module, Expression</keys>
</table>
</item>
<item name = "Memory"><table name="" hasTotal="1">
<keys size="9">Memory, Module, BRAM_18K, FF, LUT, Words, Bits, Banks, W*Bits*Banks</keys>
</table>
</item>
<item name = "FIFO"><table name="" hasTotal="1">
<keys size="7">Name, BRAM_18K, FF, LUT, Depth, Bits, Size:D*B</keys>
</table>
</item>
<item name = "Expression"><table name="" hasTotal="1">
<keys size="7">Variable Name, Operation, DSP48E, FF, LUT, Bitwidth P0, Bitwidth P1</keys>
<column name="i_V_fu_183_p2">+, 0, 0, 17, 10, 1</column>
<column name="j_V_fu_198_p2">+, 0, 0, 17, 10, 1</column>
<column name="ap_block_pp0_stage0_01001">and, 0, 0, 8, 1, 1</column>
<column name="exitcond7_i_fu_178_p2">icmp, 0, 0, 13, 11, 11</column>
<column name="exitcond_i_fu_193_p2">icmp, 0, 0, 13, 11, 11</column>
<column name="ap_block_state1">or, 0, 0, 8, 1, 1</column>
<column name="ap_block_state4_pp0_stage0_iter1">or, 0, 0, 8, 1, 1</column>
<column name="ap_enable_pp0">xor, 0, 0, 8, 1, 2</column>
<column name="ap_enable_reg_pp0_iter1">xor, 0, 0, 8, 2, 1</column>
</table>
</item>
<item name = "Multiplexer"><table name="" hasTotal="1">
<keys size="5">Name, LUT, Input Size, Bits, Total Bits</keys>
<column name="ap_NS_fsm">27, 5, 1, 5</column>
<column name="ap_done">9, 2, 1, 2</column>
<column name="ap_enable_reg_pp0_iter1">15, 3, 1, 3</column>
<column name="dst1_data_stream_V_blk_n">9, 2, 1, 2</column>
<column name="dst2_data_stream_V_blk_n">9, 2, 1, 2</column>
<column name="real_start">9, 2, 1, 2</column>
<column name="src_cols_V_blk_n">9, 2, 1, 2</column>
<column name="src_data_stream_V_blk_n">9, 2, 1, 2</column>
<column name="src_rows_V_blk_n">9, 2, 1, 2</column>
<column name="t_V_4_reg_163">9, 2, 10, 20</column>
<column name="t_V_reg_152">9, 2, 10, 20</column>
</table>
</item>
<item name = "Register"><table name="" hasTotal="1">
<keys size="5">Name, FF, LUT, Bits, Const Bits</keys>
<column name="ap_CS_fsm">4, 0, 4, 0</column>
<column name="ap_done_reg">1, 0, 1, 0</column>
<column name="ap_enable_reg_pp0_iter0">1, 0, 1, 0</column>
<column name="ap_enable_reg_pp0_iter1">1, 0, 1, 0</column>
<column name="exitcond_i_reg_223">1, 0, 1, 0</column>
<column name="i_V_reg_218">10, 0, 10, 0</column>
<column name="src_cols_V_read_reg_209">11, 0, 11, 0</column>
<column name="src_rows_V_read_reg_204">11, 0, 11, 0</column>
<column name="start_once_reg">1, 0, 1, 0</column>
<column name="t_V_4_reg_163">10, 0, 10, 0</column>
<column name="t_V_reg_152">10, 0, 10, 0</column>
</table>
</item>
</section>
</item>
</section>

<section name = "Interface" level="0">
<item name = "Summary"><table name="" hasTotal="0">
<keys size="6">RTL Ports, Dir, Bits, Protocol, Source Object, C Type</keys>
<column name="ap_clk">in, 1, ap_ctrl_hs, Duplicate, return value</column>
<column name="ap_rst">in, 1, ap_ctrl_hs, Duplicate, return value</column>
<column name="ap_start">in, 1, ap_ctrl_hs, Duplicate, return value</column>
<column name="start_full_n">in, 1, ap_ctrl_hs, Duplicate, return value</column>
<column name="ap_done">out, 1, ap_ctrl_hs, Duplicate, return value</column>
<column name="ap_continue">in, 1, ap_ctrl_hs, Duplicate, return value</column>
<column name="ap_idle">out, 1, ap_ctrl_hs, Duplicate, return value</column>
<column name="ap_ready">out, 1, ap_ctrl_hs, Duplicate, return value</column>
<column name="start_out">out, 1, ap_ctrl_hs, Duplicate, return value</column>
<column name="start_write">out, 1, ap_ctrl_hs, Duplicate, return value</column>
<column name="src_rows_V_dout">in, 11, ap_fifo, src_rows_V, pointer</column>
<column name="src_rows_V_empty_n">in, 1, ap_fifo, src_rows_V, pointer</column>
<column name="src_rows_V_read">out, 1, ap_fifo, src_rows_V, pointer</column>
<column name="src_cols_V_dout">in, 11, ap_fifo, src_cols_V, pointer</column>
<column name="src_cols_V_empty_n">in, 1, ap_fifo, src_cols_V, pointer</column>
<column name="src_cols_V_read">out, 1, ap_fifo, src_cols_V, pointer</column>
<column name="src_data_stream_V_dout">in, 8, ap_fifo, src_data_stream_V, pointer</column>
<column name="src_data_stream_V_empty_n">in, 1, ap_fifo, src_data_stream_V, pointer</column>
<column name="src_data_stream_V_read">out, 1, ap_fifo, src_data_stream_V, pointer</column>
<column name="dst1_data_stream_V_din">out, 8, ap_fifo, dst1_data_stream_V, pointer</column>
<column name="dst1_data_stream_V_full_n">in, 1, ap_fifo, dst1_data_stream_V, pointer</column>
<column name="dst1_data_stream_V_write">out, 1, ap_fifo, dst1_data_stream_V, pointer</column>
<column name="dst2_data_stream_V_din">out, 8, ap_fifo, dst2_data_stream_V, pointer</column>
<column name="dst2_data_stream_V_full_n">in, 1, ap_fifo, dst2_data_stream_V, pointer</column>
<column name="dst2_data_stream_V_write">out, 1, ap_fifo, dst2_data_stream_V, pointer</column>
</table>
</item>
</section>
</profile>
