<profile>

<section name = "Vivado HLS Report for 'DVS'" level="0">
<item name = "Date">Tue Apr 21 15:04:18 2020
</item>
<item name = "Version">2017.4 (Build 2086221 on Fri Dec 15 21:13:33 MST 2017)</item>
<item name = "Project">DVS</item>
<item name = "Solution">solution1</item>
<item name = "Product family">zynq</item>
<item name = "Target device">xc7z020clg484-1</item>
</section>

<section name = "Performance Estimates" level="0">
<item name = "Timing (ns)">
<section name = "" level="1">
<item name = "Summary"><table name="" hasTotal="0">
<keys size="4">Clock, Target, Estimated, Uncertainty</keys>
<column name="ap_clk">10.00, 9.40, 1.25</column>
</table>
</item>
</section>
</item>
<item name = "Latency (clock cycles)">
<section name = "" level="1">
<item name = "Summary"><table name="" hasTotal="0">
<keys size="6">, min, max, min, max, Type</keys>
<column name="">951171, 951171, 951171, 951171, dataflow</column>
</table>
</item>
<item name = "Detail">
<section name = "" level="1">
<item name = "Instance"><table name="" hasTotal="0">
<keys size="7">Instance, Module, min, max, min, max, Type</keys>
<column name="grp_Resize_fu_452">Resize, 951170, 951170, 951170, 951170, none</column>
<column name="grp_AXIvideo2Mat_fu_462">AXIvideo2Mat, 3, 926643, 3, 926643, none</column>
<column name="grp_CvtColor_fu_487">CvtColor, 1, 925921, 1, 925921, none</column>
<column name="grp_Array2Mat_1_fu_497">Array2Mat_1, 411522, 411522, 411522, 411522, none</column>
<column name="grp_Mat2Array_1_fu_504">Mat2Array_1, 411522, 411522, 411522, 411522, none</column>
<column name="grp_AbsDiff_fu_511">AbsDiff, 412161, 412161, 412161, 412161, none</column>
<column name="grp_Mat2AXIvideo_fu_518">Mat2AXIvideo, 412161, 412161, 412161, 412161, none</column>
<column name="grp_Duplicate_fu_537">Duplicate, 1, 411521, 1, 411521, none</column>
<column name="grp_Threshold_fu_546">Threshold, 412161, 412161, 412161, 412161, none</column>
<column name="StgValue_35_Block_proc_fu_552">Block_proc, 0, 0, 0, 0, none</column>
</table>
</item>
<item name = "Loop"><table name="" hasTotal="0">
<keys size="8">Loop Name, min, max, Latency, achieved, target, Count, Pipelined</keys>
</table>
</item>
</section>
</item>
</section>
</item>
</section>
</profile>
