<stg><name>Mat2Array</name>


<trans_list>

<trans id="44" from="1" to="2">
<condition id="17">
<or_exp><and_exp></and_exp></or_exp>
</condition>
</trans>

<trans id="45" from="2" to="3">
<condition id="19">
<or_exp><and_exp><literal name="exitcond5" val="0"/>
</and_exp></or_exp>
</condition>
</trans>

<trans id="53" from="3" to="5">
<condition id="28">
<or_exp><and_exp><literal name="exitcond" val="1"/>
</and_exp></or_exp>
</condition>
</trans>

<trans id="54" from="3" to="4">
<condition id="30">
<or_exp><and_exp><literal name="exitcond" val="0"/>
</and_exp></or_exp>
</condition>
</trans>

<trans id="52" from="4" to="3">
<condition id="29">
<or_exp><and_exp></and_exp></or_exp>
</condition>
</trans>

<trans id="50" from="5" to="2">
<condition id="27">
<or_exp><and_exp></and_exp></or_exp>
</condition>
</trans>
</trans_list>



<state_list>

<state id="1" st_id="1">

<operation id="6" st_id="1" stage="1" lat="1">
<core>NULL</core>
<MemPortIdVec></MemPortIdVec>
<condition id="9">
<or_exp><and_exp></and_exp></or_exp>
</condition>

<Node id="3" bw="0" op_0_bw="0" op_1_bw="8" op_2_bw="0" op_3_bw="32" op_4_bw="32" op_5_bw="0" op_6_bw="32" op_7_bw="32" op_8_bw="0" op_9_bw="0" op_10_bw="0" op_11_bw="32" op_12_bw="32" op_13_bw="32" op_14_bw="32" op_15_bw="0" op_16_bw="0">
<![CDATA[
._crit_edge:0  call void (...)* @_ssdm_op_SpecInterface(i8* %img_data_stream_V, [8 x i8]* @ap_fifo_str, i32 0, i32 0, [1 x i8]* @p_str206, i32 0, i32 0, [1 x i8]* @p_str207, [1 x i8]* @p_str208, [1 x i8]* @p_str209, i32 2, i32 2, i32 16, i32 16, [1 x i8]* @p_str210, [1 x i8]* @p_str211)

]]></Node>
<StgValue><ssdm name=""/></StgValue>
</operation>

<operation id="7" st_id="1" stage="1" lat="1">
<core>NULL</core>
<MemPortIdVec></MemPortIdVec>
<condition id="9">
<or_exp><and_exp></and_exp></or_exp>
</condition>

<Node id="4" bw="0" op_0_bw="0" op_1_bw="8" op_2_bw="0" op_3_bw="0" op_4_bw="0" op_5_bw="32" op_6_bw="0" op_7_bw="0" op_8_bw="0" op_9_bw="0" op_10_bw="0">
<![CDATA[
._crit_edge:1  call void (...)* @_ssdm_op_SpecMemCore([409600 x i8]* %fb, [1 x i8]* @p_str3, [12 x i8]* @p_str5, [1 x i8]* @p_str3, i32 -1, [1 x i8]* @p_str3, [1 x i8]* @p_str3, [1 x i8]* @p_str3, [1 x i8]* @p_str3, [1 x i8]* @p_str3)

]]></Node>
<StgValue><ssdm name=""/></StgValue>
</operation>

<operation id="8" st_id="1" stage="1" lat="1">
<core>NULL</core>
<MemPortIdVec></MemPortIdVec>
<condition id="9">
<or_exp><and_exp></and_exp></or_exp>
</condition>

<Node id="5" bw="0" op_0_bw="0" op_1_bw="8" op_2_bw="0" op_3_bw="32" op_4_bw="32" op_5_bw="0" op_6_bw="32" op_7_bw="32" op_8_bw="0" op_9_bw="0" op_10_bw="0" op_11_bw="32" op_12_bw="32" op_13_bw="32" op_14_bw="32" op_15_bw="0" op_16_bw="0">
<![CDATA[
._crit_edge:2  call void (...)* @_ssdm_op_SpecInterface([409600 x i8]* %fb, [5 x i8]* @p_str4, i32 0, i32 0, [1 x i8]* @p_str3, i32 0, i32 0, [1 x i8]* @p_str3, [1 x i8]* @p_str3, [1 x i8]* @p_str3, i32 0, i32 0, i32 0, i32 0, [1 x i8]* @p_str3, [1 x i8]* @p_str3) nounwind

]]></Node>
<StgValue><ssdm name=""/></StgValue>
</operation>

<operation id="9" st_id="1" stage="1" lat="1">
<core>NULL</core>
<MemPortIdVec></MemPortIdVec>
<condition id="9">
<or_exp><and_exp></and_exp></or_exp>
</condition>

<Node id="6" bw="0" op_0_bw="0">
<![CDATA[
._crit_edge:3  br label %0

]]></Node>
<StgValue><ssdm name=""/></StgValue>
</operation>
</state>

<state id="2" st_id="2">

<operation id="10" st_id="2" stage="1" lat="1">
<core>NULL</core>
<MemPortIdVec></MemPortIdVec>
<condition id="10">
<or_exp><and_exp></and_exp></or_exp>
</condition>

<Node id="8" bw="10" op_0_bw="10" op_1_bw="0">
<![CDATA[
:0  %t_V = phi i10 [ 0, %._crit_edge ], [ %row_V, %4 ]

]]></Node>
<StgValue><ssdm name="t_V"/></StgValue>
</operation>

<operation id="11" st_id="2" stage="1" lat="1">
<core>Cmp</core>
<MemPortIdVec></MemPortIdVec>
<condition id="10">
<or_exp><and_exp></and_exp></or_exp>
</condition>

<Node id="9" bw="1" op_0_bw="10" op_1_bw="10">
<![CDATA[
:1  %exitcond5 = icmp eq i10 %t_V, -384

]]></Node>
<StgValue><ssdm name="exitcond5"/></StgValue>
</operation>

<operation id="12" st_id="2" stage="1" lat="1">
<core>NULL</core>
<MemPortIdVec></MemPortIdVec>
<condition id="10">
<or_exp><and_exp></and_exp></or_exp>
</condition>

<Node id="10" bw="0" op_0_bw="0" op_1_bw="64" op_2_bw="64" op_3_bw="64">
<![CDATA[
:2  call void (...)* @_ssdm_op_SpecLoopTripCount(i64 640, i64 640, i64 640)

]]></Node>
<StgValue><ssdm name=""/></StgValue>
</operation>

<operation id="13" st_id="2" stage="1" lat="1">
<core>AddSub</core>
<MemPortIdVec></MemPortIdVec>
<condition id="10">
<or_exp><and_exp></and_exp></or_exp>
</condition>

<Node id="11" bw="10" op_0_bw="10" op_1_bw="10">
<![CDATA[
:3  %row_V = add i10 %t_V, 1

]]></Node>
<StgValue><ssdm name="row_V"/></StgValue>
</operation>

<operation id="14" st_id="2" stage="1" lat="1">
<core>NULL</core>
<MemPortIdVec></MemPortIdVec>
<condition id="10">
<or_exp><and_exp></and_exp></or_exp>
</condition>

<Node id="12" bw="0" op_0_bw="1" op_1_bw="0" op_2_bw="0">
<![CDATA[
:4  br i1 %exitcond5, label %5, label %1

]]></Node>
<StgValue><ssdm name=""/></StgValue>
</operation>

<operation id="15" st_id="2" stage="1" lat="1">
<core>NULL</core>
<MemPortIdVec></MemPortIdVec>
<condition id="12">
<or_exp><and_exp><literal name="exitcond5" val="0"/>
</and_exp></or_exp>
</condition>

<Node id="14" bw="0" op_0_bw="0" op_1_bw="0">
<![CDATA[
:0  call void (...)* @_ssdm_op_SpecLoopName([11 x i8]* @p_str27) nounwind

]]></Node>
<StgValue><ssdm name=""/></StgValue>
</operation>

<operation id="16" st_id="2" stage="1" lat="1">
<core>NULL</core>
<MemPortIdVec></MemPortIdVec>
<condition id="12">
<or_exp><and_exp><literal name="exitcond5" val="0"/>
</and_exp></or_exp>
</condition>

<Node id="15" bw="32" op_0_bw="32" op_1_bw="0">
<![CDATA[
:1  %tmp = call i32 (...)* @_ssdm_op_SpecRegionBegin([11 x i8]* @p_str27)

]]></Node>
<StgValue><ssdm name="tmp"/></StgValue>
</operation>

<operation id="17" st_id="2" stage="1" lat="1">
<core>NULL</core>
<MemPortIdVec></MemPortIdVec>
<condition id="12">
<or_exp><and_exp><literal name="exitcond5" val="0"/>
</and_exp></or_exp>
</condition>

<Node id="16" bw="19" op_0_bw="19" op_1_bw="10" op_2_bw="9">
<![CDATA[
:2  %p_shl = call i19 @_ssdm_op_BitConcatenate.i19.i10.i9(i10 %t_V, i9 0)

]]></Node>
<StgValue><ssdm name="p_shl"/></StgValue>
</operation>

<operation id="18" st_id="2" stage="1" lat="1">
<core>NULL</core>
<MemPortIdVec></MemPortIdVec>
<condition id="12">
<or_exp><and_exp><literal name="exitcond5" val="0"/>
</and_exp></or_exp>
</condition>

<Node id="17" bw="17" op_0_bw="17" op_1_bw="10" op_2_bw="7">
<![CDATA[
:3  %p_shl2 = call i17 @_ssdm_op_BitConcatenate.i17.i10.i7(i10 %t_V, i7 0)

]]></Node>
<StgValue><ssdm name="p_shl2"/></StgValue>
</operation>

<operation id="19" st_id="2" stage="1" lat="1">
<core>NULL</core>
<MemPortIdVec></MemPortIdVec>
<condition id="12">
<or_exp><and_exp><literal name="exitcond5" val="0"/>
</and_exp></or_exp>
</condition>

<Node id="18" bw="18" op_0_bw="17">
<![CDATA[
:4  %p_shl2_cast_cast = zext i17 %p_shl2 to i18

]]></Node>
<StgValue><ssdm name="p_shl2_cast_cast"/></StgValue>
</operation>

<operation id="20" st_id="2" stage="1" lat="1">
<core>NULL</core>
<MemPortIdVec></MemPortIdVec>
<condition id="12">
<or_exp><and_exp><literal name="exitcond5" val="0"/>
</and_exp></or_exp>
</condition>

<Node id="19" bw="0" op_0_bw="0">
<![CDATA[
:5  br label %2

]]></Node>
<StgValue><ssdm name=""/></StgValue>
</operation>

<operation id="21" st_id="2" stage="1" lat="1">
<core>NULL</core>
<MemPortIdVec></MemPortIdVec>
<condition id="14">
<or_exp><and_exp><literal name="exitcond5" val="1"/>
</and_exp></or_exp>
</condition>

<Node id="46" bw="0">
<![CDATA[
:0  ret void

]]></Node>
<StgValue><ssdm name=""/></StgValue>
</operation>
</state>

<state id="3" st_id="3">

<operation id="22" st_id="3" stage="1" lat="1">
<core>NULL</core>
<MemPortIdVec></MemPortIdVec>
<condition id="-1">
<or_exp><and_exp></and_exp></or_exp>
</condition>

<Node id="21" bw="10" op_0_bw="10" op_1_bw="0">
<![CDATA[
:0  %t_V_2 = phi i10 [ 0, %1 ], [ %col_V, %3 ]

]]></Node>
<StgValue><ssdm name="t_V_2"/></StgValue>
</operation>

<operation id="23" st_id="3" stage="1" lat="1">
<core>Cmp</core>
<MemPortIdVec></MemPortIdVec>
<condition id="-1">
<or_exp><and_exp></and_exp></or_exp>
</condition>

<Node id="22" bw="1" op_0_bw="10" op_1_bw="10">
<![CDATA[
:1  %exitcond = icmp eq i10 %t_V_2, -384

]]></Node>
<StgValue><ssdm name="exitcond"/></StgValue>
</operation>

<operation id="24" st_id="3" stage="1" lat="1">
<core>NULL</core>
<MemPortIdVec></MemPortIdVec>
<condition id="-1">
<or_exp><and_exp></and_exp></or_exp>
</condition>

<Node id="23" bw="0" op_0_bw="0" op_1_bw="64" op_2_bw="64" op_3_bw="64">
<![CDATA[
:2  call void (...)* @_ssdm_op_SpecLoopTripCount(i64 640, i64 640, i64 640)

]]></Node>
<StgValue><ssdm name=""/></StgValue>
</operation>

<operation id="25" st_id="3" stage="1" lat="1">
<core>AddSub</core>
<MemPortIdVec></MemPortIdVec>
<condition id="-1">
<or_exp><and_exp></and_exp></or_exp>
</condition>

<Node id="24" bw="10" op_0_bw="10" op_1_bw="10">
<![CDATA[
:3  %col_V = add i10 %t_V_2, 1

]]></Node>
<StgValue><ssdm name="col_V"/></StgValue>
</operation>

<operation id="26" st_id="3" stage="1" lat="1">
<core>NULL</core>
<MemPortIdVec></MemPortIdVec>
<condition id="-1">
<or_exp><and_exp></and_exp></or_exp>
</condition>

<Node id="25" bw="0" op_0_bw="1" op_1_bw="0" op_2_bw="0">
<![CDATA[
:4  br i1 %exitcond, label %4, label %3

]]></Node>
<StgValue><ssdm name=""/></StgValue>
</operation>

<operation id="27" st_id="3" stage="1" lat="1">
<core>NULL</core>
<MemPortIdVec></MemPortIdVec>
<condition id="0">
<or_exp><and_exp><literal name="exitcond" val="0"/>
</and_exp></or_exp>
</condition>

<Node id="33" bw="18" op_0_bw="10">
<![CDATA[
:6  %tmp_cast_cast = zext i10 %t_V_2 to i18

]]></Node>
<StgValue><ssdm name="tmp_cast_cast"/></StgValue>
</operation>

<operation id="28" st_id="3" stage="1" lat="1">
<core>AddSub</core>
<MemPortIdVec></MemPortIdVec>
<condition id="0">
<or_exp><and_exp><literal name="exitcond" val="0"/>
</and_exp></or_exp>
</condition>

<Node id="34" bw="18" op_0_bw="18" op_1_bw="18">
<![CDATA[
:7  %tmp1 = add i18 %p_shl2_cast_cast, %tmp_cast_cast

]]></Node>
<StgValue><ssdm name="tmp1"/></StgValue>
</operation>

<operation id="29" st_id="3" stage="1" lat="1">
<core>NULL</core>
<MemPortIdVec></MemPortIdVec>
<condition id="0">
<or_exp><and_exp><literal name="exitcond" val="0"/>
</and_exp></or_exp>
</condition>

<Node id="35" bw="19" op_0_bw="18">
<![CDATA[
:8  %tmp1_cast = zext i18 %tmp1 to i19

]]></Node>
<StgValue><ssdm name="tmp1_cast"/></StgValue>
</operation>

<operation id="30" st_id="3" stage="1" lat="1">
<core>AddSub</core>
<MemPortIdVec></MemPortIdVec>
<condition id="0">
<or_exp><and_exp><literal name="exitcond" val="0"/>
</and_exp></or_exp>
</condition>

<Node id="36" bw="19" op_0_bw="19" op_1_bw="19">
<![CDATA[
:9  %sum = add i19 %tmp1_cast, %p_shl

]]></Node>
<StgValue><ssdm name="sum"/></StgValue>
</operation>
</state>

<state id="4" st_id="4">

<operation id="31" st_id="4" stage="1" lat="1">
<core>NULL</core>
<MemPortIdVec></MemPortIdVec>
<condition id="0">
<or_exp><and_exp><literal name="exitcond" val="0"/>
</and_exp></or_exp>
</condition>

<Node id="27" bw="32" op_0_bw="32" op_1_bw="0">
<![CDATA[
:0  %tmp_s = call i32 (...)* @_ssdm_op_SpecRegionBegin([13 x i8]* @p_str28)

]]></Node>
<StgValue><ssdm name="tmp_s"/></StgValue>
</operation>

<operation id="32" st_id="4" stage="1" lat="1">
<core>NULL</core>
<MemPortIdVec></MemPortIdVec>
<condition id="0">
<or_exp><and_exp><literal name="exitcond" val="0"/>
</and_exp></or_exp>
</condition>

<Node id="28" bw="0" op_0_bw="0" op_1_bw="32" op_2_bw="32" op_3_bw="32" op_4_bw="32" op_5_bw="0">
<![CDATA[
:1  call void (...)* @_ssdm_op_SpecPipeline(i32 1, i32 1, i32 1, i32 0, [1 x i8]* @p_str3) nounwind

]]></Node>
<StgValue><ssdm name=""/></StgValue>
</operation>

<operation id="33" st_id="4" stage="1" lat="1">
<core>NULL</core>
<MemPortIdVec></MemPortIdVec>
<condition id="0">
<or_exp><and_exp><literal name="exitcond" val="0"/>
</and_exp></or_exp>
</condition>

<Node id="29" bw="32" op_0_bw="32" op_1_bw="0">
<![CDATA[
:2  %tmp_47 = call i32 (...)* @_ssdm_op_SpecRegionBegin([13 x i8]* @p_str16)

]]></Node>
<StgValue><ssdm name="tmp_47"/></StgValue>
</operation>

<operation id="34" st_id="4" stage="1" lat="1">
<core>NULL</core>
<MemPortIdVec></MemPortIdVec>
<condition id="0">
<or_exp><and_exp><literal name="exitcond" val="0"/>
</and_exp></or_exp>
</condition>

<Node id="30" bw="0" op_0_bw="0" op_1_bw="32" op_2_bw="0">
<![CDATA[
:3  call void (...)* @_ssdm_op_SpecProtocol(i32 0, [1 x i8]* @p_str3) nounwind

]]></Node>
<StgValue><ssdm name=""/></StgValue>
</operation>

<operation id="35" st_id="4" stage="1" lat="1">
<core>FIFO</core>
<MemPortIdVec></MemPortIdVec>
<condition id="0">
<or_exp><and_exp><literal name="exitcond" val="0"/>
</and_exp></or_exp>
</condition>

<Node id="31" bw="8" op_0_bw="8" op_1_bw="8">
<![CDATA[
:4  %tmp_69 = call i8 @_ssdm_op_Read.ap_fifo.volatile.i8P(i8* %img_data_stream_V)

]]></Node>
<StgValue><ssdm name="tmp_69"/></StgValue>
</operation>

<operation id="36" st_id="4" stage="1" lat="1">
<core>NULL</core>
<MemPortIdVec></MemPortIdVec>
<condition id="0">
<or_exp><and_exp><literal name="exitcond" val="0"/>
</and_exp></or_exp>
</condition>

<Node id="32" bw="32" op_0_bw="32" op_1_bw="0" op_2_bw="32">
<![CDATA[
:5  %empty = call i32 (...)* @_ssdm_op_SpecRegionEnd([13 x i8]* @p_str16, i32 %tmp_47)

]]></Node>
<StgValue><ssdm name="empty"/></StgValue>
</operation>

<operation id="37" st_id="4" stage="1" lat="1">
<core>NULL</core>
<MemPortIdVec></MemPortIdVec>
<condition id="0">
<or_exp><and_exp><literal name="exitcond" val="0"/>
</and_exp></or_exp>
</condition>

<Node id="37" bw="64" op_0_bw="19">
<![CDATA[
:10  %sum_cast = zext i19 %sum to i64

]]></Node>
<StgValue><ssdm name="sum_cast"/></StgValue>
</operation>

<operation id="38" st_id="4" stage="1" lat="1">
<core>NULL</core>
<MemPortIdVec></MemPortIdVec>
<condition id="0">
<or_exp><and_exp><literal name="exitcond" val="0"/>
</and_exp></or_exp>
</condition>

<Node id="38" bw="19" op_0_bw="8" op_1_bw="64" op_2_bw="64">
<![CDATA[
:11  %fb_addr = getelementptr [409600 x i8]* %fb, i64 0, i64 %sum_cast

]]></Node>
<StgValue><ssdm name="fb_addr"/></StgValue>
</operation>

<operation id="39" st_id="4" stage="1" lat="1">
<core>RAM_1P_BRAM</core>
<MemPortIdVec>0 </MemPortIdVec>
<condition id="0">
<or_exp><and_exp><literal name="exitcond" val="0"/>
</and_exp></or_exp>
</condition>

<Node id="39" bw="0" op_0_bw="8" op_1_bw="19">
<![CDATA[
:12  store i8 %tmp_69, i8* %fb_addr, align 1

]]></Node>
<StgValue><ssdm name=""/></StgValue>
</operation>

<operation id="40" st_id="4" stage="1" lat="1">
<core>NULL</core>
<MemPortIdVec></MemPortIdVec>
<condition id="0">
<or_exp><and_exp><literal name="exitcond" val="0"/>
</and_exp></or_exp>
</condition>

<Node id="40" bw="32" op_0_bw="32" op_1_bw="0" op_2_bw="32">
<![CDATA[
:13  %empty_90 = call i32 (...)* @_ssdm_op_SpecRegionEnd([13 x i8]* @p_str28, i32 %tmp_s)

]]></Node>
<StgValue><ssdm name="empty_90"/></StgValue>
</operation>

<operation id="41" st_id="4" stage="1" lat="1">
<core>NULL</core>
<MemPortIdVec></MemPortIdVec>
<condition id="0">
<or_exp><and_exp><literal name="exitcond" val="0"/>
</and_exp></or_exp>
</condition>

<Node id="41" bw="0" op_0_bw="0">
<![CDATA[
:14  br label %2

]]></Node>
<StgValue><ssdm name=""/></StgValue>
</operation>
</state>

<state id="5" st_id="5">

<operation id="42" st_id="5" stage="1" lat="1">
<core>NULL</core>
<MemPortIdVec></MemPortIdVec>
<condition id="15">
<or_exp><and_exp></and_exp></or_exp>
</condition>

<Node id="43" bw="32" op_0_bw="32" op_1_bw="0" op_2_bw="32">
<![CDATA[
:0  %empty_91 = call i32 (...)* @_ssdm_op_SpecRegionEnd([11 x i8]* @p_str27, i32 %tmp)

]]></Node>
<StgValue><ssdm name="empty_91"/></StgValue>
</operation>

<operation id="43" st_id="5" stage="1" lat="1">
<core>NULL</core>
<MemPortIdVec></MemPortIdVec>
<condition id="15">
<or_exp><and_exp></and_exp></or_exp>
</condition>

<Node id="44" bw="0" op_0_bw="0">
<![CDATA[
:1  br label %0

]]></Node>
<StgValue><ssdm name=""/></StgValue>
</operation>
</state>
</state_list>


<ports>
<port id="55" name="img_data_stream_V" dir="0" iftype="3">
<core>FIFO</core><StgValue><ssdm name="img_data_stream_V"/></StgValue>
</port>
<port id="56" name="fb" dir="1" iftype="1">
<core>RAM_1P_BRAM</core><StgValue><ssdm name="fb"/><MemPortTyVec>0 </MemPortTyVec>
</StgValue>
</port>
</ports>


<dataflows>
<dataflow id="58" from="_ssdm_op_SpecInterface" to="StgValue_6" fromId="57" toId="6">
</dataflow>
<dataflow id="59" from="img_data_stream_V" to="StgValue_6" fromId="55" toId="6">
</dataflow>
<dataflow id="61" from="ap_fifo_str" to="StgValue_6" fromId="60" toId="6">
</dataflow>
<dataflow id="63" from="StgValue_62" to="StgValue_6" fromId="62" toId="6">
</dataflow>
<dataflow id="64" from="StgValue_62" to="StgValue_6" fromId="62" toId="6">
</dataflow>
<dataflow id="66" from="p_str206" to="StgValue_6" fromId="65" toId="6">
</dataflow>
<dataflow id="67" from="StgValue_62" to="StgValue_6" fromId="62" toId="6">
</dataflow>
<dataflow id="68" from="StgValue_62" to="StgValue_6" fromId="62" toId="6">
</dataflow>
<dataflow id="70" from="p_str207" to="StgValue_6" fromId="69" toId="6">
</dataflow>
<dataflow id="72" from="p_str208" to="StgValue_6" fromId="71" toId="6">
</dataflow>
<dataflow id="74" from="p_str209" to="StgValue_6" fromId="73" toId="6">
</dataflow>
<dataflow id="76" from="StgValue_75" to="StgValue_6" fromId="75" toId="6">
</dataflow>
<dataflow id="77" from="StgValue_75" to="StgValue_6" fromId="75" toId="6">
</dataflow>
<dataflow id="79" from="StgValue_78" to="StgValue_6" fromId="78" toId="6">
</dataflow>
<dataflow id="80" from="StgValue_78" to="StgValue_6" fromId="78" toId="6">
</dataflow>
<dataflow id="82" from="p_str210" to="StgValue_6" fromId="81" toId="6">
</dataflow>
<dataflow id="84" from="p_str211" to="StgValue_6" fromId="83" toId="6">
</dataflow>
<dataflow id="86" from="_ssdm_op_SpecMemCore" to="StgValue_7" fromId="85" toId="7">
</dataflow>
<dataflow id="87" from="fb" to="StgValue_7" fromId="56" toId="7">
</dataflow>
<dataflow id="89" from="p_str3" to="StgValue_7" fromId="88" toId="7">
</dataflow>
<dataflow id="91" from="p_str5" to="StgValue_7" fromId="90" toId="7">
</dataflow>
<dataflow id="92" from="p_str3" to="StgValue_7" fromId="88" toId="7">
</dataflow>
<dataflow id="94" from="StgValue_93" to="StgValue_7" fromId="93" toId="7">
</dataflow>
<dataflow id="95" from="p_str3" to="StgValue_7" fromId="88" toId="7">
</dataflow>
<dataflow id="96" from="p_str3" to="StgValue_7" fromId="88" toId="7">
</dataflow>
<dataflow id="97" from="p_str3" to="StgValue_7" fromId="88" toId="7">
</dataflow>
<dataflow id="98" from="p_str3" to="StgValue_7" fromId="88" toId="7">
</dataflow>
<dataflow id="99" from="p_str3" to="StgValue_7" fromId="88" toId="7">
</dataflow>
<dataflow id="100" from="_ssdm_op_SpecInterface" to="StgValue_8" fromId="57" toId="8">
</dataflow>
<dataflow id="101" from="fb" to="StgValue_8" fromId="56" toId="8">
</dataflow>
<dataflow id="103" from="p_str4" to="StgValue_8" fromId="102" toId="8">
</dataflow>
<dataflow id="104" from="StgValue_62" to="StgValue_8" fromId="62" toId="8">
</dataflow>
<dataflow id="105" from="StgValue_62" to="StgValue_8" fromId="62" toId="8">
</dataflow>
<dataflow id="106" from="p_str3" to="StgValue_8" fromId="88" toId="8">
</dataflow>
<dataflow id="107" from="StgValue_62" to="StgValue_8" fromId="62" toId="8">
</dataflow>
<dataflow id="108" from="StgValue_62" to="StgValue_8" fromId="62" toId="8">
</dataflow>
<dataflow id="109" from="p_str3" to="StgValue_8" fromId="88" toId="8">
</dataflow>
<dataflow id="110" from="p_str3" to="StgValue_8" fromId="88" toId="8">
</dataflow>
<dataflow id="111" from="p_str3" to="StgValue_8" fromId="88" toId="8">
</dataflow>
<dataflow id="112" from="StgValue_62" to="StgValue_8" fromId="62" toId="8">
</dataflow>
<dataflow id="113" from="StgValue_62" to="StgValue_8" fromId="62" toId="8">
</dataflow>
<dataflow id="114" from="StgValue_62" to="StgValue_8" fromId="62" toId="8">
</dataflow>
<dataflow id="115" from="StgValue_62" to="StgValue_8" fromId="62" toId="8">
</dataflow>
<dataflow id="116" from="p_str3" to="StgValue_8" fromId="88" toId="8">
</dataflow>
<dataflow id="117" from="p_str3" to="StgValue_8" fromId="88" toId="8">
</dataflow>
<dataflow id="119" from="StgValue_118" to="t_V" fromId="118" toId="10">
<condition id="41">
<or_exp><and_exp></and_exp></or_exp>
</condition>
</dataflow>
<dataflow id="120" from="StgValue_9" to="t_V" fromId="9" toId="10">
</dataflow>
<dataflow id="121" from="row_V" to="t_V" fromId="13" toId="10">
<BackEdge/>
<condition id="42">
<or_exp><and_exp></and_exp></or_exp>
</condition>
</dataflow>
<dataflow id="122" from="StgValue_43" to="t_V" fromId="43" toId="10">
<BackEdge/>
</dataflow>
<dataflow id="123" from="t_V" to="exitcond5" fromId="10" toId="11">
</dataflow>
<dataflow id="125" from="StgValue_124" to="exitcond5" fromId="124" toId="11">
</dataflow>
<dataflow id="127" from="_ssdm_op_SpecLoopTripCount" to="StgValue_12" fromId="126" toId="12">
</dataflow>
<dataflow id="129" from="StgValue_128" to="StgValue_12" fromId="128" toId="12">
</dataflow>
<dataflow id="130" from="StgValue_128" to="StgValue_12" fromId="128" toId="12">
</dataflow>
<dataflow id="131" from="StgValue_128" to="StgValue_12" fromId="128" toId="12">
</dataflow>
<dataflow id="132" from="t_V" to="row_V" fromId="10" toId="13">
</dataflow>
<dataflow id="134" from="StgValue_133" to="row_V" fromId="133" toId="13">
</dataflow>
<dataflow id="135" from="exitcond5" to="StgValue_14" fromId="11" toId="14">
</dataflow>
<dataflow id="137" from="_ssdm_op_SpecLoopName" to="StgValue_15" fromId="136" toId="15">
</dataflow>
<dataflow id="139" from="p_str27" to="StgValue_15" fromId="138" toId="15">
</dataflow>
<dataflow id="141" from="_ssdm_op_SpecRegionBegin" to="tmp" fromId="140" toId="16">
</dataflow>
<dataflow id="142" from="p_str27" to="tmp" fromId="138" toId="16">
</dataflow>
<dataflow id="144" from="_ssdm_op_BitConcatenate.i19.i10.i9" to="p_shl" fromId="143" toId="17">
</dataflow>
<dataflow id="145" from="t_V" to="p_shl" fromId="10" toId="17">
</dataflow>
<dataflow id="147" from="StgValue_146" to="p_shl" fromId="146" toId="17">
</dataflow>
<dataflow id="149" from="_ssdm_op_BitConcatenate.i17.i10.i7" to="p_shl2" fromId="148" toId="18">
</dataflow>
<dataflow id="150" from="t_V" to="p_shl2" fromId="10" toId="18">
</dataflow>
<dataflow id="152" from="StgValue_151" to="p_shl2" fromId="151" toId="18">
</dataflow>
<dataflow id="153" from="p_shl2" to="p_shl2_cast_cast" fromId="18" toId="19">
</dataflow>
<dataflow id="154" from="StgValue_118" to="t_V_2" fromId="118" toId="22">
<condition id="43">
<or_exp><and_exp><literal name="exitcond5" val="0"/>
</and_exp></or_exp>
</condition>
</dataflow>
<dataflow id="155" from="StgValue_20" to="t_V_2" fromId="20" toId="22">
</dataflow>
<dataflow id="156" from="col_V" to="t_V_2" fromId="25" toId="22">
<BackEdge/>
<condition id="44">
<or_exp><and_exp><literal name="exitcond" val="0"/>
</and_exp></or_exp>
</condition>
</dataflow>
<dataflow id="157" from="StgValue_41" to="t_V_2" fromId="41" toId="22">
<BackEdge/>
</dataflow>
<dataflow id="158" from="t_V_2" to="exitcond" fromId="22" toId="23">
</dataflow>
<dataflow id="159" from="StgValue_124" to="exitcond" fromId="124" toId="23">
</dataflow>
<dataflow id="160" from="_ssdm_op_SpecLoopTripCount" to="StgValue_24" fromId="126" toId="24">
</dataflow>
<dataflow id="161" from="StgValue_128" to="StgValue_24" fromId="128" toId="24">
</dataflow>
<dataflow id="162" from="StgValue_128" to="StgValue_24" fromId="128" toId="24">
</dataflow>
<dataflow id="163" from="StgValue_128" to="StgValue_24" fromId="128" toId="24">
</dataflow>
<dataflow id="164" from="t_V_2" to="col_V" fromId="22" toId="25">
</dataflow>
<dataflow id="165" from="StgValue_133" to="col_V" fromId="133" toId="25">
</dataflow>
<dataflow id="166" from="exitcond" to="StgValue_26" fromId="23" toId="26">
</dataflow>
<dataflow id="167" from="t_V_2" to="tmp_cast_cast" fromId="22" toId="27">
</dataflow>
<dataflow id="168" from="p_shl2_cast_cast" to="tmp1" fromId="19" toId="28">
</dataflow>
<dataflow id="169" from="tmp_cast_cast" to="tmp1" fromId="27" toId="28">
</dataflow>
<dataflow id="170" from="tmp1" to="tmp1_cast" fromId="28" toId="29">
</dataflow>
<dataflow id="171" from="tmp1_cast" to="sum" fromId="29" toId="30">
</dataflow>
<dataflow id="172" from="p_shl" to="sum" fromId="17" toId="30">
</dataflow>
<dataflow id="173" from="_ssdm_op_SpecRegionBegin" to="tmp_s" fromId="140" toId="31">
</dataflow>
<dataflow id="175" from="p_str28" to="tmp_s" fromId="174" toId="31">
</dataflow>
<dataflow id="177" from="_ssdm_op_SpecPipeline" to="StgValue_32" fromId="176" toId="32">
</dataflow>
<dataflow id="179" from="StgValue_178" to="StgValue_32" fromId="178" toId="32">
</dataflow>
<dataflow id="180" from="StgValue_178" to="StgValue_32" fromId="178" toId="32">
</dataflow>
<dataflow id="181" from="StgValue_178" to="StgValue_32" fromId="178" toId="32">
</dataflow>
<dataflow id="182" from="StgValue_62" to="StgValue_32" fromId="62" toId="32">
</dataflow>
<dataflow id="183" from="p_str3" to="StgValue_32" fromId="88" toId="32">
</dataflow>
<dataflow id="184" from="_ssdm_op_SpecRegionBegin" to="tmp_47" fromId="140" toId="33">
</dataflow>
<dataflow id="186" from="p_str16" to="tmp_47" fromId="185" toId="33">
</dataflow>
<dataflow id="188" from="_ssdm_op_SpecProtocol" to="StgValue_34" fromId="187" toId="34">
</dataflow>
<dataflow id="189" from="StgValue_62" to="StgValue_34" fromId="62" toId="34">
</dataflow>
<dataflow id="190" from="p_str3" to="StgValue_34" fromId="88" toId="34">
</dataflow>
<dataflow id="192" from="_ssdm_op_Read.ap_fifo.volatile.i8P" to="tmp_69" fromId="191" toId="35">
</dataflow>
<dataflow id="193" from="img_data_stream_V" to="tmp_69" fromId="55" toId="35">
</dataflow>
<dataflow id="195" from="_ssdm_op_SpecRegionEnd" to="empty" fromId="194" toId="36">
</dataflow>
<dataflow id="196" from="p_str16" to="empty" fromId="185" toId="36">
</dataflow>
<dataflow id="197" from="tmp_47" to="empty" fromId="33" toId="36">
</dataflow>
<dataflow id="198" from="sum" to="sum_cast" fromId="30" toId="37">
</dataflow>
<dataflow id="199" from="fb" to="fb_addr" fromId="56" toId="38">
</dataflow>
<dataflow id="201" from="StgValue_200" to="fb_addr" fromId="200" toId="38">
</dataflow>
<dataflow id="202" from="sum_cast" to="fb_addr" fromId="37" toId="38">
</dataflow>
<dataflow id="203" from="tmp_69" to="StgValue_39" fromId="35" toId="39">
</dataflow>
<dataflow id="204" from="fb_addr" to="StgValue_39" fromId="38" toId="39">
</dataflow>
<dataflow id="205" from="_ssdm_op_SpecRegionEnd" to="empty_90" fromId="194" toId="40">
</dataflow>
<dataflow id="206" from="p_str28" to="empty_90" fromId="174" toId="40">
</dataflow>
<dataflow id="207" from="tmp_s" to="empty_90" fromId="31" toId="40">
</dataflow>
<dataflow id="208" from="_ssdm_op_SpecRegionEnd" to="empty_91" fromId="194" toId="42">
</dataflow>
<dataflow id="209" from="p_str27" to="empty_91" fromId="138" toId="42">
</dataflow>
<dataflow id="210" from="tmp" to="empty_91" fromId="16" toId="42">
</dataflow>
<dataflow id="211" from="exitcond5" to="StgValue_2" fromId="11" toId="2">
</dataflow>
<dataflow id="212" from="exitcond" to="StgValue_3" fromId="23" toId="3">
</dataflow>
<dataflow id="213" from="exitcond" to="StgValue_4" fromId="23" toId="4">
</dataflow>
<dataflow id="214" from="exitcond5" to="StgValue_3" fromId="11" toId="3">
</dataflow>
<dataflow id="215" from="exitcond5" to="StgValue_4" fromId="11" toId="4">
</dataflow>
</dataflows>


</stg>
