<stg><name>Mat2AXIvideo</name>


<trans_list>

<trans id="44" from="1" to="2">
<condition id="17">
<or_exp><and_exp></and_exp></or_exp>
</condition>
</trans>

<trans id="45" from="2" to="3">
<condition id="19">
<or_exp><and_exp><literal name="exitcond6" val="0"/>
</and_exp></or_exp>
</condition>
</trans>

<trans id="55" from="3" to="6">
<condition id="29">
<or_exp><and_exp><literal name="exitcond" val="1"/>
</and_exp></or_exp>
</condition>
</trans>

<trans id="56" from="3" to="4">
<condition id="32">
<or_exp><and_exp><literal name="exitcond" val="0"/>
</and_exp></or_exp>
</condition>
</trans>

<trans id="53" from="4" to="5">
<condition id="30">
<or_exp><and_exp></and_exp></or_exp>
</condition>
</trans>

<trans id="54" from="5" to="3">
<condition id="31">
<or_exp><and_exp></and_exp></or_exp>
</condition>
</trans>

<trans id="51" from="6" to="2">
<condition id="28">
<or_exp><and_exp></and_exp></or_exp>
</condition>
</trans>
</trans_list>



<state_list>

<state id="1" st_id="1">

<operation id="7" st_id="1" stage="1" lat="1">
<core>NULL</core>
<MemPortIdVec></MemPortIdVec>
<condition id="9">
<or_exp><and_exp></and_exp></or_exp>
</condition>

<Node id="9" bw="1" op_0_bw="32">
<![CDATA[
._crit_edge:0  %tmp_user_V = alloca i1

]]></Node>
<StgValue><ssdm name="tmp_user_V"/></StgValue>
</operation>

<operation id="8" st_id="1" stage="1" lat="1">
<core>NULL</core>
<MemPortIdVec></MemPortIdVec>
<condition id="9">
<or_exp><and_exp></and_exp></or_exp>
</condition>

<Node id="10" bw="0" op_0_bw="0" op_1_bw="8" op_2_bw="0" op_3_bw="32" op_4_bw="32" op_5_bw="0" op_6_bw="32" op_7_bw="32" op_8_bw="0" op_9_bw="0" op_10_bw="0" op_11_bw="32" op_12_bw="32" op_13_bw="32" op_14_bw="32" op_15_bw="0" op_16_bw="0">
<![CDATA[
._crit_edge:1  call void (...)* @_ssdm_op_SpecInterface(i8* %img_data_stream_V, [8 x i8]* @ap_fifo_str, i32 0, i32 0, [1 x i8]* @p_str227, i32 0, i32 0, [1 x i8]* @p_str228, [1 x i8]* @p_str229, [1 x i8]* @p_str230, i32 2, i32 2, i32 16, i32 16, [1 x i8]* @p_str231, [1 x i8]* @p_str232)

]]></Node>
<StgValue><ssdm name=""/></StgValue>
</operation>

<operation id="9" st_id="1" stage="1" lat="1">
<core>NULL</core>
<MemPortIdVec></MemPortIdVec>
<condition id="9">
<or_exp><and_exp></and_exp></or_exp>
</condition>

<Node id="11" bw="0" op_0_bw="0" op_1_bw="24" op_2_bw="3" op_3_bw="3" op_4_bw="1" op_5_bw="1" op_6_bw="1" op_7_bw="1" op_8_bw="0" op_9_bw="32" op_10_bw="32" op_11_bw="0" op_12_bw="32" op_13_bw="32" op_14_bw="0" op_15_bw="0" op_16_bw="0" op_17_bw="32" op_18_bw="32" op_19_bw="32" op_20_bw="32" op_21_bw="0" op_22_bw="0">
<![CDATA[
._crit_edge:2  call void (...)* @_ssdm_op_SpecInterface(i24* %AXI_video_strm_V_data_V, i3* %AXI_video_strm_V_keep_V, i3* %AXI_video_strm_V_strb_V, i1* %AXI_video_strm_V_user_V, i1* %AXI_video_strm_V_last_V, i1* %AXI_video_strm_V_id_V, i1* %AXI_video_strm_V_dest_V, [5 x i8]* @p_str, i32 1, i32 1, [5 x i8]* @p_str2, i32 0, i32 0, [1 x i8]* @p_str3, [1 x i8]* @p_str3, [1 x i8]* @p_str3, i32 0, i32 0, i32 0, i32 0, [1 x i8]* @p_str3, [1 x i8]* @p_str3) nounwind

]]></Node>
<StgValue><ssdm name=""/></StgValue>
</operation>

<operation id="10" st_id="1" stage="1" lat="1">
<core>NULL</core>
<MemPortIdVec></MemPortIdVec>
<condition id="9">
<or_exp><and_exp></and_exp></or_exp>
</condition>

<Node id="12" bw="0" op_0_bw="1" op_1_bw="1">
<![CDATA[
._crit_edge:3  store i1 true, i1* %tmp_user_V

]]></Node>
<StgValue><ssdm name=""/></StgValue>
</operation>

<operation id="11" st_id="1" stage="1" lat="1">
<core>NULL</core>
<MemPortIdVec></MemPortIdVec>
<condition id="9">
<or_exp><and_exp></and_exp></or_exp>
</condition>

<Node id="13" bw="0" op_0_bw="0">
<![CDATA[
._crit_edge:4  br label %0

]]></Node>
<StgValue><ssdm name=""/></StgValue>
</operation>
</state>

<state id="2" st_id="2">

<operation id="12" st_id="2" stage="1" lat="1">
<core>NULL</core>
<MemPortIdVec></MemPortIdVec>
<condition id="10">
<or_exp><and_exp></and_exp></or_exp>
</condition>

<Node id="15" bw="10" op_0_bw="10" op_1_bw="0">
<![CDATA[
:0  %t_V = phi i10 [ 0, %._crit_edge ], [ %i_V, %3 ]

]]></Node>
<StgValue><ssdm name="t_V"/></StgValue>
</operation>

<operation id="13" st_id="2" stage="1" lat="1">
<core>Cmp</core>
<MemPortIdVec></MemPortIdVec>
<condition id="10">
<or_exp><and_exp></and_exp></or_exp>
</condition>

<Node id="16" bw="1" op_0_bw="10" op_1_bw="10">
<![CDATA[
:1  %exitcond6 = icmp eq i10 %t_V, -384

]]></Node>
<StgValue><ssdm name="exitcond6"/></StgValue>
</operation>

<operation id="14" st_id="2" stage="1" lat="1">
<core>NULL</core>
<MemPortIdVec></MemPortIdVec>
<condition id="10">
<or_exp><and_exp></and_exp></or_exp>
</condition>

<Node id="17" bw="0" op_0_bw="0" op_1_bw="64" op_2_bw="64" op_3_bw="64">
<![CDATA[
:2  call void (...)* @_ssdm_op_SpecLoopTripCount(i64 640, i64 640, i64 640)

]]></Node>
<StgValue><ssdm name=""/></StgValue>
</operation>

<operation id="15" st_id="2" stage="1" lat="1">
<core>AddSub</core>
<MemPortIdVec></MemPortIdVec>
<condition id="10">
<or_exp><and_exp></and_exp></or_exp>
</condition>

<Node id="18" bw="10" op_0_bw="10" op_1_bw="10">
<![CDATA[
:3  %i_V = add i10 %t_V, 1

]]></Node>
<StgValue><ssdm name="i_V"/></StgValue>
</operation>

<operation id="16" st_id="2" stage="1" lat="1">
<core>NULL</core>
<MemPortIdVec></MemPortIdVec>
<condition id="10">
<or_exp><and_exp></and_exp></or_exp>
</condition>

<Node id="19" bw="0" op_0_bw="1" op_1_bw="0" op_2_bw="0">
<![CDATA[
:4  br i1 %exitcond6, label %4, label %1

]]></Node>
<StgValue><ssdm name=""/></StgValue>
</operation>

<operation id="17" st_id="2" stage="1" lat="1">
<core>NULL</core>
<MemPortIdVec></MemPortIdVec>
<condition id="12">
<or_exp><and_exp><literal name="exitcond6" val="0"/>
</and_exp></or_exp>
</condition>

<Node id="21" bw="0" op_0_bw="0" op_1_bw="0">
<![CDATA[
:0  call void (...)* @_ssdm_op_SpecLoopName([12 x i8]* @p_str11) nounwind

]]></Node>
<StgValue><ssdm name=""/></StgValue>
</operation>

<operation id="18" st_id="2" stage="1" lat="1">
<core>NULL</core>
<MemPortIdVec></MemPortIdVec>
<condition id="12">
<or_exp><and_exp><literal name="exitcond6" val="0"/>
</and_exp></or_exp>
</condition>

<Node id="22" bw="32" op_0_bw="32" op_1_bw="0">
<![CDATA[
:1  %tmp = call i32 (...)* @_ssdm_op_SpecRegionBegin([12 x i8]* @p_str11)

]]></Node>
<StgValue><ssdm name="tmp"/></StgValue>
</operation>

<operation id="19" st_id="2" stage="1" lat="1">
<core>NULL</core>
<MemPortIdVec></MemPortIdVec>
<condition id="12">
<or_exp><and_exp><literal name="exitcond6" val="0"/>
</and_exp></or_exp>
</condition>

<Node id="23" bw="0" op_0_bw="0">
<![CDATA[
:2  br label %2

]]></Node>
<StgValue><ssdm name=""/></StgValue>
</operation>

<operation id="20" st_id="2" stage="1" lat="1">
<core>NULL</core>
<MemPortIdVec></MemPortIdVec>
<condition id="14">
<or_exp><and_exp><literal name="exitcond6" val="1"/>
</and_exp></or_exp>
</condition>

<Node id="50" bw="0">
<![CDATA[
:0  ret void

]]></Node>
<StgValue><ssdm name=""/></StgValue>
</operation>
</state>

<state id="3" st_id="3">

<operation id="21" st_id="3" stage="1" lat="1">
<core>NULL</core>
<MemPortIdVec></MemPortIdVec>
<condition id="-1">
<or_exp><and_exp></and_exp></or_exp>
</condition>

<Node id="25" bw="10" op_0_bw="10" op_1_bw="0">
<![CDATA[
:0  %t_V_3 = phi i10 [ 0, %1 ], [ %j_V, %.critedge ]

]]></Node>
<StgValue><ssdm name="t_V_3"/></StgValue>
</operation>

<operation id="22" st_id="3" stage="1" lat="1">
<core>Cmp</core>
<MemPortIdVec></MemPortIdVec>
<condition id="-1">
<or_exp><and_exp></and_exp></or_exp>
</condition>

<Node id="26" bw="1" op_0_bw="10" op_1_bw="10">
<![CDATA[
:1  %exitcond = icmp eq i10 %t_V_3, -384

]]></Node>
<StgValue><ssdm name="exitcond"/></StgValue>
</operation>

<operation id="23" st_id="3" stage="1" lat="1">
<core>NULL</core>
<MemPortIdVec></MemPortIdVec>
<condition id="-1">
<or_exp><and_exp></and_exp></or_exp>
</condition>

<Node id="27" bw="0" op_0_bw="0" op_1_bw="64" op_2_bw="64" op_3_bw="64">
<![CDATA[
:2  call void (...)* @_ssdm_op_SpecLoopTripCount(i64 640, i64 640, i64 640)

]]></Node>
<StgValue><ssdm name=""/></StgValue>
</operation>

<operation id="24" st_id="3" stage="1" lat="1">
<core>AddSub</core>
<MemPortIdVec></MemPortIdVec>
<condition id="-1">
<or_exp><and_exp></and_exp></or_exp>
</condition>

<Node id="28" bw="10" op_0_bw="10" op_1_bw="10">
<![CDATA[
:3  %j_V = add i10 %t_V_3, 1

]]></Node>
<StgValue><ssdm name="j_V"/></StgValue>
</operation>

<operation id="25" st_id="3" stage="1" lat="1">
<core>NULL</core>
<MemPortIdVec></MemPortIdVec>
<condition id="-1">
<or_exp><and_exp></and_exp></or_exp>
</condition>

<Node id="29" bw="0" op_0_bw="1" op_1_bw="0" op_2_bw="0">
<![CDATA[
:4  br i1 %exitcond, label %3, label %.critedge

]]></Node>
<StgValue><ssdm name=""/></StgValue>
</operation>

<operation id="26" st_id="3" stage="1" lat="1">
<core>Cmp</core>
<MemPortIdVec></MemPortIdVec>
<condition id="0">
<or_exp><and_exp><literal name="exitcond" val="0"/>
</and_exp></or_exp>
</condition>

<Node id="35" bw="1" op_0_bw="10" op_1_bw="10">
<![CDATA[
.critedge:4  %axi_last_V = icmp eq i10 %t_V_3, -385

]]></Node>
<StgValue><ssdm name="axi_last_V"/></StgValue>
</operation>
</state>

<state id="4" st_id="4">

<operation id="27" st_id="4" stage="1" lat="1">
<core>NULL</core>
<MemPortIdVec></MemPortIdVec>
<condition id="0">
<or_exp><and_exp><literal name="exitcond" val="0"/>
</and_exp></or_exp>
</condition>

<Node id="31" bw="1" op_0_bw="1">
<![CDATA[
.critedge:0  %tmp_user_V_load = load i1* %tmp_user_V

]]></Node>
<StgValue><ssdm name="tmp_user_V_load"/></StgValue>
</operation>

<operation id="28" st_id="4" stage="1" lat="1">
<core>NULL</core>
<MemPortIdVec></MemPortIdVec>
<condition id="0">
<or_exp><and_exp><literal name="exitcond" val="0"/>
</and_exp></or_exp>
</condition>

<Node id="36" bw="32" op_0_bw="32" op_1_bw="0">
<![CDATA[
.critedge:5  %tmp_48 = call i32 (...)* @_ssdm_op_SpecRegionBegin([13 x i8]* @p_str16)

]]></Node>
<StgValue><ssdm name="tmp_48"/></StgValue>
</operation>

<operation id="29" st_id="4" stage="1" lat="1">
<core>NULL</core>
<MemPortIdVec></MemPortIdVec>
<condition id="0">
<or_exp><and_exp><literal name="exitcond" val="0"/>
</and_exp></or_exp>
</condition>

<Node id="37" bw="0" op_0_bw="0" op_1_bw="32" op_2_bw="0">
<![CDATA[
.critedge:6  call void (...)* @_ssdm_op_SpecProtocol(i32 0, [1 x i8]* @p_str3) nounwind

]]></Node>
<StgValue><ssdm name=""/></StgValue>
</operation>

<operation id="30" st_id="4" stage="1" lat="1">
<core>FIFO</core>
<MemPortIdVec></MemPortIdVec>
<condition id="0">
<or_exp><and_exp><literal name="exitcond" val="0"/>
</and_exp></or_exp>
</condition>

<Node id="38" bw="8" op_0_bw="8" op_1_bw="8">
<![CDATA[
.critedge:7  %tmp_70 = call i8 @_ssdm_op_Read.ap_fifo.volatile.i8P(i8* %img_data_stream_V)

]]></Node>
<StgValue><ssdm name="tmp_70"/></StgValue>
</operation>

<operation id="31" st_id="4" stage="1" lat="1">
<core>NULL</core>
<MemPortIdVec></MemPortIdVec>
<condition id="0">
<or_exp><and_exp><literal name="exitcond" val="0"/>
</and_exp></or_exp>
</condition>

<Node id="39" bw="32" op_0_bw="32" op_1_bw="0" op_2_bw="32">
<![CDATA[
.critedge:8  %empty = call i32 (...)* @_ssdm_op_SpecRegionEnd([13 x i8]* @p_str16, i32 %tmp_48)

]]></Node>
<StgValue><ssdm name="empty"/></StgValue>
</operation>

<operation id="32" st_id="4" stage="1" lat="1">
<core>NULL</core>
<MemPortIdVec></MemPortIdVec>
<condition id="0">
<or_exp><and_exp><literal name="exitcond" val="0"/>
</and_exp></or_exp>
</condition>

<Node id="41" bw="24" op_0_bw="24" op_1_bw="16" op_2_bw="8">
<![CDATA[
.critedge:10  %p_Result_s = call i24 @_ssdm_op_BitConcatenate.i24.i16.i8(i16 -1, i8 %tmp_70)

]]></Node>
<StgValue><ssdm name="p_Result_s"/></StgValue>
</operation>

<operation id="33" st_id="4" stage="2" lat="2">
<core>AXI4Stream</core>
<MemPortIdVec></MemPortIdVec>
<condition id="0">
<or_exp><and_exp><literal name="exitcond" val="0"/>
</and_exp></or_exp>
</condition>

<Node id="42" bw="0" op_0_bw="0" op_1_bw="24" op_2_bw="3" op_3_bw="3" op_4_bw="1" op_5_bw="1" op_6_bw="1" op_7_bw="1" op_8_bw="24" op_9_bw="3" op_10_bw="3" op_11_bw="1" op_12_bw="1" op_13_bw="1" op_14_bw="1">
<![CDATA[
.critedge:11  call void @_ssdm_op_Write.axis.volatile.i24P.i3P.i3P.i1P.i1P.i1P.i1P(i24* %AXI_video_strm_V_data_V, i3* %AXI_video_strm_V_keep_V, i3* %AXI_video_strm_V_strb_V, i1* %AXI_video_strm_V_user_V, i1* %AXI_video_strm_V_last_V, i1* %AXI_video_strm_V_id_V, i1* %AXI_video_strm_V_dest_V, i24 %p_Result_s, i3 -1, i3 undef, i1 %tmp_user_V_load, i1 %axi_last_V, i1 undef, i1 undef)

]]></Node>
<StgValue><ssdm name=""/></StgValue>
</operation>

<operation id="34" st_id="4" stage="1" lat="1">
<core>NULL</core>
<MemPortIdVec></MemPortIdVec>
<condition id="0">
<or_exp><and_exp><literal name="exitcond" val="0"/>
</and_exp></or_exp>
</condition>

<Node id="44" bw="0" op_0_bw="1" op_1_bw="1">
<![CDATA[
.critedge:13  store i1 false, i1* %tmp_user_V

]]></Node>
<StgValue><ssdm name=""/></StgValue>
</operation>
</state>

<state id="5" st_id="5">

<operation id="35" st_id="5" stage="1" lat="1">
<core>NULL</core>
<MemPortIdVec></MemPortIdVec>
<condition id="0">
<or_exp><and_exp><literal name="exitcond" val="0"/>
</and_exp></or_exp>
</condition>

<Node id="32" bw="0" op_0_bw="0" op_1_bw="0">
<![CDATA[
.critedge:1  call void (...)* @_ssdm_op_SpecLoopName([11 x i8]* @p_str12) nounwind

]]></Node>
<StgValue><ssdm name=""/></StgValue>
</operation>

<operation id="36" st_id="5" stage="1" lat="1">
<core>NULL</core>
<MemPortIdVec></MemPortIdVec>
<condition id="0">
<or_exp><and_exp><literal name="exitcond" val="0"/>
</and_exp></or_exp>
</condition>

<Node id="33" bw="32" op_0_bw="32" op_1_bw="0">
<![CDATA[
.critedge:2  %tmp_s = call i32 (...)* @_ssdm_op_SpecRegionBegin([11 x i8]* @p_str12)

]]></Node>
<StgValue><ssdm name="tmp_s"/></StgValue>
</operation>

<operation id="37" st_id="5" stage="1" lat="1">
<core>NULL</core>
<MemPortIdVec></MemPortIdVec>
<condition id="0">
<or_exp><and_exp><literal name="exitcond" val="0"/>
</and_exp></or_exp>
</condition>

<Node id="34" bw="0" op_0_bw="0" op_1_bw="32" op_2_bw="32" op_3_bw="32" op_4_bw="32" op_5_bw="0">
<![CDATA[
.critedge:3  call void (...)* @_ssdm_op_SpecPipeline(i32 1, i32 1, i32 1, i32 0, [1 x i8]* @p_str3) nounwind

]]></Node>
<StgValue><ssdm name=""/></StgValue>
</operation>

<operation id="38" st_id="5" stage="1" lat="1">
<core>NULL</core>
<MemPortIdVec></MemPortIdVec>
<condition id="0">
<or_exp><and_exp><literal name="exitcond" val="0"/>
</and_exp></or_exp>
</condition>

<Node id="40" bw="0" op_0_bw="0" op_1_bw="0">
<![CDATA[
.critedge:9  call void (...)* @_ssdm_op_SpecLoopName([14 x i8]* @p_str13) nounwind

]]></Node>
<StgValue><ssdm name=""/></StgValue>
</operation>

<operation id="39" st_id="5" stage="1" lat="2">
<core>AXI4Stream</core>
<MemPortIdVec></MemPortIdVec>
<condition id="0">
<or_exp><and_exp><literal name="exitcond" val="0"/>
</and_exp></or_exp>
</condition>

<Node id="42" bw="0" op_0_bw="0" op_1_bw="24" op_2_bw="3" op_3_bw="3" op_4_bw="1" op_5_bw="1" op_6_bw="1" op_7_bw="1" op_8_bw="24" op_9_bw="3" op_10_bw="3" op_11_bw="1" op_12_bw="1" op_13_bw="1" op_14_bw="1">
<![CDATA[
.critedge:11  call void @_ssdm_op_Write.axis.volatile.i24P.i3P.i3P.i1P.i1P.i1P.i1P(i24* %AXI_video_strm_V_data_V, i3* %AXI_video_strm_V_keep_V, i3* %AXI_video_strm_V_strb_V, i1* %AXI_video_strm_V_user_V, i1* %AXI_video_strm_V_last_V, i1* %AXI_video_strm_V_id_V, i1* %AXI_video_strm_V_dest_V, i24 %p_Result_s, i3 -1, i3 undef, i1 %tmp_user_V_load, i1 %axi_last_V, i1 undef, i1 undef)

]]></Node>
<StgValue><ssdm name=""/></StgValue>
</operation>

<operation id="40" st_id="5" stage="1" lat="1">
<core>NULL</core>
<MemPortIdVec></MemPortIdVec>
<condition id="0">
<or_exp><and_exp><literal name="exitcond" val="0"/>
</and_exp></or_exp>
</condition>

<Node id="43" bw="32" op_0_bw="32" op_1_bw="0" op_2_bw="32">
<![CDATA[
.critedge:12  %empty_92 = call i32 (...)* @_ssdm_op_SpecRegionEnd([11 x i8]* @p_str12, i32 %tmp_s)

]]></Node>
<StgValue><ssdm name="empty_92"/></StgValue>
</operation>

<operation id="41" st_id="5" stage="1" lat="1">
<core>NULL</core>
<MemPortIdVec></MemPortIdVec>
<condition id="0">
<or_exp><and_exp><literal name="exitcond" val="0"/>
</and_exp></or_exp>
</condition>

<Node id="45" bw="0" op_0_bw="0">
<![CDATA[
.critedge:14  br label %2

]]></Node>
<StgValue><ssdm name=""/></StgValue>
</operation>
</state>

<state id="6" st_id="6">

<operation id="42" st_id="6" stage="1" lat="1">
<core>NULL</core>
<MemPortIdVec></MemPortIdVec>
<condition id="15">
<or_exp><and_exp></and_exp></or_exp>
</condition>

<Node id="47" bw="32" op_0_bw="32" op_1_bw="0" op_2_bw="32">
<![CDATA[
:0  %empty_93 = call i32 (...)* @_ssdm_op_SpecRegionEnd([12 x i8]* @p_str11, i32 %tmp)

]]></Node>
<StgValue><ssdm name="empty_93"/></StgValue>
</operation>

<operation id="43" st_id="6" stage="1" lat="1">
<core>NULL</core>
<MemPortIdVec></MemPortIdVec>
<condition id="15">
<or_exp><and_exp></and_exp></or_exp>
</condition>

<Node id="48" bw="0" op_0_bw="0">
<![CDATA[
:1  br label %0

]]></Node>
<StgValue><ssdm name=""/></StgValue>
</operation>
</state>
</state_list>


<ports>
<port id="57" name="img_data_stream_V" dir="0" iftype="3">
<core>FIFO</core><StgValue><ssdm name="img_data_stream_V"/></StgValue>
</port>
<port id="58" name="AXI_video_strm_V_data_V" dir="1" iftype="0">
<core>NULL</core><StgValue><ssdm name="AXI_video_strm_V_data_V"/></StgValue>
</port>
<port id="59" name="AXI_video_strm_V_keep_V" dir="1" iftype="0">
<core>NULL</core><StgValue><ssdm name="AXI_video_strm_V_keep_V"/></StgValue>
</port>
<port id="60" name="AXI_video_strm_V_strb_V" dir="1" iftype="0">
<core>NULL</core><StgValue><ssdm name="AXI_video_strm_V_strb_V"/></StgValue>
</port>
<port id="61" name="AXI_video_strm_V_user_V" dir="1" iftype="0">
<core>NULL</core><StgValue><ssdm name="AXI_video_strm_V_user_V"/></StgValue>
</port>
<port id="62" name="AXI_video_strm_V_last_V" dir="1" iftype="0">
<core>NULL</core><StgValue><ssdm name="AXI_video_strm_V_last_V"/></StgValue>
</port>
<port id="63" name="AXI_video_strm_V_id_V" dir="1" iftype="0">
<core>NULL</core><StgValue><ssdm name="AXI_video_strm_V_id_V"/></StgValue>
</port>
<port id="64" name="AXI_video_strm_V_dest_V" dir="1" iftype="0">
<core>NULL</core><StgValue><ssdm name="AXI_video_strm_V_dest_V"/></StgValue>
</port>
</ports>


<dataflows>
<dataflow id="66" from="StgValue_65" to="tmp_user_V" fromId="65" toId="7">
</dataflow>
<dataflow id="68" from="_ssdm_op_SpecInterface" to="StgValue_8" fromId="67" toId="8">
</dataflow>
<dataflow id="69" from="img_data_stream_V" to="StgValue_8" fromId="57" toId="8">
</dataflow>
<dataflow id="71" from="ap_fifo_str" to="StgValue_8" fromId="70" toId="8">
</dataflow>
<dataflow id="73" from="StgValue_72" to="StgValue_8" fromId="72" toId="8">
</dataflow>
<dataflow id="74" from="StgValue_72" to="StgValue_8" fromId="72" toId="8">
</dataflow>
<dataflow id="76" from="p_str227" to="StgValue_8" fromId="75" toId="8">
</dataflow>
<dataflow id="77" from="StgValue_72" to="StgValue_8" fromId="72" toId="8">
</dataflow>
<dataflow id="78" from="StgValue_72" to="StgValue_8" fromId="72" toId="8">
</dataflow>
<dataflow id="80" from="p_str228" to="StgValue_8" fromId="79" toId="8">
</dataflow>
<dataflow id="82" from="p_str229" to="StgValue_8" fromId="81" toId="8">
</dataflow>
<dataflow id="84" from="p_str230" to="StgValue_8" fromId="83" toId="8">
</dataflow>
<dataflow id="86" from="StgValue_85" to="StgValue_8" fromId="85" toId="8">
</dataflow>
<dataflow id="87" from="StgValue_85" to="StgValue_8" fromId="85" toId="8">
</dataflow>
<dataflow id="89" from="StgValue_88" to="StgValue_8" fromId="88" toId="8">
</dataflow>
<dataflow id="90" from="StgValue_88" to="StgValue_8" fromId="88" toId="8">
</dataflow>
<dataflow id="92" from="p_str231" to="StgValue_8" fromId="91" toId="8">
</dataflow>
<dataflow id="94" from="p_str232" to="StgValue_8" fromId="93" toId="8">
</dataflow>
<dataflow id="95" from="_ssdm_op_SpecInterface" to="StgValue_9" fromId="67" toId="9">
</dataflow>
<dataflow id="96" from="AXI_video_strm_V_data_V" to="StgValue_9" fromId="58" toId="9">
</dataflow>
<dataflow id="97" from="AXI_video_strm_V_keep_V" to="StgValue_9" fromId="59" toId="9">
</dataflow>
<dataflow id="98" from="AXI_video_strm_V_strb_V" to="StgValue_9" fromId="60" toId="9">
</dataflow>
<dataflow id="99" from="AXI_video_strm_V_user_V" to="StgValue_9" fromId="61" toId="9">
</dataflow>
<dataflow id="100" from="AXI_video_strm_V_last_V" to="StgValue_9" fromId="62" toId="9">
</dataflow>
<dataflow id="101" from="AXI_video_strm_V_id_V" to="StgValue_9" fromId="63" toId="9">
</dataflow>
<dataflow id="102" from="AXI_video_strm_V_dest_V" to="StgValue_9" fromId="64" toId="9">
</dataflow>
<dataflow id="104" from="p_str" to="StgValue_9" fromId="103" toId="9">
</dataflow>
<dataflow id="105" from="StgValue_65" to="StgValue_9" fromId="65" toId="9">
</dataflow>
<dataflow id="106" from="StgValue_65" to="StgValue_9" fromId="65" toId="9">
</dataflow>
<dataflow id="108" from="p_str2" to="StgValue_9" fromId="107" toId="9">
</dataflow>
<dataflow id="109" from="StgValue_72" to="StgValue_9" fromId="72" toId="9">
</dataflow>
<dataflow id="110" from="StgValue_72" to="StgValue_9" fromId="72" toId="9">
</dataflow>
<dataflow id="112" from="p_str3" to="StgValue_9" fromId="111" toId="9">
</dataflow>
<dataflow id="113" from="p_str3" to="StgValue_9" fromId="111" toId="9">
</dataflow>
<dataflow id="114" from="p_str3" to="StgValue_9" fromId="111" toId="9">
</dataflow>
<dataflow id="115" from="StgValue_72" to="StgValue_9" fromId="72" toId="9">
</dataflow>
<dataflow id="116" from="StgValue_72" to="StgValue_9" fromId="72" toId="9">
</dataflow>
<dataflow id="117" from="StgValue_72" to="StgValue_9" fromId="72" toId="9">
</dataflow>
<dataflow id="118" from="StgValue_72" to="StgValue_9" fromId="72" toId="9">
</dataflow>
<dataflow id="119" from="p_str3" to="StgValue_9" fromId="111" toId="9">
</dataflow>
<dataflow id="120" from="p_str3" to="StgValue_9" fromId="111" toId="9">
</dataflow>
<dataflow id="122" from="StgValue_121" to="StgValue_10" fromId="121" toId="10">
</dataflow>
<dataflow id="123" from="tmp_user_V" to="StgValue_10" fromId="7" toId="10">
</dataflow>
<dataflow id="125" from="StgValue_124" to="t_V" fromId="124" toId="12">
<condition id="44">
<or_exp><and_exp></and_exp></or_exp>
</condition>
</dataflow>
<dataflow id="126" from="StgValue_11" to="t_V" fromId="11" toId="12">
</dataflow>
<dataflow id="127" from="i_V" to="t_V" fromId="15" toId="12">
<BackEdge/>
<condition id="45">
<or_exp><and_exp></and_exp></or_exp>
</condition>
</dataflow>
<dataflow id="128" from="StgValue_43" to="t_V" fromId="43" toId="12">
<BackEdge/>
</dataflow>
<dataflow id="129" from="t_V" to="exitcond6" fromId="12" toId="13">
</dataflow>
<dataflow id="131" from="StgValue_130" to="exitcond6" fromId="130" toId="13">
</dataflow>
<dataflow id="133" from="_ssdm_op_SpecLoopTripCount" to="StgValue_14" fromId="132" toId="14">
</dataflow>
<dataflow id="135" from="StgValue_134" to="StgValue_14" fromId="134" toId="14">
</dataflow>
<dataflow id="136" from="StgValue_134" to="StgValue_14" fromId="134" toId="14">
</dataflow>
<dataflow id="137" from="StgValue_134" to="StgValue_14" fromId="134" toId="14">
</dataflow>
<dataflow id="138" from="t_V" to="i_V" fromId="12" toId="15">
</dataflow>
<dataflow id="140" from="StgValue_139" to="i_V" fromId="139" toId="15">
</dataflow>
<dataflow id="141" from="exitcond6" to="StgValue_16" fromId="13" toId="16">
</dataflow>
<dataflow id="143" from="_ssdm_op_SpecLoopName" to="StgValue_17" fromId="142" toId="17">
</dataflow>
<dataflow id="145" from="p_str11" to="StgValue_17" fromId="144" toId="17">
</dataflow>
<dataflow id="147" from="_ssdm_op_SpecRegionBegin" to="tmp" fromId="146" toId="18">
</dataflow>
<dataflow id="148" from="p_str11" to="tmp" fromId="144" toId="18">
</dataflow>
<dataflow id="149" from="StgValue_124" to="t_V_3" fromId="124" toId="21">
<condition id="46">
<or_exp><and_exp><literal name="exitcond6" val="0"/>
</and_exp></or_exp>
</condition>
</dataflow>
<dataflow id="150" from="StgValue_19" to="t_V_3" fromId="19" toId="21">
</dataflow>
<dataflow id="151" from="j_V" to="t_V_3" fromId="24" toId="21">
<BackEdge/>
<condition id="47">
<or_exp><and_exp><literal name="exitcond" val="0"/>
</and_exp></or_exp>
</condition>
</dataflow>
<dataflow id="152" from="StgValue_41" to="t_V_3" fromId="41" toId="21">
<BackEdge/>
</dataflow>
<dataflow id="153" from="t_V_3" to="exitcond" fromId="21" toId="22">
</dataflow>
<dataflow id="154" from="StgValue_130" to="exitcond" fromId="130" toId="22">
</dataflow>
<dataflow id="155" from="_ssdm_op_SpecLoopTripCount" to="StgValue_23" fromId="132" toId="23">
</dataflow>
<dataflow id="156" from="StgValue_134" to="StgValue_23" fromId="134" toId="23">
</dataflow>
<dataflow id="157" from="StgValue_134" to="StgValue_23" fromId="134" toId="23">
</dataflow>
<dataflow id="158" from="StgValue_134" to="StgValue_23" fromId="134" toId="23">
</dataflow>
<dataflow id="159" from="t_V_3" to="j_V" fromId="21" toId="24">
</dataflow>
<dataflow id="160" from="StgValue_139" to="j_V" fromId="139" toId="24">
</dataflow>
<dataflow id="161" from="exitcond" to="StgValue_25" fromId="22" toId="25">
</dataflow>
<dataflow id="162" from="t_V_3" to="axi_last_V" fromId="21" toId="26">
</dataflow>
<dataflow id="164" from="StgValue_163" to="axi_last_V" fromId="163" toId="26">
</dataflow>
<dataflow id="165" from="tmp_user_V" to="tmp_user_V_load" fromId="7" toId="27">
</dataflow>
<dataflow id="166" from="_ssdm_op_SpecRegionBegin" to="tmp_48" fromId="146" toId="28">
</dataflow>
<dataflow id="168" from="p_str16" to="tmp_48" fromId="167" toId="28">
</dataflow>
<dataflow id="170" from="_ssdm_op_SpecProtocol" to="StgValue_29" fromId="169" toId="29">
</dataflow>
<dataflow id="171" from="StgValue_72" to="StgValue_29" fromId="72" toId="29">
</dataflow>
<dataflow id="172" from="p_str3" to="StgValue_29" fromId="111" toId="29">
</dataflow>
<dataflow id="174" from="_ssdm_op_Read.ap_fifo.volatile.i8P" to="tmp_70" fromId="173" toId="30">
</dataflow>
<dataflow id="175" from="img_data_stream_V" to="tmp_70" fromId="57" toId="30">
</dataflow>
<dataflow id="177" from="_ssdm_op_SpecRegionEnd" to="empty" fromId="176" toId="31">
</dataflow>
<dataflow id="178" from="p_str16" to="empty" fromId="167" toId="31">
</dataflow>
<dataflow id="179" from="tmp_48" to="empty" fromId="28" toId="31">
</dataflow>
<dataflow id="181" from="_ssdm_op_BitConcatenate.i24.i16.i8" to="p_Result_s" fromId="180" toId="32">
</dataflow>
<dataflow id="183" from="StgValue_182" to="p_Result_s" fromId="182" toId="32">
</dataflow>
<dataflow id="184" from="tmp_70" to="p_Result_s" fromId="30" toId="32">
</dataflow>
<dataflow id="186" from="_ssdm_op_Write.axis.volatile.i24P.i3P.i3P.i1P.i1P.i1P.i1P" to="StgValue_33" fromId="185" toId="33">
</dataflow>
<dataflow id="187" from="AXI_video_strm_V_data_V" to="StgValue_33" fromId="58" toId="33">
</dataflow>
<dataflow id="188" from="AXI_video_strm_V_keep_V" to="StgValue_33" fromId="59" toId="33">
</dataflow>
<dataflow id="189" from="AXI_video_strm_V_strb_V" to="StgValue_33" fromId="60" toId="33">
</dataflow>
<dataflow id="190" from="AXI_video_strm_V_user_V" to="StgValue_33" fromId="61" toId="33">
</dataflow>
<dataflow id="191" from="AXI_video_strm_V_last_V" to="StgValue_33" fromId="62" toId="33">
</dataflow>
<dataflow id="192" from="AXI_video_strm_V_id_V" to="StgValue_33" fromId="63" toId="33">
</dataflow>
<dataflow id="193" from="AXI_video_strm_V_dest_V" to="StgValue_33" fromId="64" toId="33">
</dataflow>
<dataflow id="194" from="p_Result_s" to="StgValue_33" fromId="32" toId="33">
</dataflow>
<dataflow id="196" from="StgValue_195" to="StgValue_33" fromId="195" toId="33">
</dataflow>
<dataflow id="198" from="StgValue_197" to="StgValue_33" fromId="197" toId="33">
</dataflow>
<dataflow id="199" from="tmp_user_V_load" to="StgValue_33" fromId="27" toId="33">
</dataflow>
<dataflow id="200" from="axi_last_V" to="StgValue_33" fromId="26" toId="33">
</dataflow>
<dataflow id="202" from="StgValue_201" to="StgValue_33" fromId="201" toId="33">
</dataflow>
<dataflow id="203" from="StgValue_201" to="StgValue_33" fromId="201" toId="33">
</dataflow>
<dataflow id="205" from="StgValue_204" to="StgValue_34" fromId="204" toId="34">
</dataflow>
<dataflow id="206" from="tmp_user_V" to="StgValue_34" fromId="7" toId="34">
</dataflow>
<dataflow id="207" from="_ssdm_op_SpecLoopName" to="StgValue_35" fromId="142" toId="35">
</dataflow>
<dataflow id="209" from="p_str12" to="StgValue_35" fromId="208" toId="35">
</dataflow>
<dataflow id="210" from="_ssdm_op_SpecRegionBegin" to="tmp_s" fromId="146" toId="36">
</dataflow>
<dataflow id="211" from="p_str12" to="tmp_s" fromId="208" toId="36">
</dataflow>
<dataflow id="213" from="_ssdm_op_SpecPipeline" to="StgValue_37" fromId="212" toId="37">
</dataflow>
<dataflow id="214" from="StgValue_65" to="StgValue_37" fromId="65" toId="37">
</dataflow>
<dataflow id="215" from="StgValue_65" to="StgValue_37" fromId="65" toId="37">
</dataflow>
<dataflow id="216" from="StgValue_65" to="StgValue_37" fromId="65" toId="37">
</dataflow>
<dataflow id="217" from="StgValue_72" to="StgValue_37" fromId="72" toId="37">
</dataflow>
<dataflow id="218" from="p_str3" to="StgValue_37" fromId="111" toId="37">
</dataflow>
<dataflow id="219" from="_ssdm_op_SpecLoopName" to="StgValue_38" fromId="142" toId="38">
</dataflow>
<dataflow id="221" from="p_str13" to="StgValue_38" fromId="220" toId="38">
</dataflow>
<dataflow id="222" from="_ssdm_op_Write.axis.volatile.i24P.i3P.i3P.i1P.i1P.i1P.i1P" to="StgValue_39" fromId="185" toId="39">
</dataflow>
<dataflow id="223" from="AXI_video_strm_V_data_V" to="StgValue_39" fromId="58" toId="39">
</dataflow>
<dataflow id="224" from="AXI_video_strm_V_keep_V" to="StgValue_39" fromId="59" toId="39">
</dataflow>
<dataflow id="225" from="AXI_video_strm_V_strb_V" to="StgValue_39" fromId="60" toId="39">
</dataflow>
<dataflow id="226" from="AXI_video_strm_V_user_V" to="StgValue_39" fromId="61" toId="39">
</dataflow>
<dataflow id="227" from="AXI_video_strm_V_last_V" to="StgValue_39" fromId="62" toId="39">
</dataflow>
<dataflow id="228" from="AXI_video_strm_V_id_V" to="StgValue_39" fromId="63" toId="39">
</dataflow>
<dataflow id="229" from="AXI_video_strm_V_dest_V" to="StgValue_39" fromId="64" toId="39">
</dataflow>
<dataflow id="230" from="p_Result_s" to="StgValue_39" fromId="32" toId="39">
</dataflow>
<dataflow id="231" from="StgValue_195" to="StgValue_39" fromId="195" toId="39">
</dataflow>
<dataflow id="232" from="StgValue_197" to="StgValue_39" fromId="197" toId="39">
</dataflow>
<dataflow id="233" from="tmp_user_V_load" to="StgValue_39" fromId="27" toId="39">
</dataflow>
<dataflow id="234" from="axi_last_V" to="StgValue_39" fromId="26" toId="39">
</dataflow>
<dataflow id="235" from="StgValue_201" to="StgValue_39" fromId="201" toId="39">
</dataflow>
<dataflow id="236" from="StgValue_201" to="StgValue_39" fromId="201" toId="39">
</dataflow>
<dataflow id="237" from="_ssdm_op_SpecRegionEnd" to="empty_92" fromId="176" toId="40">
</dataflow>
<dataflow id="238" from="p_str12" to="empty_92" fromId="208" toId="40">
</dataflow>
<dataflow id="239" from="tmp_s" to="empty_92" fromId="36" toId="40">
</dataflow>
<dataflow id="240" from="_ssdm_op_SpecRegionEnd" to="empty_93" fromId="176" toId="42">
</dataflow>
<dataflow id="241" from="p_str11" to="empty_93" fromId="144" toId="42">
</dataflow>
<dataflow id="242" from="tmp" to="empty_93" fromId="18" toId="42">
</dataflow>
<dataflow id="243" from="exitcond6" to="StgValue_2" fromId="13" toId="2">
</dataflow>
<dataflow id="244" from="exitcond" to="StgValue_3" fromId="22" toId="3">
</dataflow>
<dataflow id="245" from="exitcond" to="StgValue_4" fromId="22" toId="4">
</dataflow>
<dataflow id="246" from="exitcond" to="StgValue_5" fromId="22" toId="5">
</dataflow>
<dataflow id="247" from="exitcond6" to="StgValue_3" fromId="13" toId="3">
</dataflow>
<dataflow id="248" from="exitcond6" to="StgValue_4" fromId="13" toId="4">
</dataflow>
<dataflow id="249" from="exitcond6" to="StgValue_5" fromId="13" toId="5">
</dataflow>
</dataflows>


</stg>
