<profile>

<section name = "Vivado HLS Report for 'Resize'" level="0">
<item name = "Date">Tue Apr 21 15:04:36 2020
</item>
<item name = "Version">2017.4 (Build 2086221 on Fri Dec 15 21:13:33 MST 2017)</item>
<item name = "Project">DVS</item>
<item name = "Solution">solution1</item>
<item name = "Product family">zynq</item>
<item name = "Target device">xc7z020clg484-1</item>
</section>

<section name = "Performance Estimates" level="0">
<item name = "Timing (ns)">
<section name = "" level="1">
<item name = "Summary"><table name="" hasTotal="0">
<keys size="4">Clock, Target, Estimated, Uncertainty</keys>
<column name="ap_clk">10.00, 8.58, 1.25</column>
</table>
</item>
</section>
</item>
<item name = "Latency (clock cycles)">
<section name = "" level="1">
<item name = "Summary"><table name="" hasTotal="0">
<keys size="6">, min, max, min, max, Type</keys>
<column name="">951170, 951170, 951170, 951170, none</column>
</table>
</item>
<item name = "Detail">
<section name = "" level="1">
<item name = "Instance"><table name="" hasTotal="0">
<keys size="7">Instance, Module, min, max, min, max, Type</keys>
<column name="grp_Resize_opr_linear_fu_128">Resize_opr_linear, 951169, 951169, 951169, 951169, none</column>
</table>
</item>
<item name = "Loop"><table name="" hasTotal="0">
<keys size="8">Loop Name, min, max, Latency, achieved, target, Count, Pipelined</keys>
</table>
</item>
</section>
</item>
</section>
</item>
</section>

<section name = "Utilization Estimates" level="0">
<item name = "Summary"><table name="" hasTotal="1">
<keys size="5">Name, BRAM_18K, DSP48E, FF, LUT</keys>
<column name="DSP">-, -, -, -</column>
<column name="Expression">-, -, 0, 8</column>
<column name="FIFO">-, -, -, -</column>
<column name="Instance">2, 22, 8380, 6973</column>
<column name="Memory">-, -, -, -</column>
<column name="Multiplexer">-, -, -, 87</column>
<column name="Register">-, -, 27, -</column>
<specialColumn name="Available">280, 220, 106400, 53200</specialColumn>
<specialColumn name="Utilization (%)">~0, 10, 7, 13</specialColumn>
</table>
</item>
<item name = "Detail">
<section name = "" level="1">
<item name = "Instance"><table name="" hasTotal="1">
<keys size="6">Instance, Module, BRAM_18K, DSP48E, FF, LUT</keys>
<column name="grp_Resize_opr_linear_fu_128">Resize_opr_linear, 2, 22, 8380, 6973</column>
</table>
</item>
<item name = "DSP48"><table name="" hasTotal="0">
<keys size="3">Instance, Module, Expression</keys>
</table>
</item>
<item name = "Memory"><table name="" hasTotal="1">
<keys size="9">Memory, Module, BRAM_18K, FF, LUT, Words, Bits, Banks, W*Bits*Banks</keys>
</table>
</item>
<item name = "FIFO"><table name="" hasTotal="1">
<keys size="7">Name, BRAM_18K, FF, LUT, Depth, Bits, Size:D*B</keys>
</table>
</item>
<item name = "Expression"><table name="" hasTotal="1">
<keys size="7">Variable Name, Operation, DSP48E, FF, LUT, Bitwidth P0, Bitwidth P1</keys>
<column name="ap_block_state1">or, 0, 0, 8, 1, 1</column>
</table>
</item>
<item name = "Multiplexer"><table name="" hasTotal="1">
<keys size="5">Name, LUT, Input Size, Bits, Total Bits</keys>
<column name="ap_NS_fsm">15, 3, 1, 3</column>
<column name="ap_done">9, 2, 1, 2</column>
<column name="p_dst_cols_V_blk_n">9, 2, 1, 2</column>
<column name="p_dst_cols_V_out_blk_n">9, 2, 1, 2</column>
<column name="p_dst_data_stream_V_write">9, 2, 1, 2</column>
<column name="p_dst_rows_V_blk_n">9, 2, 1, 2</column>
<column name="p_dst_rows_V_out_blk_n">9, 2, 1, 2</column>
<column name="p_src_data_stream_V_read">9, 2, 1, 2</column>
<column name="real_start">9, 2, 1, 2</column>
</table>
</item>
<item name = "Register"><table name="" hasTotal="1">
<keys size="5">Name, FF, LUT, Bits, Const Bits</keys>
<column name="ap_CS_fsm">2, 0, 2, 0</column>
<column name="ap_done_reg">1, 0, 1, 0</column>
<column name="ap_reg_grp_Resize_opr_linear_fu_128_ap_start">1, 0, 1, 0</column>
<column name="p_dst_cols_V_read_reg_145">11, 0, 11, 0</column>
<column name="p_dst_rows_V_read_reg_140">11, 0, 11, 0</column>
<column name="start_once_reg">1, 0, 1, 0</column>
</table>
</item>
</section>
</item>
</section>

<section name = "Interface" level="0">
<item name = "Summary"><table name="" hasTotal="0">
<keys size="6">RTL Ports, Dir, Bits, Protocol, Source Object, C Type</keys>
<column name="ap_clk">in, 1, ap_ctrl_hs, Resize, return value</column>
<column name="ap_rst">in, 1, ap_ctrl_hs, Resize, return value</column>
<column name="ap_start">in, 1, ap_ctrl_hs, Resize, return value</column>
<column name="start_full_n">in, 1, ap_ctrl_hs, Resize, return value</column>
<column name="ap_done">out, 1, ap_ctrl_hs, Resize, return value</column>
<column name="ap_continue">in, 1, ap_ctrl_hs, Resize, return value</column>
<column name="ap_idle">out, 1, ap_ctrl_hs, Resize, return value</column>
<column name="ap_ready">out, 1, ap_ctrl_hs, Resize, return value</column>
<column name="start_out">out, 1, ap_ctrl_hs, Resize, return value</column>
<column name="start_write">out, 1, ap_ctrl_hs, Resize, return value</column>
<column name="p_src_data_stream_V_dout">in, 8, ap_fifo, p_src_data_stream_V, pointer</column>
<column name="p_src_data_stream_V_empty_n">in, 1, ap_fifo, p_src_data_stream_V, pointer</column>
<column name="p_src_data_stream_V_read">out, 1, ap_fifo, p_src_data_stream_V, pointer</column>
<column name="p_dst_rows_V_dout">in, 11, ap_fifo, p_dst_rows_V, pointer</column>
<column name="p_dst_rows_V_empty_n">in, 1, ap_fifo, p_dst_rows_V, pointer</column>
<column name="p_dst_rows_V_read">out, 1, ap_fifo, p_dst_rows_V, pointer</column>
<column name="p_dst_cols_V_dout">in, 11, ap_fifo, p_dst_cols_V, pointer</column>
<column name="p_dst_cols_V_empty_n">in, 1, ap_fifo, p_dst_cols_V, pointer</column>
<column name="p_dst_cols_V_read">out, 1, ap_fifo, p_dst_cols_V, pointer</column>
<column name="p_dst_data_stream_V_din">out, 8, ap_fifo, p_dst_data_stream_V, pointer</column>
<column name="p_dst_data_stream_V_full_n">in, 1, ap_fifo, p_dst_data_stream_V, pointer</column>
<column name="p_dst_data_stream_V_write">out, 1, ap_fifo, p_dst_data_stream_V, pointer</column>
<column name="p_dst_rows_V_out_din">out, 11, ap_fifo, p_dst_rows_V_out, pointer</column>
<column name="p_dst_rows_V_out_full_n">in, 1, ap_fifo, p_dst_rows_V_out, pointer</column>
<column name="p_dst_rows_V_out_write">out, 1, ap_fifo, p_dst_rows_V_out, pointer</column>
<column name="p_dst_cols_V_out_din">out, 11, ap_fifo, p_dst_cols_V_out, pointer</column>
<column name="p_dst_cols_V_out_full_n">in, 1, ap_fifo, p_dst_cols_V_out, pointer</column>
<column name="p_dst_cols_V_out_write">out, 1, ap_fifo, p_dst_cols_V_out, pointer</column>
</table>
</item>
</section>
</profile>
