<stg><name>Resize</name>


<trans_list>

<trans id="16" from="1" to="2">
<condition id="2">
<or_exp><and_exp></and_exp></or_exp>
</condition>
</trans>
</trans_list>



<state_list>

<state id="1" st_id="1">

<operation id="3" st_id="1" stage="1" lat="1">
<core>FIFO</core>
<MemPortIdVec></MemPortIdVec>
<condition id="0">
<or_exp><and_exp></and_exp></or_exp>
</condition>

<Node id="11" bw="11" op_0_bw="11" op_1_bw="11">
<![CDATA[
entry:4  %p_dst_rows_V_read = call i11 @_ssdm_op_Read.ap_fifo.i11P(i11* %p_dst_rows_V)

]]></Node>
<StgValue><ssdm name="p_dst_rows_V_read"/></StgValue>
</operation>

<operation id="4" st_id="1" stage="1" lat="1">
<core>FIFO</core>
<MemPortIdVec></MemPortIdVec>
<condition id="0">
<or_exp><and_exp></and_exp></or_exp>
</condition>

<Node id="12" bw="11" op_0_bw="11" op_1_bw="11">
<![CDATA[
entry:5  %p_dst_cols_V_read = call i11 @_ssdm_op_Read.ap_fifo.i11P(i11* %p_dst_cols_V)

]]></Node>
<StgValue><ssdm name="p_dst_cols_V_read"/></StgValue>
</operation>

<operation id="5" st_id="1" stage="1" lat="1">
<core>FIFO</core>
<MemPortIdVec></MemPortIdVec>
<condition id="0">
<or_exp><and_exp></and_exp></or_exp>
</condition>

<Node id="14" bw="0" op_0_bw="0" op_1_bw="11" op_2_bw="11">
<![CDATA[
entry:7  call void @_ssdm_op_Write.ap_fifo.i11P(i11* %p_dst_rows_V_out, i11 %p_dst_rows_V_read)

]]></Node>
<StgValue><ssdm name=""/></StgValue>
</operation>

<operation id="6" st_id="1" stage="1" lat="1">
<core>FIFO</core>
<MemPortIdVec></MemPortIdVec>
<condition id="0">
<or_exp><and_exp></and_exp></or_exp>
</condition>

<Node id="16" bw="0" op_0_bw="0" op_1_bw="11" op_2_bw="11">
<![CDATA[
entry:9  call void @_ssdm_op_Write.ap_fifo.i11P(i11* %p_dst_cols_V_out, i11 %p_dst_cols_V_read)

]]></Node>
<StgValue><ssdm name=""/></StgValue>
</operation>

<operation id="7" st_id="1" stage="2" lat="2">
<core></core>
<MemPortIdVec></MemPortIdVec>
<condition id="0">
<or_exp><and_exp></and_exp></or_exp>
</condition>

<Node id="17" bw="0" op_0_bw="0" op_1_bw="8" op_2_bw="11" op_3_bw="11" op_4_bw="8">
<![CDATA[
entry:10  call fastcc void @Resize_opr_linear(i8* %p_src_data_stream_V, i11 %p_dst_rows_V_read, i11 %p_dst_cols_V_read, i8* %p_dst_data_stream_V)

]]></Node>
<StgValue><ssdm name=""/></StgValue>
</operation>
</state>

<state id="2" st_id="2">

<operation id="8" st_id="2" stage="1" lat="1">
<core>NULL</core>
<MemPortIdVec></MemPortIdVec>
<condition id="1">
<or_exp><and_exp></and_exp></or_exp>
</condition>

<Node id="7" bw="0" op_0_bw="0" op_1_bw="8" op_2_bw="0" op_3_bw="32" op_4_bw="32" op_5_bw="0" op_6_bw="32" op_7_bw="32" op_8_bw="0" op_9_bw="0" op_10_bw="0" op_11_bw="32" op_12_bw="32" op_13_bw="32" op_14_bw="32" op_15_bw="0" op_16_bw="0">
<![CDATA[
entry:0  call void (...)* @_ssdm_op_SpecInterface(i8* %p_dst_data_stream_V, [8 x i8]* @ap_fifo_str, i32 0, i32 0, [1 x i8]* @p_str192, i32 0, i32 0, [1 x i8]* @p_str193, [1 x i8]* @p_str194, [1 x i8]* @p_str195, i32 2, i32 2, i32 16, i32 16, [1 x i8]* @p_str196, [1 x i8]* @p_str197)

]]></Node>
<StgValue><ssdm name=""/></StgValue>
</operation>

<operation id="9" st_id="2" stage="1" lat="1">
<core>NULL</core>
<MemPortIdVec></MemPortIdVec>
<condition id="1">
<or_exp><and_exp></and_exp></or_exp>
</condition>

<Node id="8" bw="0" op_0_bw="0" op_1_bw="8" op_2_bw="0" op_3_bw="32" op_4_bw="32" op_5_bw="0" op_6_bw="32" op_7_bw="32" op_8_bw="0" op_9_bw="0" op_10_bw="0" op_11_bw="32" op_12_bw="32" op_13_bw="32" op_14_bw="32" op_15_bw="0" op_16_bw="0">
<![CDATA[
entry:1  call void (...)* @_ssdm_op_SpecInterface(i8* %p_src_data_stream_V, [8 x i8]* @ap_fifo_str, i32 0, i32 0, [1 x i8]* @p_str185, i32 0, i32 0, [1 x i8]* @p_str186, [1 x i8]* @p_str187, [1 x i8]* @p_str188, i32 2, i32 2, i32 16, i32 16, [1 x i8]* @p_str189, [1 x i8]* @p_str190)

]]></Node>
<StgValue><ssdm name=""/></StgValue>
</operation>

<operation id="10" st_id="2" stage="1" lat="1">
<core>NULL</core>
<MemPortIdVec></MemPortIdVec>
<condition id="1">
<or_exp><and_exp></and_exp></or_exp>
</condition>

<Node id="9" bw="0" op_0_bw="0" op_1_bw="11" op_2_bw="0" op_3_bw="32" op_4_bw="32" op_5_bw="0" op_6_bw="32" op_7_bw="32" op_8_bw="0" op_9_bw="0" op_10_bw="0" op_11_bw="32" op_12_bw="32" op_13_bw="32" op_14_bw="32" op_15_bw="0" op_16_bw="0">
<![CDATA[
entry:2  call void (...)* @_ssdm_op_SpecInterface(i11* %p_dst_cols_V, [8 x i8]* @ap_fifo_str, i32 0, i32 0, [1 x i8]* @p_str345, i32 0, i32 0, [1 x i8]* @p_str346, [1 x i8]* @p_str347, [1 x i8]* @p_str348, i32 2, i32 2, i32 16, i32 16, [1 x i8]* @p_str349, [1 x i8]* @p_str350)

]]></Node>
<StgValue><ssdm name=""/></StgValue>
</operation>

<operation id="11" st_id="2" stage="1" lat="1">
<core>NULL</core>
<MemPortIdVec></MemPortIdVec>
<condition id="1">
<or_exp><and_exp></and_exp></or_exp>
</condition>

<Node id="10" bw="0" op_0_bw="0" op_1_bw="11" op_2_bw="0" op_3_bw="32" op_4_bw="32" op_5_bw="0" op_6_bw="32" op_7_bw="32" op_8_bw="0" op_9_bw="0" op_10_bw="0" op_11_bw="32" op_12_bw="32" op_13_bw="32" op_14_bw="32" op_15_bw="0" op_16_bw="0">
<![CDATA[
entry:3  call void (...)* @_ssdm_op_SpecInterface(i11* %p_dst_rows_V, [8 x i8]* @ap_fifo_str, i32 0, i32 0, [1 x i8]* @p_str339, i32 0, i32 0, [1 x i8]* @p_str340, [1 x i8]* @p_str341, [1 x i8]* @p_str342, i32 2, i32 2, i32 16, i32 16, [1 x i8]* @p_str343, [1 x i8]* @p_str344)

]]></Node>
<StgValue><ssdm name=""/></StgValue>
</operation>

<operation id="12" st_id="2" stage="1" lat="1">
<core>NULL</core>
<MemPortIdVec></MemPortIdVec>
<condition id="1">
<or_exp><and_exp></and_exp></or_exp>
</condition>

<Node id="13" bw="0" op_0_bw="0" op_1_bw="11" op_2_bw="0" op_3_bw="32" op_4_bw="32" op_5_bw="0" op_6_bw="32" op_7_bw="32" op_8_bw="0" op_9_bw="0" op_10_bw="0" op_11_bw="32" op_12_bw="32" op_13_bw="32" op_14_bw="32" op_15_bw="0" op_16_bw="0">
<![CDATA[
entry:6  call void (...)* @_ssdm_op_SpecInterface(i11* %p_dst_rows_V_out, [8 x i8]* @ap_fifo_str, i32 0, i32 0, [1 x i8]* @p_str351, i32 0, i32 0, [1 x i8]* @p_str352, [1 x i8]* @p_str353, [1 x i8]* @p_str354, i32 2, i32 2, i32 16, i32 16, [1 x i8]* @p_str355, [1 x i8]* @p_str356)

]]></Node>
<StgValue><ssdm name=""/></StgValue>
</operation>

<operation id="13" st_id="2" stage="1" lat="1">
<core>NULL</core>
<MemPortIdVec></MemPortIdVec>
<condition id="1">
<or_exp><and_exp></and_exp></or_exp>
</condition>

<Node id="15" bw="0" op_0_bw="0" op_1_bw="11" op_2_bw="0" op_3_bw="32" op_4_bw="32" op_5_bw="0" op_6_bw="32" op_7_bw="32" op_8_bw="0" op_9_bw="0" op_10_bw="0" op_11_bw="32" op_12_bw="32" op_13_bw="32" op_14_bw="32" op_15_bw="0" op_16_bw="0">
<![CDATA[
entry:8  call void (...)* @_ssdm_op_SpecInterface(i11* %p_dst_cols_V_out, [8 x i8]* @ap_fifo_str, i32 0, i32 0, [1 x i8]* @p_str357, i32 0, i32 0, [1 x i8]* @p_str358, [1 x i8]* @p_str359, [1 x i8]* @p_str360, i32 2, i32 2, i32 16, i32 16, [1 x i8]* @p_str361, [1 x i8]* @p_str362)

]]></Node>
<StgValue><ssdm name=""/></StgValue>
</operation>

<operation id="14" st_id="2" stage="1" lat="2">
<core></core>
<MemPortIdVec></MemPortIdVec>
<condition id="1">
<or_exp><and_exp></and_exp></or_exp>
</condition>

<Node id="17" bw="0" op_0_bw="0" op_1_bw="8" op_2_bw="11" op_3_bw="11" op_4_bw="8">
<![CDATA[
entry:10  call fastcc void @Resize_opr_linear(i8* %p_src_data_stream_V, i11 %p_dst_rows_V_read, i11 %p_dst_cols_V_read, i8* %p_dst_data_stream_V)

]]></Node>
<StgValue><ssdm name=""/></StgValue>
</operation>

<operation id="15" st_id="2" stage="1" lat="1">
<core>NULL</core>
<MemPortIdVec></MemPortIdVec>
<condition id="1">
<or_exp><and_exp></and_exp></or_exp>
</condition>

<Node id="18" bw="0">
<![CDATA[
entry:11  ret void

]]></Node>
<StgValue><ssdm name=""/></StgValue>
</operation>
</state>
</state_list>


<ports>
</ports>


<dataflows>
</dataflows>


</stg>
