{
  "Top": "DVS",
  "RtlTop": "DVS",
  "RtlPrefix": "",
  "SourceLanguage": "cpp",
  "ResetStyle": "control",
  "GenerateBdFiles": "1",
  "HostMachineBits": "64",
  "Target": {
    "Family": "zynq",
    "Device": "xc7z020",
    "Package": "clg484",
    "Speed": "-1"
  },
  "HlsSolution": {
    
  },
  "ClockInfo": {
    "ClockName": "ap_clk",
    "ClockPeriod": "10",
    "IsCombLogic": "0",
    "II": "x",
    "Latency": "951171",
    "Uncertainty": "1.25"
  },
  "Xdc": {"OocClocks": ["create_clock -name ap_clk -period 10.000 [get_ports ap_clk]"]},
  "Ipx": {
    "Vendor": "xilinx.com",
    "Library": "hls",
    "Name": "DVS",
    "Version": "1.0",
    "DisplayName": "Dvs",
    "Description": "An IP generated by Vivado HLS",
    "Taxonomy": "\/VIVADO_HLS_IP"
  },
  "Files": {
    "CSource": ["..\/..\/DVS_classification_sourcefiles\/DVS_Source.cpp"],
    "Vhdl": [
      "impl\/vhdl\/AbsDiff.vhd",
      "impl\/vhdl\/Array2Mat.vhd",
      "impl\/vhdl\/Array2Mat_1.vhd",
      "impl\/vhdl\/AXIvideo2Mat.vhd",
      "impl\/vhdl\/Block_proc.vhd",
      "impl\/vhdl\/CvtColor.vhd",
      "impl\/vhdl\/Duplicate.vhd",
      "impl\/vhdl\/DVS_mac_muladd_8ncud.vhd",
      "impl\/vhdl\/DVS_mac_muladd_8ndEe.vhd",
      "impl\/vhdl\/DVS_mul_mul_8ns_2bkb.vhd",
      "impl\/vhdl\/DVS_mul_mul_20s_8kbM.vhd",
      "impl\/vhdl\/DVS_sdiv_43ns_27shbi.vhd",
      "impl\/vhdl\/DVS_sdiv_44ns_27sg8j.vhd",
      "impl\/vhdl\/DVS_udiv_26ns_32sibs.vhd",
      "impl\/vhdl\/DVS_udiv_27ns_32sjbC.vhd",
      "impl\/vhdl\/fifo_w8_d1_A.vhd",
      "impl\/vhdl\/fifo_w11_d1_A.vhd",
      "impl\/vhdl\/fifo_w11_d3_A.vhd",
      "impl\/vhdl\/fifo_w12_d1_A.vhd",
      "impl\/vhdl\/Mat2Array.vhd",
      "impl\/vhdl\/Mat2Array_1.vhd",
      "impl\/vhdl\/Mat2AXIvideo.vhd",
      "impl\/vhdl\/Resize.vhd",
      "impl\/vhdl\/Resize_opr_linear.vhd",
      "impl\/vhdl\/Resize_opr_lineareOg.vhd",
      "impl\/vhdl\/Resize_opr_linearfYi.vhd",
      "impl\/vhdl\/start_for_AbsDiffocq.vhd",
      "impl\/vhdl\/start_for_CvtCololbW.vhd",
      "impl\/vhdl\/start_for_Duplicamb6.vhd",
      "impl\/vhdl\/start_for_Mat2Arrncg.vhd",
      "impl\/vhdl\/start_for_Mat2AXIqcK.vhd",
      "impl\/vhdl\/start_for_Resize_U0.vhd",
      "impl\/vhdl\/start_for_ThreshopcA.vhd",
      "impl\/vhdl\/Threshold.vhd",
      "impl\/vhdl\/DVS.vhd"
    ],
    "Verilog": [
      "impl\/verilog\/AbsDiff.v",
      "impl\/verilog\/Array2Mat.v",
      "impl\/verilog\/Array2Mat_1.v",
      "impl\/verilog\/AXIvideo2Mat.v",
      "impl\/verilog\/Block_proc.v",
      "impl\/verilog\/CvtColor.v",
      "impl\/verilog\/Duplicate.v",
      "impl\/verilog\/DVS_mac_muladd_8ncud.v",
      "impl\/verilog\/DVS_mac_muladd_8ndEe.v",
      "impl\/verilog\/DVS_mul_mul_8ns_2bkb.v",
      "impl\/verilog\/DVS_mul_mul_20s_8kbM.v",
      "impl\/verilog\/DVS_sdiv_43ns_27shbi.v",
      "impl\/verilog\/DVS_sdiv_44ns_27sg8j.v",
      "impl\/verilog\/DVS_udiv_26ns_32sibs.v",
      "impl\/verilog\/DVS_udiv_27ns_32sjbC.v",
      "impl\/verilog\/fifo_w8_d1_A.v",
      "impl\/verilog\/fifo_w11_d1_A.v",
      "impl\/verilog\/fifo_w11_d3_A.v",
      "impl\/verilog\/fifo_w12_d1_A.v",
      "impl\/verilog\/Mat2Array.v",
      "impl\/verilog\/Mat2Array_1.v",
      "impl\/verilog\/Mat2AXIvideo.v",
      "impl\/verilog\/Resize.v",
      "impl\/verilog\/Resize_opr_linear.v",
      "impl\/verilog\/Resize_opr_lineareOg.v",
      "impl\/verilog\/Resize_opr_linearfYi.v",
      "impl\/verilog\/start_for_AbsDiffocq.v",
      "impl\/verilog\/start_for_CvtCololbW.v",
      "impl\/verilog\/start_for_Duplicamb6.v",
      "impl\/verilog\/start_for_Mat2Arrncg.v",
      "impl\/verilog\/start_for_Mat2AXIqcK.v",
      "impl\/verilog\/start_for_Resize_U0.v",
      "impl\/verilog\/start_for_ThreshopcA.v",
      "impl\/verilog\/Threshold.v",
      "impl\/verilog\/DVS.v"
    ],
    "Misc": ["impl\/misc\/logo.png"]
  },
  "SubcoreInfo": {
    "HasXpmMemory": false,
    "HasClockedDsp": false,
    "IP": []
  },
  "Interfaces": {
    "INPUT_STREAM": {
      "type": "axi4stream",
      "mode": "slave",
      "port_prefix": "INPUT_STREAM",
      "has_tready": "1",
      "ctype": {
        "TDATA": {
          "Type": "integer unsigned",
          "Width": "24"
        },
        "TKEEP": {
          "Type": "integer unsigned",
          "Width": "3"
        },
        "TSTRB": {
          "Type": "integer unsigned",
          "Width": "3"
        },
        "TUSER": {
          "Type": "integer unsigned",
          "Width": "1"
        },
        "TLAST": {
          "Type": "integer unsigned",
          "Width": "1"
        },
        "TID": {
          "Type": "integer unsigned",
          "Width": "1"
        },
        "TDEST": {
          "Type": "integer unsigned",
          "Width": "1"
        },
        "TVALID": {"Type": "bool"},
        "TREADY": {"Type": "bool"}
      },
      "port_width": {
        "TDATA": "24",
        "TDEST": "1",
        "TID": "1",
        "TKEEP": "3",
        "TLAST": "1",
        "TSTRB": "3",
        "TUSER": "1"
      }
    },
    "OUTPUT_STREAM": {
      "type": "axi4stream",
      "mode": "master",
      "port_prefix": "OUTPUT_STREAM",
      "has_tready": "1",
      "ctype": {
        "TDATA": {
          "Type": "integer unsigned",
          "Width": "24"
        },
        "TKEEP": {
          "Type": "integer unsigned",
          "Width": "3"
        },
        "TSTRB": {
          "Type": "integer unsigned",
          "Width": "3"
        },
        "TUSER": {
          "Type": "integer unsigned",
          "Width": "1"
        },
        "TLAST": {
          "Type": "integer unsigned",
          "Width": "1"
        },
        "TID": {
          "Type": "integer unsigned",
          "Width": "1"
        },
        "TDEST": {
          "Type": "integer unsigned",
          "Width": "1"
        },
        "TVALID": {"Type": "bool"},
        "TREADY": {"Type": "bool"}
      },
      "port_width": {
        "TDATA": "24",
        "TDEST": "1",
        "TID": "1",
        "TKEEP": "3",
        "TLAST": "1",
        "TSTRB": "3",
        "TUSER": "1"
      }
    },
    "ap_clk": {
      "type": "clock",
      "ctype": {"CLK": {"Type": "bool"}},
      "buses": "INPUT_STREAM OUTPUT_STREAM",
      "reset": "ap_rst_n"
    },
    "ap_ctrl": {
      "type": "ap_ctrl",
      "ctrl_ports": "ap_start ap_done ap_ready ap_idle",
      "ctype": {
        "start": {"Type": "bool"},
        "done": {"Type": "bool"},
        "ready": {"Type": "bool"},
        "idle": {"Type": "bool"}
      }
    },
    "ap_rst_n": {
      "type": "reset",
      "polarity": "ACTIVE_LOW",
      "ctype": {"RST": {"Type": "bool"}}
    },
    "readImage": {
      "type": "native_bram",
      "is_adaptor": "true",
      "mode": "master",
      "port_prefix": "readImage",
      "mem_width": "8",
      "mem_depth": "409600",
      "mem_ports": "a",
      "addr_width": "32",
      "we_width": "1",
      "master_type": "BRAM_CTRL",
      "ctype": {
        "EN": {"Type": "bool"},
        "CLK": {"Type": "bool"},
        "RST": {"Type": "bool"},
        "ADDR": {
          "Type": "integer unsigned",
          "Width": "32"
        },
        "DIN": {
          "Type": "integer unsigned",
          "Width": "8"
        },
        "DOUT": {
          "Type": "integer unsigned",
          "Width": "8"
        },
        "WE": {
          "Type": "integer unsigned",
          "Width": "1"
        }
      }
    },
    "writeImage": {
      "type": "native_bram",
      "is_adaptor": "true",
      "mode": "master",
      "port_prefix": "writeImage",
      "mem_width": "8",
      "mem_depth": "409600",
      "mem_ports": "a",
      "addr_width": "32",
      "we_width": "1",
      "master_type": "BRAM_CTRL",
      "ctype": {
        "EN": {"Type": "bool"},
        "CLK": {"Type": "bool"},
        "RST": {"Type": "bool"},
        "ADDR": {
          "Type": "integer unsigned",
          "Width": "32"
        },
        "DIN": {
          "Type": "integer unsigned",
          "Width": "8"
        },
        "DOUT": {
          "Type": "integer unsigned",
          "Width": "8"
        },
        "WE": {
          "Type": "integer unsigned",
          "Width": "1"
        }
      }
    }
  },
  "RtlPorts": {
    "INPUT_STREAM_TDATA": {
      "dir": "in",
      "width": "24"
    },
    "INPUT_STREAM_TKEEP": {
      "dir": "in",
      "width": "3"
    },
    "INPUT_STREAM_TSTRB": {
      "dir": "in",
      "width": "3"
    },
    "INPUT_STREAM_TUSER": {
      "dir": "in",
      "width": "1",
      "isVector": "true"
    },
    "INPUT_STREAM_TLAST": {
      "dir": "in",
      "width": "1",
      "isVector": "true"
    },
    "INPUT_STREAM_TID": {
      "dir": "in",
      "width": "1",
      "isVector": "true"
    },
    "INPUT_STREAM_TDEST": {
      "dir": "in",
      "width": "1",
      "isVector": "true"
    },
    "INPUT_STREAM_TVALID": {
      "dir": "in",
      "width": "1"
    },
    "INPUT_STREAM_TREADY": {
      "dir": "out",
      "width": "1"
    },
    "OUTPUT_STREAM_TDATA": {
      "dir": "out",
      "width": "24"
    },
    "OUTPUT_STREAM_TKEEP": {
      "dir": "out",
      "width": "3"
    },
    "OUTPUT_STREAM_TSTRB": {
      "dir": "out",
      "width": "3"
    },
    "OUTPUT_STREAM_TUSER": {
      "dir": "out",
      "width": "1",
      "isVector": "true"
    },
    "OUTPUT_STREAM_TLAST": {
      "dir": "out",
      "width": "1",
      "isVector": "true"
    },
    "OUTPUT_STREAM_TID": {
      "dir": "out",
      "width": "1",
      "isVector": "true"
    },
    "OUTPUT_STREAM_TDEST": {
      "dir": "out",
      "width": "1",
      "isVector": "true"
    },
    "OUTPUT_STREAM_TVALID": {
      "dir": "out",
      "width": "1"
    },
    "OUTPUT_STREAM_TREADY": {
      "dir": "in",
      "width": "1"
    },
    "readImage_Addr_A": {
      "dir": "out",
      "width": "32"
    },
    "readImage_EN_A": {
      "dir": "out",
      "width": "1"
    },
    "readImage_Din_A": {
      "dir": "out",
      "width": "8"
    },
    "readImage_Dout_A": {
      "dir": "in",
      "width": "8"
    },
    "readImage_WEN_A": {
      "dir": "out",
      "width": "1"
    },
    "readImage_Clk_A": {
      "dir": "out",
      "width": "1"
    },
    "readImage_Rst_A": {
      "dir": "out",
      "width": "1"
    },
    "ap_clk": {
      "dir": "in",
      "width": "1"
    },
    "ap_rst_n": {
      "dir": "in",
      "width": "1"
    },
    "ap_start": {
      "dir": "in",
      "width": "1"
    },
    "ap_done": {
      "dir": "out",
      "width": "1"
    },
    "ap_ready": {
      "dir": "out",
      "width": "1"
    },
    "ap_idle": {
      "dir": "out",
      "width": "1"
    },
    "writeImage_Addr_A": {
      "dir": "out",
      "width": "32"
    },
    "writeImage_EN_A": {
      "dir": "out",
      "width": "1"
    },
    "writeImage_Din_A": {
      "dir": "out",
      "width": "8"
    },
    "writeImage_Dout_A": {
      "dir": "in",
      "width": "8"
    },
    "writeImage_WEN_A": {
      "dir": "out",
      "width": "1"
    },
    "writeImage_Clk_A": {
      "dir": "out",
      "width": "1"
    },
    "writeImage_Rst_A": {
      "dir": "out",
      "width": "1"
    }
  },
  "CPorts": {
    "INPUT_STREAM_V_data_V": {
      "interfaceRef": "INPUT_STREAM",
      "dir": "in"
    },
    "INPUT_STREAM_V_keep_V": {
      "interfaceRef": "INPUT_STREAM",
      "dir": "in"
    },
    "INPUT_STREAM_V_strb_V": {
      "interfaceRef": "INPUT_STREAM",
      "dir": "in"
    },
    "INPUT_STREAM_V_user_V": {
      "interfaceRef": "INPUT_STREAM",
      "dir": "in"
    },
    "INPUT_STREAM_V_last_V": {
      "interfaceRef": "INPUT_STREAM",
      "dir": "in"
    },
    "INPUT_STREAM_V_id_V": {
      "interfaceRef": "INPUT_STREAM",
      "dir": "in"
    },
    "INPUT_STREAM_V_dest_V": {
      "interfaceRef": "INPUT_STREAM",
      "dir": "in"
    },
    "OUTPUT_STREAM_V_data_V": {
      "interfaceRef": "OUTPUT_STREAM",
      "dir": "out",
      "firstOutLatency": "3"
    },
    "OUTPUT_STREAM_V_keep_V": {
      "interfaceRef": "OUTPUT_STREAM",
      "dir": "out",
      "firstOutLatency": "3"
    },
    "OUTPUT_STREAM_V_strb_V": {
      "interfaceRef": "OUTPUT_STREAM",
      "dir": "out",
      "firstOutLatency": "3"
    },
    "OUTPUT_STREAM_V_user_V": {
      "interfaceRef": "OUTPUT_STREAM",
      "dir": "out",
      "firstOutLatency": "3"
    },
    "OUTPUT_STREAM_V_last_V": {
      "interfaceRef": "OUTPUT_STREAM",
      "dir": "out",
      "firstOutLatency": "3"
    },
    "OUTPUT_STREAM_V_id_V": {
      "interfaceRef": "OUTPUT_STREAM",
      "dir": "out",
      "firstOutLatency": "3"
    },
    "OUTPUT_STREAM_V_dest_V": {
      "interfaceRef": "OUTPUT_STREAM",
      "dir": "out",
      "firstOutLatency": "3"
    },
    "readImage": {
      "interfaceRef": "readImage",
      "dir": "inout"
    },
    "ap_ctrl": {
      "interfaceRef": "ap_ctrl",
      "dir": "out"
    },
    "writeImage": {
      "interfaceRef": "writeImage",
      "dir": "inout"
    }
  },
  "ModuleInfo": {
    "Hierarchy": {
      "ModuleName": "DVS",
      "Instances": [
        {
          "ModuleName": "Resize",
          "InstanceName": "Resize_U0",
          "Instances": [{
              "ModuleName": "Resize_opr_linear",
              "InstanceName": "grp_Resize_opr_linear_fu_128"
            }]
        },
        {
          "ModuleName": "AXIvideo2Mat",
          "InstanceName": "AXIvideo2Mat_U0"
        },
        {
          "ModuleName": "CvtColor",
          "InstanceName": "CvtColor_U0"
        },
        {
          "ModuleName": "Array2Mat_1",
          "InstanceName": "Array2Mat_1_U0",
          "Instances": [{
              "ModuleName": "Array2Mat",
              "InstanceName": "grp_Array2Mat_fu_38"
            }]
        },
        {
          "ModuleName": "Mat2Array_1",
          "InstanceName": "Mat2Array_1_U0",
          "Instances": [{
              "ModuleName": "Mat2Array",
              "InstanceName": "grp_Mat2Array_fu_38"
            }]
        },
        {
          "ModuleName": "AbsDiff",
          "InstanceName": "AbsDiff_U0"
        },
        {
          "ModuleName": "Mat2AXIvideo",
          "InstanceName": "Mat2AXIvideo_U0"
        },
        {
          "ModuleName": "Duplicate",
          "InstanceName": "Duplicate_U0"
        },
        {
          "ModuleName": "Threshold",
          "InstanceName": "Threshold_U0"
        },
        {
          "ModuleName": "Block_proc",
          "InstanceName": "Block_proc_U0"
        }
      ]
    },
    "Metrics": {
      "Block_proc": {
        "Latency": {
          "LatencyBest": "0",
          "LatencyAvg": "0",
          "LatencyWorst": "0",
          "PipelineII": "0",
          "PipelineDepth": "",
          "PipelineType": "none"
        },
        "Timing": {
          "Target": "10.00",
          "Uncertainty": "1.25",
          "Estimate": "3.63"
        },
        "Area": {
          "FF": "2",
          "LUT": "53",
          "BRAM_18K": "0",
          "DSP48E": "0"
        }
      },
      "AXIvideo2Mat": {
        "Latency": {
          "LatencyBest": "3",
          "LatencyAvg": "",
          "LatencyWorst": "926643",
          "PipelineIIMin": "3",
          "PipelineIIMax": "926643",
          "PipelineII": "3 ~ 926643",
          "PipelineDepth": "",
          "PipelineType": "none"
        },
        "Timing": {
          "Target": "10.00",
          "Uncertainty": "1.25",
          "Estimate": "7.27"
        },
        "Loops": [
          {
            "Name": "loop_wait_for_start",
            "TripCount": "0",
            "Latency": "0",
            "PipelineII": "1",
            "PipelineDepth": "1"
          },
          {
            "Name": "loop_height",
            "TripCount": "",
            "LatencyMin": "0",
            "LatencyMax": "926640",
            "Latency": "0 ~ 926640",
            "PipelineII": "",
            "PipelineDepthMin": "7",
            "PipelineDepthMax": "1287",
            "PipelineDepth": "7 ~ 1287",
            "Loops": [
              {
                "Name": "loop_width",
                "TripCount": "",
                "LatencyMin": "1",
                "LatencyMax": "1281",
                "Latency": "1 ~ 1281",
                "PipelineII": "1",
                "PipelineDepth": "2"
              },
              {
                "Name": "loop_wait_for_eol",
                "TripCount": "0",
                "Latency": "1",
                "PipelineII": "1",
                "PipelineDepth": "2"
              }
            ]
          }
        ],
        "Area": {
          "FF": "239",
          "LUT": "590",
          "BRAM_18K": "0",
          "DSP48E": "0"
        }
      },
      "CvtColor": {
        "Latency": {
          "LatencyBest": "1",
          "LatencyAvg": "",
          "LatencyWorst": "925921",
          "PipelineIIMin": "1",
          "PipelineIIMax": "925921",
          "PipelineII": "1 ~ 925921",
          "PipelineDepth": "",
          "PipelineType": "none"
        },
        "Timing": {
          "Target": "10.00",
          "Uncertainty": "1.25",
          "Estimate": "9.40"
        },
        "Loops": [{
            "Name": "loop_height",
            "TripCount": "",
            "LatencyMin": "0",
            "LatencyMax": "925920",
            "Latency": "0 ~ 925920",
            "PipelineII": "",
            "PipelineDepthMin": "3",
            "PipelineDepthMax": "1286",
            "PipelineDepth": "3 ~ 1286",
            "Loops": [{
                "Name": "loop_width",
                "TripCount": "",
                "LatencyMin": "0",
                "LatencyMax": "1283",
                "Latency": "0 ~ 1283",
                "PipelineII": "1",
                "PipelineDepth": "5"
              }]
          }],
        "Area": {
          "BRAM_18K": "0",
          "DSP48E": "3",
          "FF": "238",
          "LUT": "315"
        }
      },
      "Resize_opr_linear": {
        "Latency": {
          "LatencyBest": "951169",
          "LatencyAvg": "951169",
          "LatencyWorst": "951169",
          "PipelineII": "951169",
          "PipelineDepth": "",
          "PipelineType": "none"
        },
        "Timing": {
          "Target": "10.00",
          "Uncertainty": "1.25",
          "Estimate": "8.58"
        },
        "Loops": [{
            "Name": "Loop 1",
            "TripCount": "720",
            "Latency": "951120",
            "PipelineII": "",
            "PipelineDepth": "1321",
            "Loops": [{
                "Name": "Loop 1.1",
                "TripCount": "1280",
                "Latency": "1318",
                "PipelineII": "1",
                "PipelineDepth": "40"
              }]
          }],
        "Area": {
          "BRAM_18K": "2",
          "DSP48E": "22",
          "FF": "8380",
          "LUT": "6973"
        }
      },
      "Resize": {
        "Latency": {
          "LatencyBest": "951170",
          "LatencyAvg": "951170",
          "LatencyWorst": "951170",
          "PipelineII": "951170",
          "PipelineDepth": "",
          "PipelineType": "none"
        },
        "Timing": {
          "Target": "10.00",
          "Uncertainty": "1.25",
          "Estimate": "8.58"
        },
        "Area": {
          "BRAM_18K": "2",
          "DSP48E": "22",
          "FF": "8407",
          "LUT": "7068"
        }
      },
      "Duplicate": {
        "Latency": {
          "LatencyBest": "1",
          "LatencyAvg": "",
          "LatencyWorst": "411521",
          "PipelineIIMin": "1",
          "PipelineIIMax": "411521",
          "PipelineII": "1 ~ 411521",
          "PipelineDepth": "",
          "PipelineType": "none"
        },
        "Timing": {
          "Target": "10.00",
          "Uncertainty": "1.25",
          "Estimate": "7.27"
        },
        "Loops": [{
            "Name": "loop_height",
            "TripCount": "",
            "LatencyMin": "0",
            "LatencyMax": "411520",
            "Latency": "0 ~ 411520",
            "PipelineII": "",
            "PipelineDepthMin": "3",
            "PipelineDepthMax": "643",
            "PipelineDepth": "3 ~ 643",
            "Loops": [{
                "Name": "loop_width",
                "TripCount": "",
                "LatencyMin": "0",
                "LatencyMax": "640",
                "Latency": "0 ~ 640",
                "PipelineII": "1",
                "PipelineDepth": "2"
              }]
          }],
        "Area": {
          "FF": "61",
          "LUT": "223",
          "BRAM_18K": "0",
          "DSP48E": "0"
        }
      },
      "Array2Mat": {
        "Latency": {
          "LatencyBest": "411521",
          "LatencyAvg": "411521",
          "LatencyWorst": "411521",
          "PipelineII": "411521",
          "PipelineDepth": "",
          "PipelineType": "none"
        },
        "Timing": {
          "Target": "10.00",
          "Uncertainty": "1.25",
          "Estimate": "7.53"
        },
        "Loops": [{
            "Name": "loop_pixel",
            "TripCount": "640",
            "Latency": "411520",
            "PipelineII": "",
            "PipelineDepth": "643",
            "Loops": [{
                "Name": "loop_pixel.1",
                "TripCount": "640",
                "Latency": "640",
                "PipelineII": "1",
                "PipelineDepth": "2"
              }]
          }],
        "Area": {
          "FF": "57",
          "LUT": "212",
          "BRAM_18K": "0",
          "DSP48E": "0"
        }
      },
      "Array2Mat_1": {
        "Latency": {
          "LatencyBest": "411522",
          "LatencyAvg": "411522",
          "LatencyWorst": "411522",
          "PipelineII": "411522",
          "PipelineDepth": "",
          "PipelineType": "none"
        },
        "Timing": {
          "Target": "10.00",
          "Uncertainty": "1.25",
          "Estimate": "7.53"
        },
        "Area": {
          "FF": "62",
          "LUT": "262",
          "BRAM_18K": "0",
          "DSP48E": "0"
        }
      },
      "Mat2Array": {
        "Latency": {
          "LatencyBest": "411521",
          "LatencyAvg": "411521",
          "LatencyWorst": "411521",
          "PipelineII": "411521",
          "PipelineDepth": "",
          "PipelineType": "none"
        },
        "Timing": {
          "Target": "10.00",
          "Uncertainty": "1.25",
          "Estimate": "6.89"
        },
        "Loops": [{
            "Name": "loop_pixel",
            "TripCount": "640",
            "Latency": "411520",
            "PipelineII": "",
            "PipelineDepth": "643",
            "Loops": [{
                "Name": "loop_pixel.1",
                "TripCount": "640",
                "Latency": "640",
                "PipelineII": "1",
                "PipelineDepth": "2"
              }]
          }],
        "Area": {
          "FF": "76",
          "LUT": "212",
          "BRAM_18K": "0",
          "DSP48E": "0"
        }
      },
      "Mat2Array_1": {
        "Latency": {
          "LatencyBest": "411522",
          "LatencyAvg": "411522",
          "LatencyWorst": "411522",
          "PipelineII": "411522",
          "PipelineDepth": "",
          "PipelineType": "none"
        },
        "Timing": {
          "Target": "10.00",
          "Uncertainty": "1.25",
          "Estimate": "6.89"
        },
        "Area": {
          "FF": "80",
          "LUT": "253",
          "BRAM_18K": "0",
          "DSP48E": "0"
        }
      },
      "AbsDiff": {
        "Latency": {
          "LatencyBest": "412161",
          "LatencyAvg": "412161",
          "LatencyWorst": "412161",
          "PipelineII": "412161",
          "PipelineDepth": "",
          "PipelineType": "none"
        },
        "Timing": {
          "Target": "10.00",
          "Uncertainty": "1.25",
          "Estimate": "8.29"
        },
        "Loops": [{
            "Name": "loop_height",
            "TripCount": "640",
            "Latency": "412160",
            "PipelineII": "",
            "PipelineDepth": "644",
            "Loops": [{
                "Name": "loop_width",
                "TripCount": "640",
                "Latency": "641",
                "PipelineII": "1",
                "PipelineDepth": "3"
              }]
          }],
        "Area": {
          "FF": "49",
          "LUT": "276",
          "BRAM_18K": "0",
          "DSP48E": "0"
        }
      },
      "Threshold": {
        "Latency": {
          "LatencyBest": "412161",
          "LatencyAvg": "412161",
          "LatencyWorst": "412161",
          "PipelineII": "412161",
          "PipelineDepth": "",
          "PipelineType": "none"
        },
        "Timing": {
          "Target": "10.00",
          "Uncertainty": "1.25",
          "Estimate": "5.18"
        },
        "Loops": [{
            "Name": "loop_height",
            "TripCount": "640",
            "Latency": "412160",
            "PipelineII": "",
            "PipelineDepth": "644",
            "Loops": [{
                "Name": "loop_width",
                "TripCount": "640",
                "Latency": "641",
                "PipelineII": "1",
                "PipelineDepth": "3"
              }]
          }],
        "Area": {
          "FF": "42",
          "LUT": "220",
          "BRAM_18K": "0",
          "DSP48E": "0"
        }
      },
      "Mat2AXIvideo": {
        "Latency": {
          "LatencyBest": "412161",
          "LatencyAvg": "412161",
          "LatencyWorst": "412161",
          "PipelineII": "412161",
          "PipelineDepth": "",
          "PipelineType": "none"
        },
        "Timing": {
          "Target": "10.00",
          "Uncertainty": "1.25",
          "Estimate": "3.63"
        },
        "Loops": [{
            "Name": "loop_height",
            "TripCount": "640",
            "Latency": "412160",
            "PipelineII": "",
            "PipelineDepth": "644",
            "Loops": [{
                "Name": "loop_width",
                "TripCount": "640",
                "Latency": "641",
                "PipelineII": "1",
                "PipelineDepth": "3"
              }]
          }],
        "Area": {
          "FF": "118",
          "LUT": "439",
          "BRAM_18K": "0",
          "DSP48E": "0"
        }
      },
      "DVS": {
        "Latency": {
          "LatencyBest": "951171",
          "LatencyAvg": "",
          "LatencyWorst": "951171",
          "PipelineII": "951171",
          "PipelineDepth": "",
          "PipelineType": "dataflow"
        },
        "Timing": {
          "Target": "10.00",
          "Uncertainty": "1.25",
          "Estimate": "9.40"
        },
        "Area": {
          "BRAM_18K": "2",
          "DSP48E": "25",
          "FF": "9394",
          "LUT": "10197"
        }
      }
    }
  },
  "GenData": {
    "DataVersion": "0.1",
    "Time": "2020-03-04 09:36:05 +0000",
    "ToolName": "vivado_hls",
    "ToolVersion": "2017.4"
  }
}
